id,game_id,team_id,field_pos,batt_ord,start
burdj101,ELI187304280,UMP,ump_hp,,t
fergb101,ELI187305060,UMP,ump_hp,,t
millc104,ELI187305200,UMP,ump_hp,,t
millc104,ELI187305270,UMP,ump_hp,,t
fergb101,ELI187306040,UMP,ump_hp,,t
swanm101,ELI187306120,UMP,ump_hp,,t
remsj101,ELI187307160,UMP,ump_hp,,t
dehlh101,ELI187307230,UMP,ump_hp,,t
malof101,ELI187304280,PH2,manager,,t
mcvec101,ELI187305060,BL1,manager,,t
malof101,ELI187305200,PH2,manager,,t
mcbrd101,ELI187305270,PH1,manager,,t
mcbrd101,ELI187305270,PH1,1,,t
wrigh101,ELI187306040,BS1,manager,,t
wrigh101,ELI187306120,BS1,manager,,t
hatfj101,ELI187307160,NY2,manager,,t
caret101,ELI187307230,BL1,manager,,t
allid101,ELI187304280,ELI,manager,,t
allid101,ELI187305060,ELI,manager,,t
allid101,ELI187305200,ELI,manager,,t
allid101,ELI187305270,ELI,manager,,t
allid101,ELI187306040,ELI,manager,,t
allid101,ELI187306120,ELI,manager,,t
allid101,ELI187307160,ELI,manager,,t
allid101,ELI187307230,ELI,manager,,t
zettg101,ELI187304280,PH2,1,,t
cummc101,ELI187305060,BL1,1,,t
zettg101,ELI187305200,PH2,1,,t
spala101,ELI187306040,BS1,1,,t
spala101,ELI187306120,BS1,1,,t
mathb101,ELI187307160,NY2,1,,t
cummc101,ELI187307230,BL1,1,,t
woltr101,ELI187304280,ELI,1,,t
camph101,ELI187305060,ELI,1,,t
camph101,ELI187305200,ELI,1,,t
camph101,ELI187305270,ELI,1,,t
camph101,ELI187306040,ELI,1,,t
camph101,ELI187306120,ELI,1,,t
camph101,ELI187307160,ELI,1,,t
fleef101,ELI187307230,ELI,1,,t
