id,game_id,team_id,field_pos,batt_ord,start
mcquj902,CIN189104220,UMP,ump_hp,,t
hurst801,PHI189104220,UMP,ump_hp,,t
powep101,PIT189104220,UMP,ump_hp,,t
mcquj902,CIN189104230,UMP,ump_hp,,t
hurst801,PHI189104230,UMP,ump_hp,,t
powep101,PIT189104230,UMP,ump_hp,,t
mcquj902,CIN189104240,UMP,ump_hp,,t
hurst801,PHI189104240,UMP,ump_hp,,t
powep101,PIT189104240,UMP,ump_hp,,t
mcquj902,CIN189104250,UMP,ump_hp,,t
hurst801,PHI189104250,UMP,ump_hp,,t
powep101,PIT189104250,UMP,ump_hp,,t
hurst801,BSN189104270,UMP,ump_hp,,t
lynct901,BRO189104270,UMP,ump_hp,,t
powep101,CIN189104270,UMP,ump_hp,,t
mcquj902,PIT189104270,UMP,ump_hp,,t
hurst801,BSN189104280,UMP,ump_hp,,t
lynct901,BRO189104280,UMP,ump_hp,,t
powep101,CIN189104280,UMP,ump_hp,,t
mcquj902,PIT189104280,UMP,ump_hp,,t
hurst801,BSN189104290,UMP,ump_hp,,t
powep101,CIN189104290,UMP,ump_hp,,t
mcquj902,PIT189104290,UMP,ump_hp,,t
hurst801,BSN189104300,UMP,ump_hp,,t
powep101,CIN189104300,UMP,ump_hp,,t
mcquj902,PIT189104300,UMP,ump_hp,,t
lynct901,BRO189105010,UMP,ump_hp,,t
mcquj902,CHN189105010,UMP,ump_hp,,t
hurst801,PHI189105010,UMP,ump_hp,,t
lynct901,BRO189105020,UMP,ump_hp,,t
hurst801,PHI189105020,UMP,ump_hp,,t
lynct901,BRO189105040,UMP,ump_hp,,t
mcquj902,CHN189105040,UMP,ump_hp,,t
hurst801,PHI189105040,UMP,ump_hp,,t
lynct901,BRO189105050,UMP,ump_hp,,t
mcquj902,CHN189105050,UMP,ump_hp,,t
hurst801,PHI189105050,UMP,ump_hp,,t
hurst801,BSN189105060,UMP,ump_hp,,t
lynct901,BRO189105060,UMP,ump_hp,,t
powep101,CHN189105060,UMP,ump_hp,,t
mcquj902,CIN189105060,UMP,ump_hp,,t
hurst801,BSN189105070,UMP,ump_hp,,t
lynct901,BRO189105070,UMP,ump_hp,,t
powep101,CHN189105070,UMP,ump_hp,,t
mcquj902,CIN189105070,UMP,ump_hp,,t
hurst801,BSN189105080,UMP,ump_hp,,t
lynct901,BRO189105080,UMP,ump_hp,,t
powep101,CHN189105080,UMP,ump_hp,,t
mcquj902,CIN189105080,UMP,ump_hp,,t
hurst801,BSN189105090,UMP,ump_hp,,t
lynct901,BRO189105090,UMP,ump_hp,,t
powep101,CHN189105090,UMP,ump_hp,,t
mcquj902,CIN189105090,UMP,ump_hp,,t
powep101,CHN189105110,UMP,ump_hp,,t
mcquj902,CIN189105110,UMP,ump_hp,,t
hurst801,PIT189105110,UMP,ump_hp,,t
powep101,CHN189105120,UMP,ump_hp,,t
mcquj902,CIN189105120,UMP,ump_hp,,t
hurst801,PIT189105120,UMP,ump_hp,,t
powep101,CHN189105130,UMP,ump_hp,,t
mcquj902,CIN189105130,UMP,ump_hp,,t
hurst801,PIT189105130,UMP,ump_hp,,t
powep101,CHN189105140,UMP,ump_hp,,t
mcquj902,CIN189105140,UMP,ump_hp,,t
hurst801,PIT189105140,UMP,ump_hp,,t
mcquj902,CHN189105150,UMP,ump_hp,,t
powep101,CIN189105150,UMP,ump_hp,,t
hurst801,PIT189105150,UMP,ump_hp,,t
mcquj902,CHN189105160,UMP,ump_hp,,t
powep101,CIN189105160,UMP,ump_hp,,t
hurst801,PIT189105160,UMP,ump_hp,,t
mcquj902,CHN189105180,UMP,ump_hp,,t
powep101,CIN189105180,UMP,ump_hp,,t
hurst801,PIT189105180,UMP,ump_hp,,t
mcquj902,CHN189105190,UMP,ump_hp,,t
powep101,CIN189105190,UMP,ump_hp,,t
hurst801,PIT189105190,UMP,ump_hp,,t
lynct901,CHN189105200,UMP,ump_hp,,t
mcquj902,PIT189105200,UMP,ump_hp,,t
lynct901,CHN189105210,UMP,ump_hp,,t
hurst801,CIN189105210,UMP,ump_hp,,t
mcquj902,PIT189105210,UMP,ump_hp,,t
hurst801,CIN189105220,UMP,ump_hp,,t
lynct901,CHN189105230,UMP,ump_hp,,t
hurst801,CIN189105230,UMP,ump_hp,,t
hurst801,CIN189105250,UMP,ump_hp,,t
mcquj902,PIT189105250,UMP,ump_hp,,t
powep101,CHN189105260,UMP,ump_hp,,t
hurst801,CIN189105260,UMP,ump_hp,,t
mcquj902,PIT189105260,UMP,ump_hp,,t
powep101,CHN189105270,UMP,ump_hp,,t
hurst801,CIN189105270,UMP,ump_hp,,t
mcquj902,PIT189105270,UMP,ump_hp,,t
powep101,CHN189105280,UMP,ump_hp,,t
hurst801,CIN189105280,UMP,ump_hp,,t
mcquj902,BSN189105301,UMP,ump_hp,,t
mcquj902,BSN189105302,UMP,ump_hp,,t
lynct901,BRO189105301,UMP,ump_hp,,t
lynct901,BRO189105302,UMP,ump_hp,,t
hurst801,PHI189105301,UMP,ump_hp,,t
hurst801,PHI189105302,UMP,ump_hp,,t
mcquj902,BSN189106010,UMP,ump_hp,,t
lynct901,BRO189106010,UMP,ump_hp,,t
hurst801,PHI189106010,UMP,ump_hp,,t
mcquj902,BSN189106020,UMP,ump_hp,,t
lynct901,BRO189106020,UMP,ump_hp,,t
hurst801,PHI189106020,UMP,ump_hp,,t
morrj107,BSN189106030,UMP,ump_hp,,t
lynct901,BRO189106030,UMP,ump_hp,,t
hurst801,PHI189106030,UMP,ump_hp,,t
morrj107,BSN189106040,UMP,ump_hp,,t
lynct901,BRO189106040,UMP,ump_hp,,t
hurst801,PHI189106040,UMP,ump_hp,,t
mcquj902,BSN189106050,UMP,ump_hp,,t
lynct901,BRO189106050,UMP,ump_hp,,t
hurst801,PHI189106050,UMP,ump_hp,,t
mcquj902,BSN189106060,UMP,ump_hp,,t
lynct901,BRO189106060,UMP,ump_hp,,t
hurst801,PHI189106060,UMP,ump_hp,,t
powep101,BSN189106080,UMP,ump_hp,,t
mcquj902,BRO189106080,UMP,ump_hp,,t
lynct901,PHI189106080,UMP,ump_hp,,t
powep101,BSN189106090,UMP,ump_hp,,t
hurst801,BRO189106090,UMP,ump_hp,,t
lynct901,PHI189106090,UMP,ump_hp,,t
powep101,BSN189106100,UMP,ump_hp,,t
mcquj902,BRO189106100,UMP,ump_hp,,t
lynct901,PHI189106100,UMP,ump_hp,,t
hurst801,BSN189106110,UMP,ump_hp,,t
mcquj902,BRO189106110,UMP,ump_hp,,t
lynct901,PHI189106110,UMP,ump_hp,,t
hurst801,BSN189106120,UMP,ump_hp,,t
mcquj902,BRO189106120,UMP,ump_hp,,t
lynct901,PHI189106120,UMP,ump_hp,,t
hurst801,BSN189106130,UMP,ump_hp,,t
mcquj902,BRO189106130,UMP,ump_hp,,t
lynct901,PHI189106130,UMP,ump_hp,,t
hurst801,BSN189106150,UMP,ump_hp,,t
mcquj902,BRO189106150,UMP,ump_hp,,t
lynct901,PHI189106150,UMP,ump_hp,,t
hurst801,BSN189106160,UMP,ump_hp,,t
mcquj902,BRO189106160,UMP,ump_hp,,t
lynct901,PHI189106160,UMP,ump_hp,,t
mcquj902,BSN189106171,UMP,ump_hp,,t
mcquj902,BSN189106172,UMP,ump_hp,,t
battj102,PIT189106180,UMP,ump_hp,,t
mcquj902,BSN189106190,UMP,ump_hp,,t
mcquj902,BSN189106200,UMP,ump_hp,,t
battj102,PIT189106200,UMP,ump_hp,,t
mcquj902,BRO189106220,UMP,ump_hp,,t
hurst801,PHI189106220,UMP,ump_hp,,t
battj102,PIT189106220,UMP,ump_hp,,t
mcquj902,BRO189106230,UMP,ump_hp,,t
lynct901,CHN189106230,UMP,ump_hp,,t
hurst801,PHI189106230,UMP,ump_hp,,t
lynct901,CHN189106240,UMP,ump_hp,,t
hurst801,PHI189106240,UMP,ump_hp,,t
lynct901,CHN189106250,UMP,ump_hp,,t
hurst801,PHI189106250,UMP,ump_hp,,t
lynct901,CHN189106260,UMP,ump_hp,,t
hurst801,PHI189106260,UMP,ump_hp,,t
lynct901,CHN189106270,UMP,ump_hp,,t
battj102,CIN189106270,UMP,ump_hp,,t
hurst801,PHI189106270,UMP,ump_hp,,t
lynct901,CHN189106290,UMP,ump_hp,,t
battj102,CIN189106290,UMP,ump_hp,,t
hurst801,PHI189106290,UMP,ump_hp,,t
mcquj902,BRO189106300,UMP,ump_hp,,t
lynct901,CHN189106300,UMP,ump_hp,,t
battj102,CIN189106300,UMP,ump_hp,,t
hurst801,PHI189106300,UMP,ump_hp,,t
mcquj902,BRO189107010,UMP,ump_hp,,t
lynct901,CHN189107010,UMP,ump_hp,,t
battj102,CIN189107010,UMP,ump_hp,,t
hurst801,PHI189107010,UMP,ump_hp,,t
mcquj902,BRO189107020,UMP,ump_hp,,t
lynct901,CHN189107020,UMP,ump_hp,,t
battj102,CIN189107020,UMP,ump_hp,,t
powep101,CHN189107030,UMP,ump_hp,,t
battj102,CIN189107030,UMP,ump_hp,,t
battj102,CHN189107041,UMP,ump_hp,,t
powep101,CHN189107042,UMP,ump_hp,,t
mcquj902,CIN189107041,UMP,ump_hp,,t
mcquj902,CIN189107042,UMP,ump_hp,,t
lynct901,PIT189107041,UMP,ump_hp,,t
lynct901,PIT189107042,UMP,ump_hp,,t
powep101,CHN189107060,UMP,ump_hp,,t
mcquj902,CIN189107060,UMP,ump_hp,,t
lynct901,PIT189107060,UMP,ump_hp,,t
battj102,CHN189107070,UMP,ump_hp,,t
battj102,CHN189107080,UMP,ump_hp,,t
mcquj902,CIN189107080,UMP,ump_hp,,t
lynct901,PIT189107080,UMP,ump_hp,,t
battj102,CHN189107090,UMP,ump_hp,,t
mcquj902,CIN189107090,UMP,ump_hp,,t
lynct901,PIT189107090,UMP,ump_hp,,t
battj102,CHN189107100,UMP,ump_hp,,t
mcquj902,CIN189107100,UMP,ump_hp,,t
lynct901,PIT189107100,UMP,ump_hp,,t
battj102,CHN189107110,UMP,ump_hp,,t
mcquj902,CIN189107110,UMP,ump_hp,,t
lynct901,PIT189107110,UMP,ump_hp,,t
powep101,CHN189107130,UMP,ump_hp,,t
mcquj902,CIN189107130,UMP,ump_hp,,t
lynct901,PIT189107130,UMP,ump_hp,,t
powep101,CHN189107140,UMP,ump_hp,,t
mcquj902,CIN189107140,UMP,ump_hp,,t
powep101,CHN189107150,UMP,ump_hp,,t
mcquj902,CIN189107150,UMP,ump_hp,,t
hurst801,PIT189107150,UMP,ump_hp,,t
battj102,CHN189107160,UMP,ump_hp,,t
mcquj902,CIN189107160,UMP,ump_hp,,t
hurst801,PIT189107161,UMP,ump_hp,,t
hurst801,PIT189107162,UMP,ump_hp,,t
hurst801,PIT189107170,UMP,ump_hp,,t
powep101,BSN189107180,UMP,ump_hp,,t
battj102,BSN189107200,UMP,ump_hp,,t
lynct901,BRO189107200,UMP,ump_hp,,t
hurst801,PIT189107200,UMP,ump_hp,,t
battj102,BSN189107210,UMP,ump_hp,,t
lynct901,BRO189107210,UMP,ump_hp,,t
hurst801,PIT189107210,UMP,ump_hp,,t
morrj107,BSN189107220,UMP,ump_hp,,t
hurst801,CHN189107220,UMP,ump_hp,,t
morrj107,BSN189107230,UMP,ump_hp,,t
hurst801,CHN189107230,UMP,ump_hp,,t
hurst801,CHN189107240,UMP,ump_hp,,t
morrj107,BSN189107250,UMP,ump_hp,,t
lynct901,BRO189107250,UMP,ump_hp,,t
mcquj902,PIT189107250,UMP,ump_hp,,t
morrj107,BSN189107270,UMP,ump_hp,,t
lynct901,BRO189107270,UMP,ump_hp,,t
mcquj902,PIT189107270,UMP,ump_hp,,t
battj102,BSN189107280,UMP,ump_hp,,t
mcquj902,PIT189107280,UMP,ump_hp,,t
lynct901,BRO189107290,UMP,ump_hp,,t
mcquj902,PIT189107290,UMP,ump_hp,,t
hurst801,CIN189107300,UMP,ump_hp,,t
mcquj902,PIT189107300,UMP,ump_hp,,t
hurst801,CIN189107310,UMP,ump_hp,,t
lynct901,PHI189107310,UMP,ump_hp,,t
mcquj902,PIT189107310,UMP,ump_hp,,t
hurst801,CIN189108010,UMP,ump_hp,,t
lynct901,PHI189108010,UMP,ump_hp,,t
mcquj902,PIT189108010,UMP,ump_hp,,t
mcquj902,BSN189108030,UMP,ump_hp,,t
dailc101,BRO189108030,UMP,ump_hp,,t
hurst801,PHI189108030,UMP,ump_hp,,t
mcquj902,BSN189108040,UMP,ump_hp,,t
hurst801,BRO189108040,UMP,ump_hp,,t
lynct901,PHI189108040,UMP,ump_hp,,t
mcquj902,BSN189108050,UMP,ump_hp,,t
hurst801,BRO189108050,UMP,ump_hp,,t
lynct901,PHI189108050,UMP,ump_hp,,t
mcquj902,BSN189108060,UMP,ump_hp,,t
powep101,BRO189108060,UMP,ump_hp,,t
hurst801,PHI189108060,UMP,ump_hp,,t
mcquj902,BSN189108070,UMP,ump_hp,,t
powep101,BRO189108070,UMP,ump_hp,,t
hurst801,PHI189108070,UMP,ump_hp,,t
mcquj902,BSN189108080,UMP,ump_hp,,t
powep101,BRO189108080,UMP,ump_hp,,t
hurst801,PHI189108080,UMP,ump_hp,,t
mcquj902,BSN189108100,UMP,ump_hp,,t
lynct901,BRO189108100,UMP,ump_hp,,t
hurst801,PHI189108100,UMP,ump_hp,,t
mcquj902,BSN189108110,UMP,ump_hp,,t
lynct901,BRO189108110,UMP,ump_hp,,t
hurst801,PHI189108110,UMP,ump_hp,,t
mcquj902,BSN189108120,UMP,ump_hp,,t
hurst801,PHI189108120,UMP,ump_hp,,t
mcquj902,BSN189108130,UMP,ump_hp,,t
powep101,BRO189108130,UMP,ump_hp,,t
hurst801,PHI189108130,UMP,ump_hp,,t
mcquj902,BSN189108140,UMP,ump_hp,,t
lynct901,BRO189108140,UMP,ump_hp,,t
hurst801,PHI189108140,UMP,ump_hp,,t
lynct901,BRO189108150,UMP,ump_hp,,t
hurst801,PHI189108150,UMP,ump_hp,,t
rhinb101,CIN189108170,UMP,ump_hp,,t
mcquj902,PHI189108170,UMP,ump_hp,,t
lynct901,PIT189108170,UMP,ump_hp,,t
powep101,CIN189108180,UMP,ump_hp,,t
lynct901,PIT189108180,UMP,ump_hp,,t
emslb101,CIN189108190,UMP,ump_hp,,t
mcquj902,PHI189108190,UMP,ump_hp,,t
lynct901,PIT189108190,UMP,ump_hp,,t
mcquj902,BRO189108200,UMP,ump_hp,,t
lynct901,CHN189108200,UMP,ump_hp,,t
emslb101,CIN189108200,UMP,ump_hp,,t
hurst801,PHI189108200,UMP,ump_hp,,t
mcquj902,BRO189108210,UMP,ump_hp,,t
lynct901,CHN189108210,UMP,ump_hp,,t
emslb101,CIN189108210,UMP,ump_hp,,t
hurst801,PHI189108210,UMP,ump_hp,,t
mcquj902,BRO189108220,UMP,ump_hp,,t
lynct901,CHN189108220,UMP,ump_hp,,t
emslb101,CIN189108220,UMP,ump_hp,,t
hurst801,PHI189108220,UMP,ump_hp,,t
lynct901,CHN189108240,UMP,ump_hp,,t
emslb101,CIN189108240,UMP,ump_hp,,t
mcquj902,PIT189108240,UMP,ump_hp,,t
lynct901,CHN189108250,UMP,ump_hp,,t
emslb101,CIN189108250,UMP,ump_hp,,t
mcquj902,PIT189108250,UMP,ump_hp,,t
lynct901,CHN189108260,UMP,ump_hp,,t
emslb101,CIN189108260,UMP,ump_hp,,t
mcquj902,PIT189108260,UMP,ump_hp,,t
emslb101,CHN189108270,UMP,ump_hp,,t
lynct901,CIN189108270,UMP,ump_hp,,t
mcquj902,PIT189108270,UMP,ump_hp,,t
emslb101,CHN189108280,UMP,ump_hp,,t
lynct901,CIN189108280,UMP,ump_hp,,t
mcquj902,PIT189108280,UMP,ump_hp,,t
emslb101,CHN189108290,UMP,ump_hp,,t
lynct901,CIN189108290,UMP,ump_hp,,t
mcquj902,PIT189108290,UMP,ump_hp,,t
lynct901,CHN189108310,UMP,ump_hp,,t
hurst801,CIN189108310,UMP,ump_hp,,t
mcquj902,PIT189108310,UMP,ump_hp,,t
lynct901,CHN189109010,UMP,ump_hp,,t
hurst801,CIN189109010,UMP,ump_hp,,t
mcquj902,PIT189109010,UMP,ump_hp,,t
lynct901,CHN189109020,UMP,ump_hp,,t
hurst801,CIN189109020,UMP,ump_hp,,t
mcquj902,PIT189109020,UMP,ump_hp,,t
lynct901,CHN189109030,UMP,ump_hp,,t
hurst801,CIN189109030,UMP,ump_hp,,t
lynct901,CHN189109040,UMP,ump_hp,,t
mcquj902,PIT189109040,UMP,ump_hp,,t
lynct901,CHN189109050,UMP,ump_hp,,t
hurst801,CIN189109050,UMP,ump_hp,,t
mcquj902,PIT189109051,UMP,ump_hp,,t
mcquj902,PIT189109052,UMP,ump_hp,,t
mcquj902,BRO189109071,UMP,ump_hp,,t
mcquj902,BRO189109072,UMP,ump_hp,,t
lynct901,PHI189109071,UMP,ump_hp,,t
lynct901,PHI189109072,UMP,ump_hp,,t
mcquj902,BRO189109080,UMP,ump_hp,,t
hurst801,BSN189109081,UMP,ump_hp,,t
hurst801,BSN189109082,UMP,ump_hp,,t
mcquj902,BRO189109090,UMP,ump_hp,,t
lynct901,PHI189109090,UMP,ump_hp,,t
hurst801,BSN189109091,UMP,ump_hp,,t
hurst801,BSN189109092,UMP,ump_hp,,t
hurst801,BSN189109100,UMP,ump_hp,,t
mcquj902,BRO189109100,UMP,ump_hp,,t
lynct901,PHI189109100,UMP,ump_hp,,t
hurst801,BSN189109110,UMP,ump_hp,,t
mcquj902,BRO189109110,UMP,ump_hp,,t
lynct901,PHI189109110,UMP,ump_hp,,t
hurst801,BSN189109120,UMP,ump_hp,,t
lynct901,PHI189109120,UMP,ump_hp,,t
mcquj902,BRO189109121,UMP,ump_hp,,t
mcquj902,BRO189109122,UMP,ump_hp,,t
gaffj801,BSN189109140,UMP,ump_hp,,t
lynct901,BRO189109140,UMP,ump_hp,,t
emslb101,PHI189109140,UMP,ump_hp,,t
gaffj801,BSN189109150,UMP,ump_hp,,t
emslb101,PHI189109150,UMP,ump_hp,,t
gaffj801,BSN189109160,UMP,ump_hp,,t
lynct901,BRO189109161,UMP,ump_hp,,t
lynct901,BRO189109162,UMP,ump_hp,,t
emslb101,PHI189109161,UMP,ump_hp,,t
emslb101,PHI189109162,UMP,ump_hp,,t
gaffj801,BSN189109170,UMP,ump_hp,,t
lynct901,BRO189109170,UMP,ump_hp,,t
emslb101,PHI189109170,UMP,ump_hp,,t
gaffj801,BSN189109180,UMP,ump_hp,,t
lynct901,BRO189109180,UMP,ump_hp,,t
emslb101,PHI189109180,UMP,ump_hp,,t
lynct901,BRO189109190,UMP,ump_hp,,t
gaffj801,BSN189109191,UMP,ump_hp,,t
gaffj801,BSN189109192,UMP,ump_hp,,t
emslb101,PHI189109191,UMP,ump_hp,,t
emslb101,PHI189109192,UMP,ump_hp,,t
gaffj801,BSN189109210,UMP,ump_hp,,t
emslb101,CIN189109210,UMP,ump_hp,,t
hurst801,PIT189109210,UMP,ump_hp,,t
gaffj801,BSN189109220,UMP,ump_hp,,t
emslb101,CIN189109220,UMP,ump_hp,,t
hurst801,PIT189109220,UMP,ump_hp,,t
emslb101,CIN189109230,UMP,ump_hp,,t
hurst801,PIT189109230,UMP,ump_hp,,t
gaffj801,BSN189109231,UMP,ump_hp,,t
gaffj801,BSN189109232,UMP,ump_hp,,t
gaffj801,BSN189109240,UMP,ump_hp,,t
lynct901,BRO189109240,UMP,ump_hp,,t
mcquj902,CHN189109240,UMP,ump_hp,,t
gaffj801,BSN189109250,UMP,ump_hp,,t
lynct901,BRO189109250,UMP,ump_hp,,t
mcquj902,CHN189109250,UMP,ump_hp,,t
gaffj801,BSN189109260,UMP,ump_hp,,t
mcquj902,CHN189109260,UMP,ump_hp,,t
lynct901,BRO189109261,UMP,ump_hp,,t
carub101,BRO189109262,UMP,ump_hp,,t
lynct901,BSN189109280,UMP,ump_hp,,t
orr-d101,BRO189109280,UMP,ump_hp,,t
hurst801,PIT189109280,UMP,ump_hp,,t
gaffj801,BRO189109290,UMP,ump_hp,,t
hurst801,PIT189109290,UMP,ump_hp,,t
lynct901,BSN189109291,UMP,ump_hp,,t
lynct901,BSN189109292,UMP,ump_hp,,t
hurst801,PIT189109300,UMP,ump_hp,,t
lynct901,BSN189109301,UMP,ump_hp,,t
lynct901,BSN189109302,UMP,ump_hp,,t
gaffj801,BRO189109301,UMP,ump_hp,,t
gaffj801,BRO189109302,UMP,ump_hp,,t
hurst801,CHN189110010,UMP,ump_hp,,t
lynct901,PHI189110010,UMP,ump_hp,,t
hurst801,CHN189110020,UMP,ump_hp,,t
lynct901,PHI189110020,UMP,ump_hp,,t
hurst801,CHN189110030,UMP,ump_hp,,t
lynct901,PHI189110030,UMP,ump_hp,,t
morrj107,BSN189106020,UMP,ump_1b,,t
morrj107,BSN189106100,UMP,ump_1b,,t
battj102,CHN189107042,UMP,ump_1b,,t
battj102,CHN189107060,UMP,ump_1b,,t
powep101,CHN189107070,UMP,ump_1b,,t
powep101,CHN189107080,UMP,ump_1b,,t
powep101,CHN189107090,UMP,ump_1b,,t
powep101,CHN189107100,UMP,ump_1b,,t
powep101,CHN189107110,UMP,ump_1b,,t
battj102,CHN189107130,UMP,ump_1b,,t
battj102,CHN189107140,UMP,ump_1b,,t
battj102,CHN189107150,UMP,ump_1b,,t
powep101,CHN189107160,UMP,ump_1b,,t
battj102,BSN189107180,UMP,ump_1b,,t
morrj107,BSN189107200,UMP,ump_1b,,t
morrj107,BSN189107210,UMP,ump_1b,,t
battj102,BSN189107220,UMP,ump_1b,,t
battj102,BSN189107230,UMP,ump_1b,,t
battj102,BSN189107250,UMP,ump_1b,,t
battj102,BSN189107270,UMP,ump_1b,,t
morrj107,BSN189107280,UMP,ump_1b,,t
bergt101,BRO189108030,UMP,ump_1b,,t
battj102,BRO189108060,UMP,ump_1b,,t
battj102,BSN189108080,UMP,ump_1b,,t
battj102,BSN189108100,UMP,ump_1b,,t
battj102,BSN189108110,UMP,ump_1b,,t
battj102,BSN189108120,UMP,ump_1b,,t
battj102,BSN189108130,UMP,ump_1b,,t
battj102,BSN189108140,UMP,ump_1b,,t
viaul101,CIN189108170,UMP,ump_1b,,t
hurst801,BSN189109140,UMP,ump_1b,,t
hurst801,BSN189109160,UMP,ump_1b,,t
whisl102,BRO189109262,UMP,ump_1b,,t
leadb801,CIN189104220,CL4,manager,,t
wardm101,PHI189104220,BRO,manager,,t
ansoc101,PIT189104220,CHN,manager,,t
leadb801,CIN189104230,CL4,manager,,t
wardm101,PHI189104230,BRO,manager,,t
ansoc101,PIT189104230,CHN,manager,,t
leadb801,CIN189104240,CL4,manager,,t
wardm101,PHI189104240,BRO,manager,,t
ansoc101,PIT189104240,CHN,manager,,t
leadb801,CIN189104250,CL4,manager,,t
wardm101,PHI189104250,BRO,manager,,t
ansoc101,PIT189104250,CHN,manager,,t
wrigh101,BSN189104270,PHI,manager,,t
mutrj801,BRO189104270,NY1,manager,,t
ansoc101,CIN189104270,CHN,manager,,t
leadb801,PIT189104270,CL4,manager,,t
wrigh101,BSN189104280,PHI,manager,,t
mutrj801,BRO189104280,NY1,manager,,t
ansoc101,CIN189104280,CHN,manager,,t
leadb801,PIT189104280,CL4,manager,,t
wrigh101,BSN189104290,PHI,manager,,t
ansoc101,CIN189104290,CHN,manager,,t
leadb801,PIT189104290,CL4,manager,,t
wrigh101,BSN189104300,PHI,manager,,t
ansoc101,CIN189104300,CHN,manager,,t
leadb801,PIT189104300,CL4,manager,,t
selef801,BRO189105010,BSN,manager,,t
hanln101,CHN189105010,PIT,manager,,t
mutrj801,PHI189105010,NY1,manager,,t
selef801,BRO189105020,BSN,manager,,t
mutrj801,PHI189105020,NY1,manager,,t
selef801,BRO189105040,BSN,manager,,t
hanln101,CHN189105040,PIT,manager,,t
mutrj801,PHI189105040,NY1,manager,,t
selef801,BRO189105050,BSN,manager,,t
hanln101,CHN189105050,PIT,manager,,t
mutrj801,PHI189105050,NY1,manager,,t
mutrj801,BSN189105060,NY1,manager,,t
wrigh101,BRO189105060,PHI,manager,,t
leadb801,CHN189105060,CL4,manager,,t
hanln101,CIN189105060,PIT,manager,,t
mutrj801,BSN189105070,NY1,manager,,t
wrigh101,BRO189105070,PHI,manager,,t
leadb801,CHN189105070,CL4,manager,,t
hanln101,CIN189105070,PIT,manager,,t
mutrj801,BSN189105080,NY1,manager,,t
wrigh101,BRO189105080,PHI,manager,,t
leadb801,CHN189105080,CL4,manager,,t
hanln101,CIN189105080,PIT,manager,,t
mutrj801,BSN189105090,NY1,manager,,t
wrigh101,BRO189105090,PHI,manager,,t
leadb801,CHN189105090,CL4,manager,,t
hanln101,CIN189105090,PIT,manager,,t
selef801,CHN189105110,BSN,manager,,t
wardm101,CIN189105110,BRO,manager,,t
mutrj801,PIT189105110,NY1,manager,,t
selef801,CHN189105120,BSN,manager,,t
wardm101,CIN189105120,BRO,manager,,t
mutrj801,PIT189105120,NY1,manager,,t
selef801,CHN189105130,BSN,manager,,t
wardm101,CIN189105130,BRO,manager,,t
mutrj801,PIT189105130,NY1,manager,,t
selef801,CHN189105140,BSN,manager,,t
wardm101,CIN189105140,BRO,manager,,t
mutrj801,PIT189105140,NY1,manager,,t
wardm101,CHN189105150,BRO,manager,,t
selef801,CIN189105150,BSN,manager,,t
wrigh101,PIT189105150,PHI,manager,,t
wardm101,CHN189105160,BRO,manager,,t
selef801,CIN189105160,BSN,manager,,t
wrigh101,PIT189105160,PHI,manager,,t
wardm101,CHN189105180,BRO,manager,,t
selef801,CIN189105180,BSN,manager,,t
wrigh101,PIT189105180,PHI,manager,,t
wardm101,CHN189105190,BRO,manager,,t
selef801,CIN189105190,BSN,manager,,t
wrigh101,PIT189105190,PHI,manager,,t
wrigh101,CHN189105200,PHI,manager,,t
wardm101,PIT189105200,BRO,manager,,t
wrigh101,CHN189105210,PHI,manager,,t
mutrj801,CIN189105210,NY1,manager,,t
wardm101,PIT189105210,BRO,manager,,t
mutrj801,CIN189105220,NY1,manager,,t
wrigh101,CHN189105230,PHI,manager,,t
mutrj801,CIN189105230,NY1,manager,,t
wrigh101,CIN189105250,PHI,manager,,t
selef801,PIT189105250,BSN,manager,,t
mutrj801,CHN189105260,NY1,manager,,t
wrigh101,CIN189105260,PHI,manager,,t
selef801,PIT189105260,BSN,manager,,t
mutrj801,CHN189105270,NY1,manager,,t
wrigh101,CIN189105270,PHI,manager,,t
selef801,PIT189105270,BSN,manager,,t
mutrj801,CHN189105280,NY1,manager,,t
wrigh101,CIN189105280,PHI,manager,,t
loftt101,BSN189105301,CIN,manager,,t
loftt101,BSN189105302,CIN,manager,,t
hanln101,BRO189105301,PIT,manager,,t
hanln101,BRO189105302,PIT,manager,,t
ansoc101,PHI189105301,CHN,manager,,t
ansoc101,PHI189105302,CHN,manager,,t
loftt101,BSN189106010,CIN,manager,,t
hanln101,BRO189106010,PIT,manager,,t
ansoc101,PHI189106010,CHN,manager,,t
loftt101,BSN189106020,CIN,manager,,t
hanln101,BRO189106020,PIT,manager,,t
ansoc101,PHI189106020,CHN,manager,,t
leadb801,BSN189106030,CL4,manager,,t
ansoc101,BRO189106030,CHN,manager,,t
hanln101,PHI189106030,PIT,manager,,t
leadb801,BSN189106040,CL4,manager,,t
ansoc101,BRO189106040,CHN,manager,,t
hanln101,PHI189106040,PIT,manager,,t
leadb801,BSN189106050,CL4,manager,,t
ansoc101,BRO189106050,CHN,manager,,t
hanln101,PHI189106050,PIT,manager,,t
leadb801,BSN189106060,CL4,manager,,t
ansoc101,BRO189106060,CHN,manager,,t
hanln101,PHI189106060,PIT,manager,,t
ansoc101,BSN189106080,CHN,manager,,t
leadb801,BRO189106080,CL4,manager,,t
loftt101,PHI189106080,CIN,manager,,t
ansoc101,BSN189106090,CHN,manager,,t
leadb801,BRO189106090,CL4,manager,,t
loftt101,PHI189106090,CIN,manager,,t
ansoc101,BSN189106100,CHN,manager,,t
leadb801,BRO189106100,CL4,manager,,t
loftt101,PHI189106100,CIN,manager,,t
ansoc101,BSN189106110,CHN,manager,,t
leadb801,BRO189106110,CL4,manager,,t
loftt101,PHI189106110,CIN,manager,,t
hanln101,BSN189106120,PIT,manager,,t
loftt101,BRO189106120,CIN,manager,,t
leadb801,PHI189106120,CL4,manager,,t
hanln101,BSN189106130,PIT,manager,,t
loftt101,BRO189106130,CIN,manager,,t
leadb801,PHI189106130,CL4,manager,,t
hanln101,BSN189106150,PIT,manager,,t
loftt101,BRO189106150,CIN,manager,,t
leadb801,PHI189106150,CL4,manager,,t
hanln101,BSN189106160,PIT,manager,,t
loftt101,BRO189106160,CIN,manager,,t
leadb801,PHI189106160,CL4,manager,,t
wardm101,BSN189106171,BRO,manager,,t
wardm101,BSN189106172,BRO,manager,,t
loftt101,PIT189106180,CIN,manager,,t
wardm101,BSN189106190,BRO,manager,,t
wardm101,BSN189106200,BRO,manager,,t
loftt101,PIT189106200,CIN,manager,,t
mutrj801,BRO189106220,NY1,manager,,t
selef801,PHI189106220,BSN,manager,,t
loftt101,PIT189106220,CIN,manager,,t
mutrj801,BRO189106230,NY1,manager,,t
loftt101,CHN189106230,CIN,manager,,t
selef801,PHI189106230,BSN,manager,,t
loftt101,CHN189106240,CIN,manager,,t
selef801,PHI189106240,BSN,manager,,t
loftt101,CHN189106250,CIN,manager,,t
selef801,PHI189106250,BSN,manager,,t
loftt101,CHN189106260,CIN,manager,,t
wardm101,PHI189106260,BRO,manager,,t
hanln101,CHN189106270,PIT,manager,,t
leadb801,CIN189106270,CL4,manager,,t
wardm101,PHI189106270,BRO,manager,,t
hanln101,CHN189106290,PIT,manager,,t
leadb801,CIN189106290,CL4,manager,,t
wardm101,PHI189106290,BRO,manager,,t
selef801,BRO189106300,BSN,manager,,t
hanln101,CHN189106300,PIT,manager,,t
leadb801,CIN189106300,CL4,manager,,t
mutrj801,PHI189106300,NY1,manager,,t
selef801,BRO189107010,BSN,manager,,t
leadb801,CHN189107010,CL4,manager,,t
hanln101,CIN189107010,PIT,manager,,t
mutrj801,PHI189107010,NY1,manager,,t
selef801,BRO189107020,BSN,manager,,t
leadb801,CHN189107020,CL4,manager,,t
hanln101,CIN189107020,PIT,manager,,t
leadb801,CHN189107030,CL4,manager,,t
hanln101,CIN189107030,PIT,manager,,t
wardm101,CHN189107041,BRO,manager,,t
wardm101,CHN189107042,BRO,manager,,t
mutrj801,CIN189107041,NY1,manager,,t
mutrj801,CIN189107042,NY1,manager,,t
selef801,PIT189107041,BSN,manager,,t
selef801,PIT189107042,BSN,manager,,t
wardm101,CHN189107060,BRO,manager,,t
mutrj801,CIN189107060,NY1,manager,,t
selef801,PIT189107060,BSN,manager,,t
wrigh101,CHN189107070,PHI,manager,,t
wrigh101,CHN189107080,PHI,manager,,t
wardm101,CIN189107080,BRO,manager,,t
mutrj801,PIT189107080,NY1,manager,,t
wrigh101,CHN189107090,PHI,manager,,t
wardm101,CIN189107090,BRO,manager,,t
mutrj801,PIT189107090,NY1,manager,,t
mutrj801,CHN189107100,NY1,manager,,t
selef801,CIN189107100,BSN,manager,,t
wrigh101,PIT189107100,PHI,manager,,t
mutrj801,CHN189107110,NY1,manager,,t
selef801,CIN189107110,BSN,manager,,t
wrigh101,PIT189107110,PHI,manager,,t
mutrj801,CHN189107130,NY1,manager,,t
selef801,CIN189107130,BSN,manager,,t
wrigh101,PIT189107130,PHI,manager,,t
selef801,CHN189107140,BSN,manager,,t
wrigh101,CIN189107140,PHI,manager,,t
selef801,CHN189107150,BSN,manager,,t
wrigh101,CIN189107150,PHI,manager,,t
wardm101,PIT189107150,BRO,manager,,t
selef801,CHN189107160,BSN,manager,,t
wrigh101,CIN189107160,PHI,manager,,t
wardm101,PIT189107161,BRO,manager,,t
wardm101,PIT189107162,BRO,manager,,t
ansoc101,PIT189107170,CHN,manager,,t
wrigh101,BSN189107180,PHI,manager,,t
wrigh101,BSN189107200,PHI,manager,,t
mutrj801,BRO189107200,NY1,manager,,t
ansoc101,PIT189107200,CHN,manager,,t
wrigh101,BSN189107210,PHI,manager,,t
mutrj801,BRO189107210,NY1,manager,,t
ansoc101,PIT189107210,CHN,manager,,t
wardm101,BSN189107220,BRO,manager,,t
loftt101,CHN189107220,CIN,manager,,t
wardm101,BSN189107230,BRO,manager,,t
loftt101,CHN189107230,CIN,manager,,t
loftt101,CHN189107240,CIN,manager,,t
mutrj801,BSN189107250,NY1,manager,,t
wrigh101,BRO189107250,PHI,manager,,t
loftt101,PIT189107250,CIN,manager,,t
mutrj801,BSN189107270,NY1,manager,,t
wrigh101,BRO189107270,PHI,manager,,t
loftt101,PIT189107270,CIN,manager,,t
mutrj801,BSN189107280,NY1,manager,,t
loftt101,PIT189107280,CIN,manager,,t
wrigh101,BRO189107290,PHI,manager,,t
loftt101,PIT189107290,CIN,manager,,t
ansoc101,CIN189107300,CHN,manager,,t
tebep101,PIT189107300,CL4,manager,,t
ansoc101,CIN189107310,CHN,manager,,t
selef801,PHI189107310,BSN,manager,,t
tebep101,PIT189107310,CL4,manager,,t
ansoc101,CIN189108010,CHN,manager,,t
selef801,PHI189108010,BSN,manager,,t
tebep101,PIT189108010,CL4,manager,,t
loftt101,BSN189108030,CIN,manager,,t
mcgub101,BRO189108030,PIT,manager,,t
ansoc101,PHI189108030,CHN,manager,,t
loftt101,BSN189108040,CIN,manager,,t
mcgub101,BRO189108040,PIT,manager,,t
ansoc101,PHI189108040,CHN,manager,,t
loftt101,BSN189108050,CIN,manager,,t
mcgub101,BRO189108050,PIT,manager,,t
ansoc101,PHI189108050,CHN,manager,,t
ansoc101,BSN189108060,CHN,manager,,t
tebep101,BRO189108060,CL4,manager,,t
loftt101,PHI189108060,CIN,manager,,t
ansoc101,BSN189108070,CHN,manager,,t
tebep101,BRO189108070,CL4,manager,,t
loftt101,PHI189108070,CIN,manager,,t
ansoc101,BSN189108080,CHN,manager,,t
tebep101,BRO189108080,CL4,manager,,t
loftt101,PHI189108080,CIN,manager,,t
mcgub101,BSN189108100,PIT,manager,,t
loftt101,BRO189108100,CIN,manager,,t
tebep101,PHI189108100,CL4,manager,,t
mcgub101,BSN189108110,PIT,manager,,t
loftt101,BRO189108110,CIN,manager,,t
tebep101,PHI189108110,CL4,manager,,t
mcgub101,BSN189108120,PIT,manager,,t
tebep101,PHI189108120,CL4,manager,,t
tebep101,BSN189108130,CL4,manager,,t
ansoc101,BRO189108130,CHN,manager,,t
mcgub101,PHI189108130,PIT,manager,,t
tebep101,BSN189108140,CL4,manager,,t
ansoc101,BRO189108140,CHN,manager,,t
mcgub101,PHI189108140,PIT,manager,,t
ansoc101,BRO189108150,CHN,manager,,t
mcgub101,PHI189108150,PIT,manager,,t
tebep101,CIN189108170,CL4,manager,,t
wardm101,PHI189108170,BRO,manager,,t
ansoc101,PIT189108170,CHN,manager,,t
tebep101,CIN189108180,CL4,manager,,t
ansoc101,PIT189108180,CHN,manager,,t
tebep101,CIN189108190,CL4,manager,,t
wardm101,PHI189108190,BRO,manager,,t
ansoc101,PIT189108190,CHN,manager,,t
selef801,BRO189108200,BSN,manager,,t
tebep101,CHN189108200,CL4,manager,,t
mcgub101,CIN189108200,PIT,manager,,t
mutrj801,PHI189108200,NY1,manager,,t
selef801,BRO189108210,BSN,manager,,t
tebep101,CHN189108210,CL4,manager,,t
mcgub101,CIN189108210,PIT,manager,,t
mutrj801,PHI189108210,NY1,manager,,t
selef801,BRO189108220,BSN,manager,,t
tebep101,CHN189108220,CL4,manager,,t
mcgub101,CIN189108220,PIT,manager,,t
mutrj801,PHI189108220,NY1,manager,,t
wardm101,CHN189108240,BRO,manager,,t
mutrj801,CIN189108240,NY1,manager,,t
selef801,PIT189108240,BSN,manager,,t
wardm101,CHN189108250,BRO,manager,,t
mutrj801,CIN189108250,NY1,manager,,t
selef801,PIT189108250,BSN,manager,,t
wardm101,CHN189108260,BRO,manager,,t
mutrj801,CIN189108260,NY1,manager,,t
selef801,PIT189108260,BSN,manager,,t
wrigh101,CHN189108270,PHI,manager,,t
wardm101,CIN189108270,BRO,manager,,t
mutrj801,PIT189108270,NY1,manager,,t
wrigh101,CHN189108280,PHI,manager,,t
wardm101,CIN189108280,BRO,manager,,t
mutrj801,PIT189108280,NY1,manager,,t
wrigh101,CHN189108290,PHI,manager,,t
wardm101,CIN189108290,BRO,manager,,t
mutrj801,PIT189108290,NY1,manager,,t
mutrj801,CHN189108310,NY1,manager,,t
selef801,CIN189108310,BSN,manager,,t
wrigh101,PIT189108310,PHI,manager,,t
mutrj801,CHN189109010,NY1,manager,,t
selef801,CIN189109010,BSN,manager,,t
wrigh101,PIT189109010,PHI,manager,,t
mutrj801,CHN189109020,NY1,manager,,t
selef801,CIN189109020,BSN,manager,,t
wrigh101,PIT189109020,PHI,manager,,t
selef801,CHN189109030,BSN,manager,,t
wrigh101,CIN189109030,PHI,manager,,t
selef801,CHN189109040,BSN,manager,,t
wardm101,PIT189109040,BRO,manager,,t
selef801,CHN189109050,BSN,manager,,t
wrigh101,CIN189109050,PHI,manager,,t
wardm101,PIT189109051,BRO,manager,,t
wardm101,PIT189109052,BRO,manager,,t
ansoc101,BRO189109071,CHN,manager,,t
ansoc101,BRO189109072,CHN,manager,,t
mcgub101,PHI189109071,PIT,manager,,t
mcgub101,PHI189109072,PIT,manager,,t
loftt101,BRO189109080,CIN,manager,,t
tebep101,BSN189109081,CL4,manager,,t
tebep101,BSN189109082,CL4,manager,,t
ansoc101,BRO189109090,CHN,manager,,t
mcgub101,PHI189109090,PIT,manager,,t
tebep101,BSN189109091,CL4,manager,,t
tebep101,BSN189109092,CL4,manager,,t
loftt101,BSN189109100,CIN,manager,,t
mcgub101,BRO189109100,PIT,manager,,t
ansoc101,PHI189109100,CHN,manager,,t
loftt101,BSN189109110,CIN,manager,,t
mcgub101,BRO189109110,PIT,manager,,t
ansoc101,PHI189109110,CHN,manager,,t
loftt101,BSN189109120,CIN,manager,,t
ansoc101,PHI189109120,CHN,manager,,t
mcgub101,BRO189109121,PIT,manager,,t
mcgub101,BRO189109122,PIT,manager,,t
ansoc101,BSN189109140,CHN,manager,,t
loftt101,BRO189109140,CIN,manager,,t
tebep101,PHI189109140,CL4,manager,,t
ansoc101,BSN189109150,CHN,manager,,t
tebep101,PHI189109150,CL4,manager,,t
ansoc101,BSN189109160,CHN,manager,,t
loftt101,BRO189109161,CIN,manager,,t
loftt101,BRO189109162,CIN,manager,,t
tebep101,PHI189109161,CL4,manager,,t
tebep101,PHI189109162,CL4,manager,,t
mcgub101,BSN189109170,PIT,manager,,t
tebep101,BRO189109170,CL4,manager,,t
loftt101,PHI189109170,CIN,manager,,t
mcgub101,BSN189109180,PIT,manager,,t
tebep101,BRO189109180,CL4,manager,,t
loftt101,PHI189109180,CIN,manager,,t
tebep101,BRO189109190,CL4,manager,,t
mcgub101,BSN189109191,PIT,manager,,t
mcgub101,BSN189109192,PIT,manager,,t
loftt101,PHI189109191,CIN,manager,,t
loftt101,PHI189109192,CIN,manager,,t
wardm101,BSN189109210,BRO,manager,,t
ansoc101,CIN189109210,CHN,manager,,t
tebep101,PIT189109210,CL4,manager,,t
wardm101,BSN189109220,BRO,manager,,t
ansoc101,CIN189109220,CHN,manager,,t
tebep101,PIT189109220,CL4,manager,,t
ansoc101,CIN189109230,CHN,manager,,t
tebep101,PIT189109230,CL4,manager,,t
wardm101,BSN189109231,BRO,manager,,t
wardm101,BSN189109232,BRO,manager,,t
wrigh101,BSN189109240,PHI,manager,,t
mutrj801,BRO189109240,NY1,manager,,t
mcgub101,CHN189109240,PIT,manager,,t
wrigh101,BSN189109250,PHI,manager,,t
mutrj801,BRO189109250,NY1,manager,,t
mcgub101,CHN189109250,PIT,manager,,t
wrigh101,BSN189109260,PHI,manager,,t
mcgub101,CHN189109260,PIT,manager,,t
mutrj801,BRO189109261,NY1,manager,,t
mutrj801,BRO189109262,NY1,manager,,t
mutrj801,BSN189109280,NY1,manager,,t
wrigh101,BRO189109280,PHI,manager,,t
loftt101,PIT189109280,CIN,manager,,t
wrigh101,BRO189109290,PHI,manager,,t
loftt101,PIT189109290,CIN,manager,,t
mutrj801,BSN189109291,NY1,manager,,t
mutrj801,BSN189109292,NY1,manager,,t
loftt101,PIT189109300,CIN,manager,,t
mutrj801,BSN189109301,NY1,manager,,t
mutrj801,BSN189109302,NY1,manager,,t
wrigh101,BRO189109301,PHI,manager,,t
wrigh101,BRO189109302,PHI,manager,,t
loftt101,CHN189110010,CIN,manager,,t
selef801,PHI189110010,BSN,manager,,t
loftt101,CHN189110020,CIN,manager,,t
selef801,PHI189110020,BSN,manager,,t
loftt101,CHN189110030,CIN,manager,,t
selef801,PHI189110030,BSN,manager,,t
loftt101,CIN189104220,CIN,manager,,t
wrigh101,PHI189104220,PHI,manager,,t
hanln101,PIT189104220,PIT,manager,,t
loftt101,CIN189104230,CIN,manager,,t
wrigh101,PHI189104230,PHI,manager,,t
hanln101,PIT189104230,PIT,manager,,t
loftt101,CIN189104240,CIN,manager,,t
wrigh101,PHI189104240,PHI,manager,,t
hanln101,PIT189104240,PIT,manager,,t
loftt101,CIN189104250,CIN,manager,,t
wrigh101,PHI189104250,PHI,manager,,t
hanln101,PIT189104250,PIT,manager,,t
selef801,BSN189104270,BSN,manager,,t
wardm101,BRO189104270,BRO,manager,,t
loftt101,CIN189104270,CIN,manager,,t
hanln101,PIT189104270,PIT,manager,,t
selef801,BSN189104280,BSN,manager,,t
wardm101,BRO189104280,BRO,manager,,t
loftt101,CIN189104280,CIN,manager,,t
hanln101,PIT189104280,PIT,manager,,t
selef801,BSN189104290,BSN,manager,,t
loftt101,CIN189104290,CIN,manager,,t
hanln101,PIT189104290,PIT,manager,,t
selef801,BSN189104300,BSN,manager,,t
loftt101,CIN189104300,CIN,manager,,t
hanln101,PIT189104300,PIT,manager,,t
wardm101,BRO189105010,BRO,manager,,t
ansoc101,CHN189105010,CHN,manager,,t
wrigh101,PHI189105010,PHI,manager,,t
wardm101,BRO189105020,BRO,manager,,t
wrigh101,PHI189105020,PHI,manager,,t
wardm101,BRO189105040,BRO,manager,,t
ansoc101,CHN189105040,CHN,manager,,t
wrigh101,PHI189105040,PHI,manager,,t
wardm101,BRO189105050,BRO,manager,,t
ansoc101,CHN189105050,CHN,manager,,t
wrigh101,PHI189105050,PHI,manager,,t
selef801,BSN189105060,BSN,manager,,t
wardm101,BRO189105060,BRO,manager,,t
ansoc101,CHN189105060,CHN,manager,,t
loftt101,CIN189105060,CIN,manager,,t
selef801,BSN189105070,BSN,manager,,t
wardm101,BRO189105070,BRO,manager,,t
ansoc101,CHN189105070,CHN,manager,,t
loftt101,CIN189105070,CIN,manager,,t
selef801,BSN189105080,BSN,manager,,t
wardm101,BRO189105080,BRO,manager,,t
ansoc101,CHN189105080,CHN,manager,,t
loftt101,CIN189105080,CIN,manager,,t
selef801,BSN189105090,BSN,manager,,t
wardm101,BRO189105090,BRO,manager,,t
ansoc101,CHN189105090,CHN,manager,,t
loftt101,CIN189105090,CIN,manager,,t
ansoc101,CHN189105110,CHN,manager,,t
loftt101,CIN189105110,CIN,manager,,t
hanln101,PIT189105110,PIT,manager,,t
ansoc101,CHN189105120,CHN,manager,,t
loftt101,CIN189105120,CIN,manager,,t
hanln101,PIT189105120,PIT,manager,,t
ansoc101,CHN189105130,CHN,manager,,t
loftt101,CIN189105130,CIN,manager,,t
hanln101,PIT189105130,PIT,manager,,t
ansoc101,CHN189105140,CHN,manager,,t
loftt101,CIN189105140,CIN,manager,,t
hanln101,PIT189105140,PIT,manager,,t
ansoc101,CHN189105150,CHN,manager,,t
loftt101,CIN189105150,CIN,manager,,t
hanln101,PIT189105150,PIT,manager,,t
ansoc101,CHN189105160,CHN,manager,,t
loftt101,CIN189105160,CIN,manager,,t
hanln101,PIT189105160,PIT,manager,,t
ansoc101,CHN189105180,CHN,manager,,t
loftt101,CIN189105180,CIN,manager,,t
hanln101,PIT189105180,PIT,manager,,t
ansoc101,CHN189105190,CHN,manager,,t
loftt101,CIN189105190,CIN,manager,,t
hanln101,PIT189105190,PIT,manager,,t
ansoc101,CHN189105200,CHN,manager,,t
hanln101,PIT189105200,PIT,manager,,t
ansoc101,CHN189105210,CHN,manager,,t
loftt101,CIN189105210,CIN,manager,,t
hanln101,PIT189105210,PIT,manager,,t
loftt101,CIN189105220,CIN,manager,,t
ansoc101,CHN189105230,CHN,manager,,t
loftt101,CIN189105230,CIN,manager,,t
loftt101,CIN189105250,CIN,manager,,t
hanln101,PIT189105250,PIT,manager,,t
ansoc101,CHN189105260,CHN,manager,,t
loftt101,CIN189105260,CIN,manager,,t
hanln101,PIT189105260,PIT,manager,,t
ansoc101,CHN189105270,CHN,manager,,t
loftt101,CIN189105270,CIN,manager,,t
hanln101,PIT189105270,PIT,manager,,t
ansoc101,CHN189105280,CHN,manager,,t
loftt101,CIN189105280,CIN,manager,,t
selef801,BSN189105301,BSN,manager,,t
selef801,BSN189105302,BSN,manager,,t
wardm101,BRO189105301,BRO,manager,,t
wardm101,BRO189105302,BRO,manager,,t
wrigh101,PHI189105301,PHI,manager,,t
wrigh101,PHI189105302,PHI,manager,,t
selef801,BSN189106010,BSN,manager,,t
wardm101,BRO189106010,BRO,manager,,t
wrigh101,PHI189106010,PHI,manager,,t
selef801,BSN189106020,BSN,manager,,t
wardm101,BRO189106020,BRO,manager,,t
wrigh101,PHI189106020,PHI,manager,,t
selef801,BSN189106030,BSN,manager,,t
wardm101,BRO189106030,BRO,manager,,t
wrigh101,PHI189106030,PHI,manager,,t
selef801,BSN189106040,BSN,manager,,t
wardm101,BRO189106040,BRO,manager,,t
wrigh101,PHI189106040,PHI,manager,,t
selef801,BSN189106050,BSN,manager,,t
wardm101,BRO189106050,BRO,manager,,t
wrigh101,PHI189106050,PHI,manager,,t
selef801,BSN189106060,BSN,manager,,t
wardm101,BRO189106060,BRO,manager,,t
wrigh101,PHI189106060,PHI,manager,,t
selef801,BSN189106080,BSN,manager,,t
wardm101,BRO189106080,BRO,manager,,t
wrigh101,PHI189106080,PHI,manager,,t
selef801,BSN189106090,BSN,manager,,t
wardm101,BRO189106090,BRO,manager,,t
wrigh101,PHI189106090,PHI,manager,,t
selef801,BSN189106100,BSN,manager,,t
wardm101,BRO189106100,BRO,manager,,t
wrigh101,PHI189106100,PHI,manager,,t
selef801,BSN189106110,BSN,manager,,t
wardm101,BRO189106110,BRO,manager,,t
wrigh101,PHI189106110,PHI,manager,,t
selef801,BSN189106120,BSN,manager,,t
wardm101,BRO189106120,BRO,manager,,t
wrigh101,PHI189106120,PHI,manager,,t
selef801,BSN189106130,BSN,manager,,t
wardm101,BRO189106130,BRO,manager,,t
wrigh101,PHI189106130,PHI,manager,,t
selef801,BSN189106150,BSN,manager,,t
wardm101,BRO189106150,BRO,manager,,t
wrigh101,PHI189106150,PHI,manager,,t
selef801,BSN189106160,BSN,manager,,t
wardm101,BRO189106160,BRO,manager,,t
wrigh101,PHI189106160,PHI,manager,,t
selef801,BSN189106171,BSN,manager,,t
selef801,BSN189106172,BSN,manager,,t
hanln101,PIT189106180,PIT,manager,,t
selef801,BSN189106190,BSN,manager,,t
selef801,BSN189106200,BSN,manager,,t
hanln101,PIT189106200,PIT,manager,,t
wardm101,BRO189106220,BRO,manager,,t
wrigh101,PHI189106220,PHI,manager,,t
hanln101,PIT189106220,PIT,manager,,t
wardm101,BRO189106230,BRO,manager,,t
ansoc101,CHN189106230,CHN,manager,,t
wrigh101,PHI189106230,PHI,manager,,t
ansoc101,CHN189106240,CHN,manager,,t
wrigh101,PHI189106240,PHI,manager,,t
ansoc101,CHN189106250,CHN,manager,,t
wrigh101,PHI189106250,PHI,manager,,t
ansoc101,CHN189106260,CHN,manager,,t
wrigh101,PHI189106260,PHI,manager,,t
ansoc101,CHN189106270,CHN,manager,,t
loftt101,CIN189106270,CIN,manager,,t
wrigh101,PHI189106270,PHI,manager,,t
ansoc101,CHN189106290,CHN,manager,,t
loftt101,CIN189106290,CIN,manager,,t
wrigh101,PHI189106290,PHI,manager,,t
wardm101,BRO189106300,BRO,manager,,t
ansoc101,CHN189106300,CHN,manager,,t
loftt101,CIN189106300,CIN,manager,,t
wrigh101,PHI189106300,PHI,manager,,t
wardm101,BRO189107010,BRO,manager,,t
ansoc101,CHN189107010,CHN,manager,,t
loftt101,CIN189107010,CIN,manager,,t
wrigh101,PHI189107010,PHI,manager,,t
wardm101,BRO189107020,BRO,manager,,t
ansoc101,CHN189107020,CHN,manager,,t
loftt101,CIN189107020,CIN,manager,,t
ansoc101,CHN189107030,CHN,manager,,t
loftt101,CIN189107030,CIN,manager,,t
ansoc101,CHN189107041,CHN,manager,,t
ansoc101,CHN189107042,CHN,manager,,t
loftt101,CIN189107041,CIN,manager,,t
loftt101,CIN189107042,CIN,manager,,t
hanln101,PIT189107041,PIT,manager,,t
hanln101,PIT189107042,PIT,manager,,t
ansoc101,CHN189107060,CHN,manager,,t
loftt101,CIN189107060,CIN,manager,,t
hanln101,PIT189107060,PIT,manager,,t
ansoc101,CHN189107070,CHN,manager,,t
ansoc101,CHN189107080,CHN,manager,,t
loftt101,CIN189107080,CIN,manager,,t
hanln101,PIT189107080,PIT,manager,,t
ansoc101,CHN189107090,CHN,manager,,t
loftt101,CIN189107090,CIN,manager,,t
hanln101,PIT189107090,PIT,manager,,t
ansoc101,CHN189107100,CHN,manager,,t
loftt101,CIN189107100,CIN,manager,,t
hanln101,PIT189107100,PIT,manager,,t
ansoc101,CHN189107110,CHN,manager,,t
loftt101,CIN189107110,CIN,manager,,t
hanln101,PIT189107110,PIT,manager,,t
ansoc101,CHN189107130,CHN,manager,,t
loftt101,CIN189107130,CIN,manager,,t
hanln101,PIT189107130,PIT,manager,,t
ansoc101,CHN189107140,CHN,manager,,t
loftt101,CIN189107140,CIN,manager,,t
ansoc101,CHN189107150,CHN,manager,,t
loftt101,CIN189107150,CIN,manager,,t
hanln101,PIT189107150,PIT,manager,,t
ansoc101,CHN189107160,CHN,manager,,t
loftt101,CIN189107160,CIN,manager,,t
hanln101,PIT189107161,PIT,manager,,t
hanln101,PIT189107162,PIT,manager,,t
hanln101,PIT189107170,PIT,manager,,t
selef801,BSN189107180,BSN,manager,,t
selef801,BSN189107200,BSN,manager,,t
wardm101,BRO189107200,BRO,manager,,t
hanln101,PIT189107200,PIT,manager,,t
selef801,BSN189107210,BSN,manager,,t
wardm101,BRO189107210,BRO,manager,,t
hanln101,PIT189107210,PIT,manager,,t
selef801,BSN189107220,BSN,manager,,t
ansoc101,CHN189107220,CHN,manager,,t
selef801,BSN189107230,BSN,manager,,t
ansoc101,CHN189107230,CHN,manager,,t
ansoc101,CHN189107240,CHN,manager,,t
selef801,BSN189107250,BSN,manager,,t
wardm101,BRO189107250,BRO,manager,,t
hanln101,PIT189107250,PIT,manager,,t
selef801,BSN189107270,BSN,manager,,t
wardm101,BRO189107270,BRO,manager,,t
hanln101,PIT189107270,PIT,manager,,t
selef801,BSN189107280,BSN,manager,,t
hanln101,PIT189107280,PIT,manager,,t
wardm101,BRO189107290,BRO,manager,,t
hanln101,PIT189107290,PIT,manager,,t
loftt101,CIN189107300,CIN,manager,,t
mcgub101,PIT189107300,PIT,manager,,t
loftt101,CIN189107310,CIN,manager,,t
wrigh101,PHI189107310,PHI,manager,,t
mcgub101,PIT189107310,PIT,manager,,t
loftt101,CIN189108010,CIN,manager,,t
wrigh101,PHI189108010,PHI,manager,,t
mcgub101,PIT189108010,PIT,manager,,t
selef801,BSN189108030,BSN,manager,,t
wardm101,BRO189108030,BRO,manager,,t
wrigh101,PHI189108030,PHI,manager,,t
selef801,BSN189108040,BSN,manager,,t
wardm101,BRO189108040,BRO,manager,,t
wrigh101,PHI189108040,PHI,manager,,t
selef801,BSN189108050,BSN,manager,,t
wardm101,BRO189108050,BRO,manager,,t
wrigh101,PHI189108050,PHI,manager,,t
selef801,BSN189108060,BSN,manager,,t
wardm101,BRO189108060,BRO,manager,,t
wrigh101,PHI189108060,PHI,manager,,t
selef801,BSN189108070,BSN,manager,,t
wardm101,BRO189108070,BRO,manager,,t
wrigh101,PHI189108070,PHI,manager,,t
selef801,BSN189108080,BSN,manager,,t
wardm101,BRO189108080,BRO,manager,,t
wrigh101,PHI189108080,PHI,manager,,t
selef801,BSN189108100,BSN,manager,,t
wardm101,BRO189108100,BRO,manager,,t
wrigh101,PHI189108100,PHI,manager,,t
selef801,BSN189108110,BSN,manager,,t
wardm101,BRO189108110,BRO,manager,,t
wrigh101,PHI189108110,PHI,manager,,t
selef801,BSN189108120,BSN,manager,,t
wrigh101,PHI189108120,PHI,manager,,t
selef801,BSN189108130,BSN,manager,,t
wardm101,BRO189108130,BRO,manager,,t
wrigh101,PHI189108130,PHI,manager,,t
selef801,BSN189108140,BSN,manager,,t
wardm101,BRO189108140,BRO,manager,,t
wrigh101,PHI189108140,PHI,manager,,t
wardm101,BRO189108150,BRO,manager,,t
wrigh101,PHI189108150,PHI,manager,,t
loftt101,CIN189108170,CIN,manager,,t
wrigh101,PHI189108170,PHI,manager,,t
mcgub101,PIT189108170,PIT,manager,,t
loftt101,CIN189108180,CIN,manager,,t
mcgub101,PIT189108180,PIT,manager,,t
loftt101,CIN189108190,CIN,manager,,t
wrigh101,PHI189108190,PHI,manager,,t
mcgub101,PIT189108190,PIT,manager,,t
wardm101,BRO189108200,BRO,manager,,t
ansoc101,CHN189108200,CHN,manager,,t
loftt101,CIN189108200,CIN,manager,,t
wrigh101,PHI189108200,PHI,manager,,t
wardm101,BRO189108210,BRO,manager,,t
ansoc101,CHN189108210,CHN,manager,,t
loftt101,CIN189108210,CIN,manager,,t
wrigh101,PHI189108210,PHI,manager,,t
wardm101,BRO189108220,BRO,manager,,t
ansoc101,CHN189108220,CHN,manager,,t
loftt101,CIN189108220,CIN,manager,,t
wrigh101,PHI189108220,PHI,manager,,t
ansoc101,CHN189108240,CHN,manager,,t
loftt101,CIN189108240,CIN,manager,,t
mcgub101,PIT189108240,PIT,manager,,t
ansoc101,CHN189108250,CHN,manager,,t
loftt101,CIN189108250,CIN,manager,,t
mcgub101,PIT189108250,PIT,manager,,t
ansoc101,CHN189108260,CHN,manager,,t
loftt101,CIN189108260,CIN,manager,,t
mcgub101,PIT189108260,PIT,manager,,t
ansoc101,CHN189108270,CHN,manager,,t
loftt101,CIN189108270,CIN,manager,,t
mcgub101,PIT189108270,PIT,manager,,t
ansoc101,CHN189108280,CHN,manager,,t
loftt101,CIN189108280,CIN,manager,,t
mcgub101,PIT189108280,PIT,manager,,t
ansoc101,CHN189108290,CHN,manager,,t
loftt101,CIN189108290,CIN,manager,,t
mcgub101,PIT189108290,PIT,manager,,t
ansoc101,CHN189108310,CHN,manager,,t
loftt101,CIN189108310,CIN,manager,,t
mcgub101,PIT189108310,PIT,manager,,t
ansoc101,CHN189109010,CHN,manager,,t
loftt101,CIN189109010,CIN,manager,,t
mcgub101,PIT189109010,PIT,manager,,t
ansoc101,CHN189109020,CHN,manager,,t
loftt101,CIN189109020,CIN,manager,,t
mcgub101,PIT189109020,PIT,manager,,t
ansoc101,CHN189109030,CHN,manager,,t
loftt101,CIN189109030,CIN,manager,,t
ansoc101,CHN189109040,CHN,manager,,t
mcgub101,PIT189109040,PIT,manager,,t
ansoc101,CHN189109050,CHN,manager,,t
loftt101,CIN189109050,CIN,manager,,t
mcgub101,PIT189109051,PIT,manager,,t
mcgub101,PIT189109052,PIT,manager,,t
wardm101,BRO189109071,BRO,manager,,t
wardm101,BRO189109072,BRO,manager,,t
wrigh101,PHI189109071,PHI,manager,,t
wrigh101,PHI189109072,PHI,manager,,t
wardm101,BRO189109080,BRO,manager,,t
selef801,BSN189109081,BSN,manager,,t
selef801,BSN189109082,BSN,manager,,t
wardm101,BRO189109090,BRO,manager,,t
wrigh101,PHI189109090,PHI,manager,,t
selef801,BSN189109091,BSN,manager,,t
selef801,BSN189109092,BSN,manager,,t
selef801,BSN189109100,BSN,manager,,t
wardm101,BRO189109100,BRO,manager,,t
wrigh101,PHI189109100,PHI,manager,,t
selef801,BSN189109110,BSN,manager,,t
wardm101,BRO189109110,BRO,manager,,t
wrigh101,PHI189109110,PHI,manager,,t
selef801,BSN189109120,BSN,manager,,t
wrigh101,PHI189109120,PHI,manager,,t
wardm101,BRO189109121,BRO,manager,,t
wardm101,BRO189109122,BRO,manager,,t
selef801,BSN189109140,BSN,manager,,t
wardm101,BRO189109140,BRO,manager,,t
wrigh101,PHI189109140,PHI,manager,,t
selef801,BSN189109150,BSN,manager,,t
wrigh101,PHI189109150,PHI,manager,,t
selef801,BSN189109160,BSN,manager,,t
wardm101,BRO189109161,BRO,manager,,t
wardm101,BRO189109162,BRO,manager,,t
wrigh101,PHI189109161,PHI,manager,,t
wrigh101,PHI189109162,PHI,manager,,t
selef801,BSN189109170,BSN,manager,,t
wardm101,BRO189109170,BRO,manager,,t
wrigh101,PHI189109170,PHI,manager,,t
selef801,BSN189109180,BSN,manager,,t
wardm101,BRO189109180,BRO,manager,,t
wrigh101,PHI189109180,PHI,manager,,t
wardm101,BRO189109190,BRO,manager,,t
selef801,BSN189109191,BSN,manager,,t
selef801,BSN189109192,BSN,manager,,t
wrigh101,PHI189109191,PHI,manager,,t
wrigh101,PHI189109192,PHI,manager,,t
selef801,BSN189109210,BSN,manager,,t
loftt101,CIN189109210,CIN,manager,,t
mcgub101,PIT189109210,PIT,manager,,t
selef801,BSN189109220,BSN,manager,,t
loftt101,CIN189109220,CIN,manager,,t
mcgub101,PIT189109220,PIT,manager,,t
loftt101,CIN189109230,CIN,manager,,t
mcgub101,PIT189109230,PIT,manager,,t
selef801,BSN189109231,BSN,manager,,t
selef801,BSN189109232,BSN,manager,,t
selef801,BSN189109240,BSN,manager,,t
wardm101,BRO189109240,BRO,manager,,t
ansoc101,CHN189109240,CHN,manager,,t
selef801,BSN189109250,BSN,manager,,t
wardm101,BRO189109250,BRO,manager,,t
ansoc101,CHN189109250,CHN,manager,,t
selef801,BSN189109260,BSN,manager,,t
ansoc101,CHN189109260,CHN,manager,,t
wardm101,BRO189109261,BRO,manager,,t
wardm101,BRO189109262,BRO,manager,,t
selef801,BSN189109280,BSN,manager,,t
wardm101,BRO189109280,BRO,manager,,t
mcgub101,PIT189109280,PIT,manager,,t
wardm101,BRO189109290,BRO,manager,,t
mcgub101,PIT189109290,PIT,manager,,t
selef801,BSN189109291,BSN,manager,,t
selef801,BSN189109292,BSN,manager,,t
mcgub101,PIT189109300,PIT,manager,,t
selef801,BSN189109301,BSN,manager,,t
selef801,BSN189109302,BSN,manager,,t
wardm101,BRO189109301,BRO,manager,,t
wardm101,BRO189109302,BRO,manager,,t
ansoc101,CHN189110010,CHN,manager,,t
wrigh101,PHI189110010,PHI,manager,,t
ansoc101,CHN189110020,CHN,manager,,t
wrigh101,PHI189110020,PHI,manager,,t
ansoc101,CHN189110030,CHN,manager,,t
wrigh101,PHI189110030,PHI,manager,,t
younc102,CIN189104220,CL4,1,,t
hemmg101,PHI189104220,BRO,1,,t
lubyp101,PIT189104220,CHN,1,,t
viaul101,CIN189104230,CL4,1,,t
lovet102,PHI189104230,BRO,1,,t
hutcb101,PIT189104230,CHN,1,,t
sewae101,CIN189104240,CL4,1,,t
terra101,PHI189104240,BRO,1,,t
gumba101,PIT189104240,CHN,1,,t
grubh101,CIN189104250,CL4,1,,t
hemmg101,PHI189104250,BRO,1,,t
hutcb101,PIT189104250,CHN,1,,t
thorj102,BSN189104270,PHI,1,,t
rusia101,BRO189104270,NY1,1,,t
lubyp101,CIN189104270,CHN,1,,t
younc102,PIT189104270,CL4,1,,t
gleak101,BSN189104280,PHI,1,,t
welcm102,BRO189104280,NY1,1,,t
hutcb101,CIN189104280,CHN,1,,t
viaul101,PIT189104280,CL4,1,,t
esped101,BSN189104290,PHI,1,,t
gumba101,CIN189104290,CHN,1,,t
grubh101,PIT189104290,CL4,1,,t
thorj102,BSN189104300,PHI,1,,t
hutcb101,CIN189104300,CHN,1,,t
viaul101,PIT189104300,CL4,1,,t
clarj102,BRO189105010,BSN,1,,t
galvj103,CHN189105010,PIT,1,,t
rusia101,PHI189105010,NY1,1,,t
nichk101,BRO189105020,BSN,1,,t
rusia101,PHI189105020,NY1,1,,t
nichk101,BRO189105040,BSN,1,,t
stalh101,CHN189105040,PIT,1,,t
sharj101,PHI189105040,NY1,1,,t
getzp101,BRO189105050,BSN,1,,t
galvj103,CHN189105050,PIT,1,,t
rusia101,PHI189105050,NY1,1,,t
welcm102,BSN189105060,NY1,1,,t
thorj102,BRO189105060,PHI,1,,t
grubh101,CHN189105060,CL4,1,,t
kings103,CIN189105060,PIT,1,,t
rusia101,BSN189105070,NY1,1,,t
gleak101,BRO189105070,PHI,1,,t
viaul101,CHN189105070,CL4,1,,t
stalh101,CIN189105070,PIT,1,,t
ewinj101,BSN189105080,NY1,1,,t
kilrm101,BRO189105080,PHI,1,,t
knauf101,CHN189105080,CL4,1,,t
galvj103,CIN189105080,PIT,1,,t
rusia101,BSN189105090,NY1,1,,t
thorj102,BRO189105090,PHI,1,,t
younc102,CHN189105090,CL4,1,,t
stalh101,CIN189105090,PIT,1,,t
clarj102,CHN189105110,BSN,1,,t
hemmg101,CIN189105110,BRO,1,,t
ewinj101,PIT189105110,NY1,1,,t
nichk101,CHN189105120,BSN,1,,t
lovet102,CIN189105120,BRO,1,,t
sharj101,PIT189105120,NY1,1,,t
getzp101,CHN189105130,BSN,1,,t
terra101,CIN189105130,BRO,1,,t
rusia101,PIT189105130,NY1,1,,t
clarj102,CHN189105140,BSN,1,,t
hemmg101,CIN189105140,BRO,1,,t
ewinj101,PIT189105140,NY1,1,,t
lovet102,CHN189105150,BRO,1,,t
nichk101,CIN189105150,BSN,1,,t
thorj102,PIT189105150,PHI,1,,t
hemmg101,CHN189105160,BRO,1,,t
getzp101,CIN189105160,BSN,1,,t
esped101,PIT189105160,PHI,1,,t
carub101,CHN189105180,BRO,1,,t
nichk101,CIN189105180,BSN,1,,t
gleak101,PIT189105180,PHI,1,,t
lovet102,CHN189105190,BRO,1,,t
clarj102,CIN189105190,BSN,1,,t
thorj102,PIT189105190,PHI,1,,t
gleak101,CHN189105200,PHI,1,,t
hemmg101,PIT189105200,BRO,1,,t
esped101,CHN189105210,PHI,1,,t
sharj101,CIN189105210,NY1,1,,t
carub101,PIT189105210,BRO,1,,t
welcm102,CIN189105220,NY1,1,,t
thorj102,CHN189105230,PHI,1,,t
ewinj101,CIN189105230,NY1,1,,t
gleak101,CIN189105250,PHI,1,,t
nichk101,PIT189105250,BSN,1,,t
rusia101,CHN189105260,NY1,1,,t
thorj102,CIN189105260,PHI,1,,t
brynt101,PIT189105260,BSN,1,,t
sharj101,CHN189105270,NY1,1,,t
gleak101,CIN189105270,PHI,1,,t
clarj102,PIT189105270,BSN,1,,t
rusia101,CHN189105280,NY1,1,,t
esped101,CIN189105280,PHI,1,,t
mullt101,BSN189105301,CIN,1,,t
radbc101,BSN189105302,CIN,1,,t
galvj103,BRO189105301,PIT,1,,t
baldm101,BRO189105302,PIT,1,,t
hutcb101,PHI189105301,CHN,1,,t
hutcb101,PHI189105302,CHN,1,,t
rhinb101,BSN189106010,CIN,1,,t
stras101,BRO189106010,PIT,1,,t
steie101,PHI189106010,CHN,1,,t
radbc101,BSN189106020,CIN,1,,t
kings103,BRO189106020,PIT,1,,t
gumba101,PHI189106020,CHN,1,,t
grubh101,BSN189106030,CL4,1,,t
hutcb101,BRO189106030,CHN,1,,t
galvj103,PHI189106030,PIT,1,,t
younc102,BSN189106040,CL4,1,,t
steie101,BRO189106040,CHN,1,,t
baldm101,PHI189106040,PIT,1,,t
viaul101,BSN189106050,CL4,1,,t
hutcb101,BRO189106050,CHN,1,,t
galvj103,PHI189106050,PIT,1,,t
younc102,BSN189106060,CL4,1,,t
steie101,BRO189106060,CHN,1,,t
kings103,PHI189106060,PIT,1,,t
hutcb101,BSN189106080,CHN,1,,t
grubh101,BRO189106080,CL4,1,,t
mullt101,PHI189106080,CIN,1,,t
lubyp101,BSN189106090,CHN,1,,t
viaul101,BRO189106090,CL4,1,,t
rhinb101,PHI189106090,CIN,1,,t
hutcb101,BSN189106100,CHN,1,,t
younc102,BRO189106100,CL4,1,,t
mullt101,PHI189106100,CIN,1,,t
gumba101,BSN189106110,CHN,1,,t
grubh101,BRO189106110,CL4,1,,t
rhinb101,PHI189106110,CIN,1,,t
baldm101,BSN189106120,PIT,1,,t
radbc101,BRO189106120,CIN,1,,t
viaul101,PHI189106120,CL4,1,,t
galvj103,BSN189106130,PIT,1,,t
duryj101,BRO189106130,CIN,1,,t
younc102,PHI189106130,CL4,1,,t
kings103,BSN189106150,PIT,1,,t
mullt101,BRO189106150,CIN,1,,t
grubh101,PHI189106150,CL4,1,,t
baldm101,BSN189106160,PIT,1,,t
rhinb101,BRO189106160,CIN,1,,t
younc102,PHI189106160,CL4,1,,t
lovet102,BSN189106171,BRO,1,,t
hemmg101,BSN189106172,BRO,1,,t
mullt101,PIT189106180,CIN,1,,t
terra101,BSN189106190,BRO,1,,t
carub101,BSN189106200,BRO,1,,t
rhinb101,PIT189106200,CIN,1,,t
ewinj101,BRO189106220,NY1,1,,t
clarj102,PHI189106220,BSN,1,,t
mullt101,PIT189106220,CIN,1,,t
rusia101,BRO189106230,NY1,1,,t
rhinb101,CHN189106230,CIN,1,,t
getzp101,PHI189106230,BSN,1,,t
radbc101,CHN189106240,CIN,1,,t
stalh101,PHI189106240,BSN,1,,t
mullt101,CHN189106250,CIN,1,,t
nichk101,PHI189106250,BSN,1,,t
rhinb101,CHN189106260,CIN,1,,t
terra101,PHI189106260,BRO,1,,t
baldm101,CHN189106270,PIT,1,,t
grubh101,CIN189106270,CL4,1,,t
carub101,PHI189106270,BRO,1,,t
baldm101,CHN189106290,PIT,1,,t
viaul101,CIN189106290,CL4,1,,t
lovet102,PHI189106290,BRO,1,,t
stalh101,BRO189106300,BSN,1,,t
kings103,CHN189106300,PIT,1,,t
younc102,CIN189106300,CL4,1,,t
rusia101,PHI189106300,NY1,1,,t
nichk101,BRO189107010,BSN,1,,t
grubh101,CHN189107010,CL4,1,,t
baldm101,CIN189107010,PIT,1,,t
welcm102,PHI189107010,NY1,1,,t
clarj102,BRO189107020,BSN,1,,t
viaul101,CHN189107020,CL4,1,,t
kings103,CIN189107020,PIT,1,,t
younc102,CHN189107030,CL4,1,,t
baldm101,CIN189107030,PIT,1,,t
hemmg101,CHN189107041,BRO,1,,t
lovet102,CHN189107042,BRO,1,,t
rusia101,CIN189107041,NY1,1,,t
ewinj101,CIN189107042,NY1,1,,t
nichk101,PIT189107041,BSN,1,,t
stalh101,PIT189107042,BSN,1,,t
carub101,CHN189107060,BRO,1,,t
rusia101,CIN189107060,NY1,1,,t
nichk101,PIT189107060,BSN,1,,t
thorj102,CHN189107070,PHI,1,,t
gleak101,CHN189107080,PHI,1,,t
terra101,CIN189107080,BRO,1,,t
welcm102,PIT189107080,NY1,1,,t
casse101,CHN189107090,PHI,1,,t
hemmg101,CIN189107090,BRO,1,,t
keeft101,PIT189107090,NY1,1,,t
rusia101,CHN189107100,NY1,1,,t
nichk101,CIN189107100,BSN,1,,t
esped101,PIT189107100,PHI,1,,t
rusia101,CHN189107110,NY1,1,,t
stalh101,CIN189107110,BSN,1,,t
thorj102,PIT189107110,PHI,1,,t
rusia101,CHN189107130,NY1,1,,t
nichk101,CIN189107130,BSN,1,,t
gleak101,PIT189107130,PHI,1,,t
clarj102,CHN189107140,BSN,1,,t
esped101,CIN189107140,PHI,1,,t
stalh101,CHN189107150,BSN,1,,t
thorj102,CIN189107150,PHI,1,,t
lovet102,PIT189107150,BRO,1,,t
clarj102,CHN189107160,BSN,1,,t
gleak101,CIN189107160,PHI,1,,t
terra101,PIT189107161,BRO,1,,t
carub101,PIT189107162,BRO,1,,t
lubyp101,PIT189107170,CHN,1,,t
esped101,BSN189107180,PHI,1,,t
gleak101,BSN189107200,PHI,1,,t
rusia101,BRO189107200,NY1,1,,t
hutcb101,PIT189107200,CHN,1,,t
thorj102,BSN189107210,PHI,1,,t
ewinj101,BRO189107210,NY1,1,,t
gumba101,PIT189107210,CHN,1,,t
terra101,BSN189107220,BRO,1,,t
rhinb101,CHN189107220,CIN,1,,t
hemmg101,BSN189107230,BRO,1,,t
mullt101,CHN189107230,CIN,1,,t
radbc101,CHN189107240,CIN,1,,t
welcm102,BSN189107250,NY1,1,,t
esped101,BRO189107250,PHI,1,,t
mullt101,PIT189107250,CIN,1,,t
welcm102,BSN189107270,NY1,1,,t
gleak101,BRO189107270,PHI,1,,t
rhinb101,PIT189107270,CIN,1,,t
dunna101,BSN189107280,NY1,1,,t
radbc101,PIT189107280,CIN,1,,t
gleak101,BRO189107290,PHI,1,,t
mullt101,PIT189107290,CIN,1,,t
hutcb101,CIN189107300,CHN,1,,t
younc102,PIT189107300,CL4,1,,t
gumba101,CIN189107310,CHN,1,,t
clarj102,PHI189107310,BSN,1,,t
grubh101,PIT189107310,CL4,1,,t
lubyp101,CIN189108010,CHN,1,,t
stalh101,PHI189108010,BSN,1,,t
viaul101,PIT189108010,CL4,1,,t
rhinb101,BSN189108030,CIN,1,,t
baldm101,BRO189108030,PIT,1,,t
hutcb101,PHI189108030,CHN,1,,t
mullt101,BSN189108040,CIN,1,,t
kings103,BRO189108040,PIT,1,,t
gumba101,PHI189108040,CHN,1,,t
radbc101,BSN189108050,CIN,1,,t
galvj103,BRO189108050,PIT,1,,t
lubyp101,PHI189108050,CHN,1,,t
hutcb101,BSN189108060,CHN,1,,t
grubh101,BRO189108060,CL4,1,,t
rhinb101,PHI189108060,CIN,1,,t
hutcb101,BSN189108070,CHN,1,,t
sheaj101,BRO189108070,CL4,1,,t
mullt101,PHI189108070,CIN,1,,t
gumba101,BSN189108080,CHN,1,,t
younc102,BRO189108080,CL4,1,,t
radbc101,PHI189108080,CIN,1,,t
baldm101,BSN189108100,PIT,1,,t
rhinb101,BRO189108100,CIN,1,,t
viaul101,PHI189108100,CL4,1,,t
kings103,BSN189108110,PIT,1,,t
radbc101,BRO189108110,CIN,1,,t
grubh101,PHI189108110,CL4,1,,t
galvj103,BSN189108120,PIT,1,,t
younc102,PHI189108120,CL4,1,,t
viaul101,BSN189108130,CL4,1,,t
gumba101,BRO189108130,CHN,1,,t
baldm101,PHI189108130,PIT,1,,t
grubh101,BSN189108140,CL4,1,,t
lubyp101,BRO189108140,CHN,1,,t
kings103,PHI189108140,PIT,1,,t
gumba101,BRO189108150,CHN,1,,t
baldm101,PHI189108150,PIT,1,,t
younc102,CIN189108170,CL4,1,,t
hemmg101,PHI189108170,BRO,1,,t
hutcb101,PIT189108170,CHN,1,,t
viaul101,CIN189108180,CL4,1,,t
gumba101,PIT189108180,CHN,1,,t
grubh101,CIN189108190,CL4,1,,t
lovet102,PHI189108190,BRO,1,,t
hutcb101,PIT189108190,CHN,1,,t
nichk101,BRO189108200,BSN,1,,t
grubh101,CHN189108200,CL4,1,,t
baldm101,CIN189108200,PIT,1,,t
rusia101,PHI189108200,NY1,1,,t
clarj102,BRO189108210,BSN,1,,t
getzp101,CHN189108210,CL4,1,,t
galvj103,CIN189108210,PIT,1,,t
ewinj101,PHI189108210,NY1,1,,t
stalh101,BRO189108220,BSN,1,,t
viaul101,CHN189108220,CL4,1,,t
kings103,CIN189108220,PIT,1,,t
rusia101,PHI189108220,NY1,1,,t
carub101,CHN189108240,BRO,1,,t
ewinj101,CIN189108240,NY1,1,,t
nichk101,PIT189108240,BSN,1,,t
hemmg101,CHN189108250,BRO,1,,t
barrb101,CIN189108250,NY1,1,,t
clarj102,PIT189108250,BSN,1,,t
lovet102,CHN189108260,BRO,1,,t
rusia101,CIN189108260,NY1,1,,t
stalh101,PIT189108260,BSN,1,,t
esped101,CHN189108270,PHI,1,,t
terra101,CIN189108270,BRO,1,,t
barrb101,PIT189108270,NY1,1,,t
klinb102,CHN189108280,PHI,1,,t
inksb101,CIN189108280,BRO,1,,t
rusia101,PIT189108280,NY1,1,,t
gleak101,CHN189108290,PHI,1,,t
carub101,CIN189108290,BRO,1,,t
clard102,PIT189108290,NY1,1,,t
rusia101,CHN189108310,NY1,1,,t
nichk101,CIN189108310,BSN,1,,t
keeft101,PIT189108310,PHI,1,,t
ewinj101,CHN189109010,NY1,1,,t
clarj102,CIN189109010,BSN,1,,t
esped101,PIT189109010,PHI,1,,t
rusia101,CHN189109020,NY1,1,,t
stalh101,CIN189109020,BSN,1,,t
gleak101,PIT189109020,PHI,1,,t
clarj102,CHN189109030,BSN,1,,t
klinb102,CIN189109030,PHI,1,,t
nichk101,CHN189109040,BSN,1,,t
carub101,PIT189109040,BRO,1,,t
stalh101,CHN189109050,BSN,1,,t
gleak101,CIN189109050,PHI,1,,t
inksb101,PIT189109051,BRO,1,,t
inksb101,PIT189109052,BRO,1,,t
vickt101,BRO189109071,CHN,1,,t
hutcb101,BRO189109072,CHN,1,,t
kings103,PHI189109071,PIT,1,,t
baldm101,PHI189109072,PIT,1,,t
rhinb101,BRO189109080,CIN,1,,t
grubh101,BSN189109081,CL4,1,,t
viaul101,BSN189109082,CL4,1,,t
hutcb101,BRO189109090,CHN,1,,t
baldm101,PHI189109090,PIT,1,,t
younc102,BSN189109091,CL4,1,,t
sheaj101,BSN189109092,CL4,1,,t
crane101,BSN189109100,CIN,1,,t
kings103,BRO189109100,PIT,1,,t
gumba101,PHI189109100,CHN,1,,t
rhinb101,BSN189109110,CIN,1,,t
galvj103,BRO189109110,PIT,1,,t
hutcb101,PHI189109110,CHN,1,,t
mullt101,BSN189109120,CIN,1,,t
gumba101,PHI189109120,CHN,1,,t
baldm101,BRO189109121,PIT,1,,t
baldm101,BRO189109122,PIT,1,,t
hutcb101,BSN189109140,CHN,1,,t
mullt101,BRO189109140,CIN,1,,t
beate101,PHI189109140,CL4,1,,t
gumba101,BSN189109150,CHN,1,,t
younc102,PHI189109150,CL4,1,,t
hutcb101,BSN189109160,CHN,1,,t
crane101,BRO189109161,CIN,1,,t
mullt101,BRO189109162,CIN,1,,t
viaul101,PHI189109161,CL4,1,,t
grubh101,PHI189109162,CL4,1,,t
galvj103,BSN189109170,PIT,1,,t
younc102,BRO189109170,CL4,1,,t
crane101,PHI189109170,CIN,1,,t
baldm101,BSN189109180,PIT,1,,t
viaul101,BRO189109180,CL4,1,,t
crane101,PHI189109180,CIN,1,,t
grubh101,BRO189109190,CL4,1,,t
kings103,BSN189109191,PIT,1,,t
baldm101,BSN189109192,PIT,1,,t
mullt101,PHI189109191,CIN,1,,t
crane101,PHI189109192,CIN,1,,t
inksb101,BSN189109210,BRO,1,,t
hutcb101,CIN189109210,CHN,1,,t
younc102,PIT189109210,CL4,1,,t
lovet102,BSN189109220,BRO,1,,t
vickt101,CIN189109220,CHN,1,,t
viaul101,PIT189109220,CL4,1,,t
hutcb101,CIN189109230,CHN,1,,t
grubh101,PIT189109230,CL4,1,,t
foutd101,BSN189109231,BRO,1,,t
inksb101,BSN189109232,BRO,1,,t
keeft101,BSN189109240,PHI,1,,t
rusia101,BRO189109240,NY1,1,,t
baldm101,CHN189109240,PIT,1,,t
gleak101,BSN189109250,PHI,1,,t
welcm102,BRO189109250,NY1,1,,t
galvj103,CHN189109250,PIT,1,,t
klinb102,BSN189109260,PHI,1,,t
baldm101,CHN189109260,PIT,1,,t
rusia101,BRO189109261,NY1,1,,t
rusia101,BRO189109262,NY1,1,,t
cougr101,BSN189109280,NY1,1,,t
gleak101,BRO189109280,PHI,1,,t
mullt101,PIT189109280,CIN,1,,t
keeft101,BRO189109290,PHI,1,,t
crane101,PIT189109290,CIN,1,,t
welcm102,BSN189109291,NY1,1,,t
sullm101,BSN189109292,NY1,1,,t
rhinb101,PIT189109300,CIN,1,,t
cougr101,BSN189109301,NY1,1,,t
sullm101,BSN189109302,NY1,1,,t
thorj102,BRO189109301,PHI,1,,t
klinb102,BRO189109302,PHI,1,,t
mullt101,CHN189110010,CIN,1,,t
clarj102,PHI189110010,BSN,1,,t
crane101,CHN189110020,CIN,1,,t
nichk101,PHI189110020,BSN,1,,t
rhinb101,CHN189110030,CIN,1,,t
clarj102,PHI189110030,BSN,1,,t
mullt101,CIN189104220,CIN,1,,t
gleak101,PHI189104220,PHI,1,,t
galvj103,PIT189104220,PIT,1,,t
duryj101,CIN189104230,CIN,1,,t
thorj102,PHI189104230,PHI,1,,t
stalh101,PIT189104230,PIT,1,,t
rhinb101,CIN189104240,CIN,1,,t
esped101,PHI189104240,PHI,1,,t
maula101,PIT189104240,PIT,1,,t
radbc101,CIN189104250,CIN,1,,t
gleak101,PHI189104250,PHI,1,,t
baldm101,PIT189104250,PIT,1,,t
nichk101,BSN189104270,BSN,1,,t
lovet102,BRO189104270,BRO,1,,t
mullt101,CIN189104270,CIN,1,,t
galvj103,PIT189104270,PIT,1,,t
clarj102,BSN189104280,BSN,1,,t
carub101,BRO189104280,BRO,1,,t
duryj101,CIN189104280,CIN,1,,t
stalh101,PIT189104280,PIT,1,,t
getzp101,BSN189104290,BSN,1,,t
rhinb101,CIN189104290,CIN,1,,t
galvj103,PIT189104290,PIT,1,,t
nichk101,BSN189104300,BSN,1,,t
mullt101,CIN189104300,CIN,1,,t
kings103,PIT189104300,PIT,1,,t
carub101,BRO189105010,BRO,1,,t
lubyp101,CHN189105010,CHN,1,,t
esped101,PHI189105010,PHI,1,,t
lovet102,BRO189105020,BRO,1,,t
gleak101,PHI189105020,PHI,1,,t
hemmg101,BRO189105040,BRO,1,,t
hutcb101,CHN189105040,CHN,1,,t
thorj102,PHI189105040,PHI,1,,t
lovet102,BRO189105050,BRO,1,,t
steie101,CHN189105050,CHN,1,,t
gleak101,PHI189105050,PHI,1,,t
nichk101,BSN189105060,BSN,1,,t
hemmg101,BRO189105060,BRO,1,,t
hutcb101,CHN189105060,CHN,1,,t
mullt101,CIN189105060,CIN,1,,t
kilej101,BSN189105070,BSN,1,,t
terra101,BRO189105070,BRO,1,,t
lubyp101,CHN189105070,CHN,1,,t
rhinb101,CIN189105070,CIN,1,,t
clarj102,BSN189105080,BSN,1,,t
carub101,BRO189105080,BRO,1,,t
hutcb101,CHN189105080,CHN,1,,t
duryj101,CIN189105080,CIN,1,,t
nichk101,BSN189105090,BSN,1,,t
lovet102,BRO189105090,BRO,1,,t
gumba101,CHN189105090,CHN,1,,t
radbc101,CIN189105090,CIN,1,,t
hutcb101,CHN189105110,CHN,1,,t
mullt101,CIN189105110,CIN,1,,t
baldm101,PIT189105110,PIT,1,,t
lubyp101,CHN189105120,CHN,1,,t
rhinb101,CIN189105120,CIN,1,,t
kings103,PIT189105120,PIT,1,,t
gumba101,CHN189105130,CHN,1,,t
duryj101,CIN189105130,CIN,1,,t
galvj103,PIT189105130,PIT,1,,t
hutcb101,CHN189105140,CHN,1,,t
radbc101,CIN189105140,CIN,1,,t
stalh101,PIT189105140,PIT,1,,t
gumba101,CHN189105150,CHN,1,,t
mullt101,CIN189105150,CIN,1,,t
baldm101,PIT189105150,PIT,1,,t
lubyp101,CHN189105160,CHN,1,,t
radbc101,CIN189105160,CIN,1,,t
kings103,PIT189105160,PIT,1,,t
hutcb101,CHN189105180,CHN,1,,t
duryj101,CIN189105180,CIN,1,,t
galvj103,PIT189105180,PIT,1,,t
steie101,CHN189105190,CHN,1,,t
radbc101,CIN189105190,CIN,1,,t
stalh101,PIT189105190,PIT,1,,t
lubyp101,CHN189105200,CHN,1,,t
baldm101,PIT189105200,PIT,1,,t
gumba101,CHN189105210,CHN,1,,t
radbc101,CIN189105210,CIN,1,,t
kings103,PIT189105210,PIT,1,,t
rhinb101,CIN189105220,CIN,1,,t
steie101,CHN189105230,CHN,1,,t
duryj101,CIN189105230,CIN,1,,t
mullt101,CIN189105250,CIN,1,,t
stras101,PIT189105250,PIT,1,,t
hutcb101,CHN189105260,CHN,1,,t
rhinb101,CIN189105260,CIN,1,,t
baldm101,PIT189105260,PIT,1,,t
lubyp101,CHN189105270,CHN,1,,t
mullt101,CIN189105270,CIN,1,,t
kings103,PIT189105270,PIT,1,,t
hutcb101,CHN189105280,CHN,1,,t
duryj101,CIN189105280,CIN,1,,t
stalh101,BSN189105301,BSN,1,,t
clarj102,BSN189105302,BSN,1,,t
lovet102,BRO189105301,BRO,1,,t
terra101,BRO189105302,BRO,1,,t
smitp106,PHI189105301,PHI,1,,t
thorj102,PHI189105302,PHI,1,,t
nichk101,BSN189106010,BSN,1,,t
hemmg101,BRO189106010,BRO,1,,t
esped101,PHI189106010,PHI,1,,t
stalh101,BSN189106020,BSN,1,,t
lovet102,BRO189106020,BRO,1,,t
gleak101,PHI189106020,PHI,1,,t
getzp101,BSN189106030,BSN,1,,t
terra101,BRO189106030,BRO,1,,t
thorj102,PHI189106030,PHI,1,,t
nichk101,BSN189106040,BSN,1,,t
hemmg101,BRO189106040,BRO,1,,t
esped101,PHI189106040,PHI,1,,t
clarj102,BSN189106050,BSN,1,,t
lovet102,BRO189106050,BRO,1,,t
gleak101,PHI189106050,PHI,1,,t
getzp101,BSN189106060,BSN,1,,t
carub101,BRO189106060,BRO,1,,t
thorj102,PHI189106060,PHI,1,,t
clarj102,BSN189106080,BSN,1,,t
lovet102,BRO189106080,BRO,1,,t
esped101,PHI189106080,PHI,1,,t
stalh101,BSN189106090,BSN,1,,t
carub101,BRO189106090,BRO,1,,t
gleak101,PHI189106090,PHI,1,,t
clarj102,BSN189106100,BSN,1,,t
lovet102,BRO189106100,BRO,1,,t
thorj102,PHI189106100,PHI,1,,t
stalh101,BSN189106110,BSN,1,,t
terra101,BRO189106110,BRO,1,,t
schuj102,PHI189106110,PHI,1,,t
nichk101,BSN189106120,BSN,1,,t
carub101,BRO189106120,BRO,1,,t
esped101,PHI189106120,PHI,1,,t
clarj102,BSN189106130,BSN,1,,t
lovet102,BRO189106130,BRO,1,,t
thorj102,PHI189106130,PHI,1,,t
nichk101,BSN189106150,BSN,1,,t
terra101,BRO189106150,BRO,1,,t
smitp106,PHI189106150,PHI,1,,t
clarj102,BSN189106160,BSN,1,,t
carub101,BRO189106160,BRO,1,,t
gormj102,PHI189106160,PHI,1,,t
nichk101,BSN189106171,BSN,1,,t
stalh101,BSN189106172,BSN,1,,t
galvj103,PIT189106180,PIT,1,,t
clarj102,BSN189106190,BSN,1,,t
nichk101,BSN189106200,BSN,1,,t
baldm101,PIT189106200,PIT,1,,t
lovet102,BRO189106220,BRO,1,,t
thorj102,PHI189106220,PHI,1,,t
kings103,PIT189106220,PIT,1,,t
terra101,BRO189106230,BRO,1,,t
lubyp101,CHN189106230,CHN,1,,t
esped101,PHI189106230,PHI,1,,t
hutcb101,CHN189106240,CHN,1,,t
gleak101,PHI189106240,PHI,1,,t
lubyp101,CHN189106250,CHN,1,,t
thorj102,PHI189106250,PHI,1,,t
hutcb101,CHN189106260,CHN,1,,t
casse101,PHI189106260,PHI,1,,t
lubyp101,CHN189106270,CHN,1,,t
mullt101,CIN189106270,CIN,1,,t
gleak101,PHI189106270,PHI,1,,t
hutcb101,CHN189106290,CHN,1,,t
rhinb101,CIN189106290,CIN,1,,t
esped101,PHI189106290,PHI,1,,t
hemmg101,BRO189106300,BRO,1,,t
steie101,CHN189106300,CHN,1,,t
radbc101,CIN189106300,CIN,1,,t
thorj102,PHI189106300,PHI,1,,t
carub101,BRO189107010,BRO,1,,t
hutcb101,CHN189107010,CHN,1,,t
mullt101,CIN189107010,CIN,1,,t
gleak101,PHI189107010,PHI,1,,t
terra101,BRO189107020,BRO,1,,t
lubyp101,CHN189107020,CHN,1,,t
rhinb101,CIN189107020,CIN,1,,t
hutcb101,CHN189107030,CHN,1,,t
radbc101,CIN189107030,CIN,1,,t
lubyp101,CHN189107041,CHN,1,,t
hutcb101,CHN189107042,CHN,1,,t
mullt101,CIN189107041,CIN,1,,t
rhinb101,CIN189107042,CIN,1,,t
kings103,PIT189107041,PIT,1,,t
baldm101,PIT189107042,PIT,1,,t
hutcb101,CHN189107060,CHN,1,,t
radbc101,CIN189107060,CIN,1,,t
kings103,PIT189107060,PIT,1,,t
steie101,CHN189107070,CHN,1,,t
hutcb101,CHN189107080,CHN,1,,t
rhinb101,CIN189107080,CIN,1,,t
baldm101,PIT189107080,PIT,1,,t
gumba101,CHN189107090,CHN,1,,t
radbc101,CIN189107090,CIN,1,,t
galvj103,PIT189107090,PIT,1,,t
hutcb101,CHN189107100,CHN,1,,t
rhinb101,CIN189107100,CIN,1,,t
kings103,PIT189107100,PIT,1,,t
gumba101,CHN189107110,CHN,1,,t
radbc101,CIN189107110,CIN,1,,t
baldm101,PIT189107110,PIT,1,,t
hutcb101,CHN189107130,CHN,1,,t
radbc101,CIN189107130,CIN,1,,t
kings103,PIT189107130,PIT,1,,t
gumba101,CHN189107140,CHN,1,,t
mullt101,CIN189107140,CIN,1,,t
lubyp101,CHN189107150,CHN,1,,t
rhinb101,CIN189107150,CIN,1,,t
baldm101,PIT189107150,PIT,1,,t
gumba101,CHN189107160,CHN,1,,t
mullt101,CIN189107160,CIN,1,,t
kings103,PIT189107161,PIT,1,,t
galvj103,PIT189107162,PIT,1,,t
baldm101,PIT189107170,PIT,1,,t
nichk101,BSN189107180,BSN,1,,t
clarj102,BSN189107200,BSN,1,,t
lovet102,BRO189107200,BRO,1,,t
kings103,PIT189107200,PIT,1,,t
stalh101,BSN189107210,BSN,1,,t
carub101,BRO189107210,BRO,1,,t
baldm101,PIT189107210,PIT,1,,t
nichk101,BSN189107220,BSN,1,,t
hutcb101,CHN189107220,CHN,1,,t
clarj102,BSN189107230,BSN,1,,t
lubyp101,CHN189107230,CHN,1,,t
nicog101,CHN189107240,CHN,1,,t
clarj102,BSN189107250,BSN,1,,t
lovet102,BRO189107250,BRO,1,,t
kings103,PIT189107250,PIT,1,,t
stalh101,BSN189107270,BSN,1,,t
carub101,BRO189107270,BRO,1,,t
baldm101,PIT189107270,PIT,1,,t
nichk101,BSN189107280,BSN,1,,t
kings103,PIT189107280,PIT,1,,t
lovet102,BRO189107290,BRO,1,,t
baldm101,PIT189107290,PIT,1,,t
rhinb101,CIN189107300,CIN,1,,t
kings103,PIT189107300,PIT,1,,t
mullt101,CIN189107310,CIN,1,,t
esped101,PHI189107310,PHI,1,,t
baldm101,PIT189107310,PIT,1,,t
radbc101,CIN189108010,CIN,1,,t
gleak101,PHI189108010,PHI,1,,t
kings103,PIT189108010,PIT,1,,t
nichk101,BSN189108030,BSN,1,,t
terra101,BRO189108030,BRO,1,,t
thorj102,PHI189108030,PHI,1,,t
clarj102,BSN189108040,BSN,1,,t
lovet102,BRO189108040,BRO,1,,t
gleak101,PHI189108040,PHI,1,,t
stalh101,BSN189108050,BSN,1,,t
carub101,BRO189108050,BRO,1,,t
esped101,PHI189108050,PHI,1,,t
nichk101,BSN189108060,BSN,1,,t
terra101,BRO189108060,BRO,1,,t
thorj102,PHI189108060,PHI,1,,t
clarj102,BSN189108070,BSN,1,,t
lovet102,BRO189108070,BRO,1,,t
gleak101,PHI189108070,PHI,1,,t
stalh101,BSN189108080,BSN,1,,t
carub101,BRO189108080,BRO,1,,t
esped101,PHI189108080,PHI,1,,t
nichk101,BSN189108100,BSN,1,,t
terra101,BRO189108100,BRO,1,,t
thorj102,PHI189108100,PHI,1,,t
clarj102,BSN189108110,BSN,1,,t
lovet102,BRO189108110,BRO,1,,t
gleak101,PHI189108110,PHI,1,,t
stalh101,BSN189108120,BSN,1,,t
esped101,PHI189108120,PHI,1,,t
nichk101,BSN189108130,BSN,1,,t
carub101,BRO189108130,BRO,1,,t
klinb102,PHI189108130,PHI,1,,t
clarj102,BSN189108140,BSN,1,,t
hemmg101,BRO189108140,BRO,1,,t
gleak101,PHI189108140,PHI,1,,t
lovet102,BRO189108150,BRO,1,,t
esped101,PHI189108150,PHI,1,,t
mullt101,CIN189108170,CIN,1,,t
gleak101,PHI189108170,PHI,1,,t
kings103,PIT189108170,PIT,1,,t
rhinb101,CIN189108180,CIN,1,,t
galvj103,PIT189108180,PIT,1,,t
mullt101,CIN189108190,CIN,1,,t
keeft101,PHI189108190,PHI,1,,t
kings103,PIT189108190,PIT,1,,t
carub101,BRO189108200,BRO,1,,t
vickt101,CHN189108200,CHN,1,,t
rhinb101,CIN189108200,CIN,1,,t
esped101,PHI189108200,PHI,1,,t
hemmg101,BRO189108210,BRO,1,,t
hutcb101,CHN189108210,CHN,1,,t
mullt101,CIN189108210,CIN,1,,t
gleak101,PHI189108210,PHI,1,,t
lovet102,BRO189108220,BRO,1,,t
gumba101,CHN189108220,CHN,1,,t
crane101,CIN189108220,CIN,1,,t
keeft101,PHI189108220,PHI,1,,t
vickt101,CHN189108240,CHN,1,,t
rhinb101,CIN189108240,CIN,1,,t
baldm101,PIT189108240,PIT,1,,t
lubyp101,CHN189108250,CHN,1,,t
mullt101,CIN189108250,CIN,1,,t
galvj103,PIT189108250,PIT,1,,t
gumba101,CHN189108260,CHN,1,,t
crane101,CIN189108260,CIN,1,,t
baldm101,PIT189108260,PIT,1,,t
hutcb101,CHN189108270,CHN,1,,t
rhinb101,CIN189108270,CIN,1,,t
kings103,PIT189108270,PIT,1,,t
vickt101,CHN189108280,CHN,1,,t
mullt101,CIN189108280,CIN,1,,t
baldm101,PIT189108280,PIT,1,,t
gumba101,CHN189108290,CHN,1,,t
crane101,CIN189108290,CIN,1,,t
galvj103,PIT189108290,PIT,1,,t
hutcb101,CHN189108310,CHN,1,,t
rhinb101,CIN189108310,CIN,1,,t
kings103,PIT189108310,PIT,1,,t
vickt101,CHN189109010,CHN,1,,t
rhinb101,CIN189109010,CIN,1,,t
baldm101,PIT189109010,PIT,1,,t
gumba101,CHN189109020,CHN,1,,t
crane101,CIN189109020,CIN,1,,t
kings103,PIT189109020,PIT,1,,t
hutcb101,CHN189109030,CHN,1,,t
mullt101,CIN189109030,CIN,1,,t
vickt101,CHN189109040,CHN,1,,t
galvj103,PIT189109040,PIT,1,,t
gumba101,CHN189109050,CHN,1,,t
rhinb101,CIN189109050,CIN,1,,t
kings103,PIT189109051,PIT,1,,t
baldm101,PIT189109052,PIT,1,,t
carub101,BRO189109071,BRO,1,,t
lovet102,BRO189109072,BRO,1,,t
thorj102,PHI189109071,PHI,1,,t
keeft101,PHI189109072,PHI,1,,t
hemmg101,BRO189109080,BRO,1,,t
clarj102,BSN189109081,BSN,1,,t
stalh101,BSN189109082,BSN,1,,t
inksb101,BRO189109090,BRO,1,,t
esped101,PHI189109090,PHI,1,,t
nichk101,BSN189109091,BSN,1,,t
clarj102,BSN189109092,BSN,1,,t
stalh101,BSN189109100,BSN,1,,t
carub101,BRO189109100,BRO,1,,t
gleak101,PHI189109100,PHI,1,,t
nichk101,BSN189109110,BSN,1,,t
lovet102,BRO189109110,BRO,1,,t
thorj102,PHI189109110,PHI,1,,t
clarj102,BSN189109120,BSN,1,,t
keeft101,PHI189109120,PHI,1,,t
terra101,BRO189109121,BRO,1,,t
inksb101,BRO189109122,BRO,1,,t
stalh101,BSN189109140,BSN,1,,t
carub101,BRO189109140,BRO,1,,t
klinb102,PHI189109140,PHI,1,,t
clarj102,BSN189109150,BSN,1,,t
esped101,PHI189109150,PHI,1,,t
nichk101,BSN189109160,BSN,1,,t
lovet102,BRO189109161,BRO,1,,t
lovet102,BRO189109162,BRO,1,,t
keeft101,PHI189109161,PHI,1,,t
thorj102,PHI189109162,PHI,1,,t
stalh101,BSN189109170,BSN,1,,t
inksb101,BRO189109170,BRO,1,,t
gleak101,PHI189109170,PHI,1,,t
clarj102,BSN189109180,BSN,1,,t
carub101,BRO189109180,BRO,1,,t
klinb102,PHI189109180,PHI,1,,t
foutd101,BRO189109190,BRO,1,,t
nichk101,BSN189109191,BSN,1,,t
clarj102,BSN189109192,BSN,1,,t
esped101,PHI189109191,PHI,1,,t
thorj102,PHI189109192,PHI,1,,t
stalh101,BSN189109210,BSN,1,,t
mullt101,CIN189109210,CIN,1,,t
baldm101,PIT189109210,PIT,1,,t
nichk101,BSN189109220,BSN,1,,t
rhinb101,CIN189109220,CIN,1,,t
kings103,PIT189109220,PIT,1,,t
stepc101,CIN189109230,CIN,1,,t
galvj103,PIT189109230,PIT,1,,t
clarj102,BSN189109231,BSN,1,,t
stalh101,BSN189109232,BSN,1,,t
nichk101,BSN189109240,BSN,1,,t
lovet102,BRO189109240,BRO,1,,t
vickt101,CHN189109240,CHN,1,,t
clarj102,BSN189109250,BSN,1,,t
foutd101,BRO189109250,BRO,1,,t
gumba101,CHN189109250,CHN,1,,t
stalh101,BSN189109260,BSN,1,,t
hutcb101,CHN189109260,CHN,1,,t
inksb101,BRO189109261,BRO,1,,t
lovet102,BRO189109262,BRO,1,,t
nichk101,BSN189109280,BSN,1,,t
foutd101,BRO189109280,BRO,1,,t
kings103,PIT189109280,PIT,1,,t
inksb101,BRO189109290,BRO,1,,t
baldm101,PIT189109290,PIT,1,,t
clarj102,BSN189109291,BSN,1,,t
stalh101,BSN189109292,BSN,1,,t
maula101,PIT189109300,PIT,1,,t
nichk101,BSN189109301,BSN,1,,t
stalh101,BSN189109302,BSN,1,,t
carub101,BRO189109301,BRO,1,,t
lovet102,BRO189109302,BRO,1,,t
hutcb101,CHN189110010,CHN,1,,t
esped101,PHI189110010,PHI,1,,t
vickt101,CHN189110020,CHN,1,,t
gleak101,PHI189110020,PHI,1,,t
vickt101,CHN189110030,CHN,1,,t
keeft101,PHI189110030,PHI,1,,t
