id,game_id,team_id,field_pos,batt_ord,start
danic901,PHI188804200,UMP,ump_hp,,t
decks901,PIT188804200,UMP,ump_hp,,t
danic901,PHI188804210,UMP,ump_hp,,t
decks901,PIT188804210,UMP,ump_hp,,t
danic901,PHI188804230,UMP,ump_hp,,t
decks901,PIT188804230,UMP,ump_hp,,t
danic901,PHI188804240,UMP,ump_hp,,t
decks901,PIT188804240,UMP,ump_hp,,t
decks901,PIT188804260,UMP,ump_hp,,t
decks901,PIT188804270,UMP,ump_hp,,t
decks901,PIT188804280,UMP,ump_hp,,t
lynct901,PHI188804300,UMP,ump_hp,,t
decks901,PIT188804300,UMP,ump_hp,,t
valej101,CHN188805010,UMP,ump_hp,,t
decks901,DTN188805010,UMP,ump_hp,,t
lynct901,PHI188805010,UMP,ump_hp,,t
valej101,CHN188805020,UMP,ump_hp,,t
decks901,DTN188805020,UMP,ump_hp,,t
lynct901,PHI188805020,UMP,ump_hp,,t
valej101,CHN188805030,UMP,ump_hp,,t
decks901,DTN188805030,UMP,ump_hp,,t
lynct901,PHI188805030,UMP,ump_hp,,t
valej101,CHN188805040,UMP,ump_hp,,t
decks901,DTN188805040,UMP,ump_hp,,t
valej101,CHN188805050,UMP,ump_hp,,t
decks901,DTN188805050,UMP,ump_hp,,t
danic901,PIT188805050,UMP,ump_hp,,t
decks901,DTN188805070,UMP,ump_hp,,t
danic901,PIT188805070,UMP,ump_hp,,t
valej101,CHN188805090,UMP,ump_hp,,t
decks901,DTN188805090,UMP,ump_hp,,t
danic901,PIT188805090,UMP,ump_hp,,t
valej101,CHN188805100,UMP,ump_hp,,t
decks901,DTN188805100,UMP,ump_hp,,t
danic901,PIT188805100,UMP,ump_hp,,t
decks901,DTN188805110,UMP,ump_hp,,t
danic901,PIT188805110,UMP,ump_hp,,t
valej101,CHN188805120,UMP,ump_hp,,t
decks901,DTN188805120,UMP,ump_hp,,t
danic901,PIT188805120,UMP,ump_hp,,t
lynct901,CHN188805140,UMP,ump_hp,,t
valej101,PIT188805140,UMP,ump_hp,,t
lynct901,CHN188805150,UMP,ump_hp,,t
danic901,DTN188805150,UMP,ump_hp,,t
valej101,PIT188805150,UMP,ump_hp,,t
lynct901,CHN188805160,UMP,ump_hp,,t
danic901,DTN188805160,UMP,ump_hp,,t
valej101,PIT188805160,UMP,ump_hp,,t
lynct901,CHN188805170,UMP,ump_hp,,t
danic901,DTN188805170,UMP,ump_hp,,t
valej101,PIT188805170,UMP,ump_hp,,t
lynct901,CHN188805180,UMP,ump_hp,,t
lynct901,CHN188805190,UMP,ump_hp,,t
danic901,DTN188805190,UMP,ump_hp,,t
valej101,PIT188805190,UMP,ump_hp,,t
lynct901,CHN188805210,UMP,ump_hp,,t
danic901,DTN188805210,UMP,ump_hp,,t
valej101,PIT188805210,UMP,ump_hp,,t
lynct901,CHN188805220,UMP,ump_hp,,t
danic901,DTN188805220,UMP,ump_hp,,t
valej101,PIT188805220,UMP,ump_hp,,t
lynct901,CHN188805230,UMP,ump_hp,,t
danic901,DTN188805230,UMP,ump_hp,,t
valej101,PIT188805230,UMP,ump_hp,,t
decks901,CHN188805240,UMP,ump_hp,,t
valej101,PIT188805240,UMP,ump_hp,,t
lynct901,BSN188805250,UMP,ump_hp,,t
decks901,CHN188805250,UMP,ump_hp,,t
lynct901,BSN188805260,UMP,ump_hp,,t
decks901,CHN188805260,UMP,ump_hp,,t
valej101,PIT188805260,UMP,ump_hp,,t
lynct901,BSN188805290,UMP,ump_hp,,t
lynct901,BSN188805301,UMP,ump_hp,,t
lynct901,BSN188805302,UMP,ump_hp,,t
valej101,PHI188805301,UMP,ump_hp,,t
valej101,PHI188805302,UMP,ump_hp,,t
lynct901,BSN188805310,UMP,ump_hp,,t
lynct901,BSN188806010,UMP,ump_hp,,t
valej101,PHI188806010,UMP,ump_hp,,t
lynct901,BSN188806020,UMP,ump_hp,,t
valej101,PHI188806020,UMP,ump_hp,,t
lynct901,BSN188806040,UMP,ump_hp,,t
decks901,PHI188806040,UMP,ump_hp,,t
lynct901,BSN188806050,UMP,ump_hp,,t
decks901,PHI188806050,UMP,ump_hp,,t
lynct901,BSN188806060,UMP,ump_hp,,t
decks901,PHI188806060,UMP,ump_hp,,t
lynct901,BSN188806080,UMP,ump_hp,,t
decks901,PHI188806080,UMP,ump_hp,,t
lynct901,BSN188806090,UMP,ump_hp,,t
decks901,PHI188806090,UMP,ump_hp,,t
valej101,BSN188806110,UMP,ump_hp,,t
decks901,PHI188806110,UMP,ump_hp,,t
valej101,BSN188806120,UMP,ump_hp,,t
decks901,PHI188806120,UMP,ump_hp,,t
danic901,PHI188806130,UMP,ump_hp,,t
danic901,PHI188806140,UMP,ump_hp,,t
valej101,BSN188806150,UMP,ump_hp,,t
danic901,PHI188806150,UMP,ump_hp,,t
valej101,BSN188806160,UMP,ump_hp,,t
danic901,PHI188806160,UMP,ump_hp,,t
valej101,BSN188806181,UMP,ump_hp,,t
valej101,BSN188806182,UMP,ump_hp,,t
danic901,BSN188806190,UMP,ump_hp,,t
danic901,BSN188806200,UMP,ump_hp,,t
lynct901,CHN188806200,UMP,ump_hp,,t
valej101,DTN188806200,UMP,ump_hp,,t
danic901,BSN188806210,UMP,ump_hp,,t
lynct901,CHN188806210,UMP,ump_hp,,t
valej101,DTN188806210,UMP,ump_hp,,t
danic901,BSN188806220,UMP,ump_hp,,t
lynct901,CHN188806220,UMP,ump_hp,,t
valej101,DTN188806220,UMP,ump_hp,,t
danic901,BSN188806230,UMP,ump_hp,,t
lynct901,CHN188806230,UMP,ump_hp,,t
valej101,DTN188806230,UMP,ump_hp,,t
kellk102,PHI188806230,UMP,ump_hp,,t
danic901,BSN188806250,UMP,ump_hp,,t
valej101,DTN188806250,UMP,ump_hp,,t
kellk102,PHI188806250,UMP,ump_hp,,t
valej101,DTN188806260,UMP,ump_hp,,t
kellk102,PHI188806260,UMP,ump_hp,,t
danic901,BSN188806270,UMP,ump_hp,,t
valej101,DTN188806270,UMP,ump_hp,,t
kellk102,PHI188806270,UMP,ump_hp,,t
mcgue901,BSN188806280,UMP,ump_hp,,t
danic901,PHI188806290,UMP,ump_hp,,t
valej101,PIT188806290,UMP,ump_hp,,t
danic901,PHI188806300,UMP,ump_hp,,t
valej101,PIT188806300,UMP,ump_hp,,t
danic901,PHI188807020,UMP,ump_hp,,t
valej101,PIT188807020,UMP,ump_hp,,t
lynct901,PIT188807040,UMP,ump_hp,,t
kellk102,CHN188807041,UMP,ump_hp,,t
kellk102,CHN188807042,UMP,ump_hp,,t
danic901,DTN188807041,UMP,ump_hp,,t
danic901,DTN188807042,UMP,ump_hp,,t
kellk102,CHN188807050,UMP,ump_hp,,t
danic901,DTN188807050,UMP,ump_hp,,t
lynct901,PIT188807050,UMP,ump_hp,,t
lynct901,PIT188807060,UMP,ump_hp,,t
kellk102,CHN188807070,UMP,ump_hp,,t
danic901,DTN188807070,UMP,ump_hp,,t
lynct901,PIT188807070,UMP,ump_hp,,t
kellk102,CHN188807090,UMP,ump_hp,,t
danic901,DTN188807090,UMP,ump_hp,,t
kellk102,CHN188807100,UMP,ump_hp,,t
danic901,DTN188807100,UMP,ump_hp,,t
lynct901,PIT188807100,UMP,ump_hp,,t
lynct901,CHN188807110,UMP,ump_hp,,t
kellk102,DTN188807110,UMP,ump_hp,,t
danic901,PIT188807110,UMP,ump_hp,,t
sulld901,CHN188807120,UMP,ump_hp,,t
sulld901,CHN188807130,UMP,ump_hp,,t
kellk102,DTN188807131,UMP,ump_hp,,t
kellk102,DTN188807132,UMP,ump_hp,,t
danic901,PIT188807131,UMP,ump_hp,,t
danic901,PIT188807132,UMP,ump_hp,,t
sulld901,CHN188807140,UMP,ump_hp,,t
kellk102,DTN188807140,UMP,ump_hp,,t
buffc101,PIT188807140,UMP,ump_hp,,t
welcm102,CHN188807160,UMP,ump_hp,,t
kellk102,DTN188807160,UMP,ump_hp,,t
cased103,PIT188807160,UMP,ump_hp,,t
powep101,CHN188807170,UMP,ump_hp,,t
kellk102,DTN188807170,UMP,ump_hp,,t
tools101,PIT188807170,UMP,ump_hp,,t
kellk102,DTN188807180,UMP,ump_hp,,t
kellk102,DTN188807190,UMP,ump_hp,,t
danic901,PHI188807190,UMP,ump_hp,,t
kellk102,DTN188807200,UMP,ump_hp,,t
danic901,PHI188807200,UMP,ump_hp,,t
kellk102,DTN188807210,UMP,ump_hp,,t
danic901,PHI188807210,UMP,ump_hp,,t
kellk102,DTN188807230,UMP,ump_hp,,t
valej101,PHI188807230,UMP,ump_hp,,t
arunt101,PHI188807240,UMP,ump_hp,,t
kellk102,DTN188807241,UMP,ump_hp,,t
kellk102,DTN188807242,UMP,ump_hp,,t
powep101,PHI188807250,UMP,ump_hp,,t
powep101,BSN188807260,UMP,ump_hp,,t
lynct901,CHN188807260,UMP,ump_hp,,t
kellk102,PIT188807260,UMP,ump_hp,,t
lynct901,CHN188807270,UMP,ump_hp,,t
kellk102,PIT188807270,UMP,ump_hp,,t
powep101,BSN188807280,UMP,ump_hp,,t
lynct901,CHN188807280,UMP,ump_hp,,t
kellk102,PIT188807280,UMP,ump_hp,,t
powep101,BSN188807300,UMP,ump_hp,,t
kellk102,CHN188807300,UMP,ump_hp,,t
lynct901,DTN188807300,UMP,ump_hp,,t
powep101,BSN188807310,UMP,ump_hp,,t
lynct901,DTN188807310,UMP,ump_hp,,t
powep101,BSN188808010,UMP,ump_hp,,t
kellk102,CHN188808010,UMP,ump_hp,,t
lynct901,DTN188808010,UMP,ump_hp,,t
knigl101,BSN188808020,UMP,ump_hp,,t
kellk102,CHN188808020,UMP,ump_hp,,t
lynct901,DTN188808020,UMP,ump_hp,,t
knigl101,BSN188808030,UMP,ump_hp,,t
kellk102,CHN188808030,UMP,ump_hp,,t
knigl101,BSN188808040,UMP,ump_hp,,t
kellk102,CHN188808040,UMP,ump_hp,,t
lynct901,DTN188808040,UMP,ump_hp,,t
valej101,BSN188808070,UMP,ump_hp,,t
lynct901,PHI188808070,UMP,ump_hp,,t
valej101,BSN188808080,UMP,ump_hp,,t
lynct901,PHI188808080,UMP,ump_hp,,t
valej101,BSN188808090,UMP,ump_hp,,t
lynct901,PHI188808090,UMP,ump_hp,,t
knigl101,BSN188808100,UMP,ump_hp,,t
lynct901,PHI188808100,UMP,ump_hp,,t
valej101,BSN188808110,UMP,ump_hp,,t
lynct901,PHI188808110,UMP,ump_hp,,t
powep101,PHI188808130,UMP,ump_hp,,t
kellk102,BSN188808140,UMP,ump_hp,,t
powep101,PHI188808140,UMP,ump_hp,,t
kellk102,BSN188808150,UMP,ump_hp,,t
powep101,PHI188808150,UMP,ump_hp,,t
kellk102,BSN188808160,UMP,ump_hp,,t
powep101,PHI188808160,UMP,ump_hp,,t
powep101,PHI188808170,UMP,ump_hp,,t
kellk102,BSN188808180,UMP,ump_hp,,t
powep101,PHI188808180,UMP,ump_hp,,t
valej101,PHI188808200,UMP,ump_hp,,t
lynct901,PIT188808200,UMP,ump_hp,,t
valej101,PHI188808220,UMP,ump_hp,,t
lynct901,PIT188808221,UMP,ump_hp,,t
lynct901,PIT188808222,UMP,ump_hp,,t
danic901,DTN188808230,UMP,ump_hp,,t
valej101,PHI188808230,UMP,ump_hp,,t
lynct901,PIT188808230,UMP,ump_hp,,t
danic901,DTN188808240,UMP,ump_hp,,t
valej101,PHI188808240,UMP,ump_hp,,t
lynct901,PIT188808240,UMP,ump_hp,,t
danic901,DTN188808250,UMP,ump_hp,,t
valej101,PHI188808250,UMP,ump_hp,,t
lynct901,PIT188808251,UMP,ump_hp,,t
lynct901,PIT188808252,UMP,ump_hp,,t
danic901,DTN188808270,UMP,ump_hp,,t
lynct901,CHN188808271,UMP,ump_hp,,t
lynct901,CHN188808272,UMP,ump_hp,,t
lynct901,CHN188808280,UMP,ump_hp,,t
danic901,DTN188808280,UMP,ump_hp,,t
lynct901,CHN188808290,UMP,ump_hp,,t
danic901,DTN188808290,UMP,ump_hp,,t
valej101,BSN188808300,UMP,ump_hp,,t
kellk102,PHI188808300,UMP,ump_hp,,t
powep101,PIT188808300,UMP,ump_hp,,t
valej101,BSN188808310,UMP,ump_hp,,t
kellk102,PHI188808310,UMP,ump_hp,,t
valej101,BSN188809010,UMP,ump_hp,,t
kellk102,PHI188809010,UMP,ump_hp,,t
powep101,PIT188809011,UMP,ump_hp,,t
powep101,PIT188809012,UMP,ump_hp,,t
lynct901,CHN188809030,UMP,ump_hp,,t
valej101,BSN188809031,UMP,ump_hp,,t
whitj102,BSN188809032,UMP,ump_hp,,t
valej101,BSN188809040,UMP,ump_hp,,t
lynct901,CHN188809040,UMP,ump_hp,,t
valej101,BSN188809050,UMP,ump_hp,,t
lynct901,CHN188809050,UMP,ump_hp,,t
lynct901,CHN188809060,UMP,ump_hp,,t
powep101,CHN188809070,UMP,ump_hp,,t
powep101,CHN188809080,UMP,ump_hp,,t
lynct901,DTN188809081,UMP,ump_hp,,t
lynct901,DTN188809082,UMP,ump_hp,,t
kellk102,PIT188809081,UMP,ump_hp,,t
kellk102,PIT188809082,UMP,ump_hp,,t
powep101,CHN188809100,UMP,ump_hp,,t
lynct901,DTN188809100,UMP,ump_hp,,t
kellk102,PIT188809101,UMP,ump_hp,,t
kellk102,PIT188809102,UMP,ump_hp,,t
powep101,CHN188809110,UMP,ump_hp,,t
lynct901,DTN188809110,UMP,ump_hp,,t
kellk102,PIT188809110,UMP,ump_hp,,t
danic901,CHN188809120,UMP,ump_hp,,t
lynct901,DTN188809120,UMP,ump_hp,,t
kellk102,PIT188809120,UMP,ump_hp,,t
powep101,CHN188809130,UMP,ump_hp,,t
lynct901,DTN188809130,UMP,ump_hp,,t
kellk102,PIT188809130,UMP,ump_hp,,t
powep101,CHN188809140,UMP,ump_hp,,t
lynct901,DTN188809140,UMP,ump_hp,,t
danic901,CHN188809150,UMP,ump_hp,,t
lynct901,PIT188809150,UMP,ump_hp,,t
kellk102,DTN188809170,UMP,ump_hp,,t
lynct901,PIT188809170,UMP,ump_hp,,t
danic901,CHN188809180,UMP,ump_hp,,t
lynct901,PIT188809180,UMP,ump_hp,,t
kellk102,DTN188809181,UMP,ump_hp,,t
kellk102,DTN188809182,UMP,ump_hp,,t
powep101,CHN188809190,UMP,ump_hp,,t
kellk102,DTN188809190,UMP,ump_hp,,t
lynct901,PIT188809190,UMP,ump_hp,,t
kellk102,DTN188809200,UMP,ump_hp,,t
valej101,PIT188809200,UMP,ump_hp,,t
lynct901,CHN188809201,UMP,ump_hp,,t
lynct901,CHN188809202,UMP,ump_hp,,t
wardm101,DTN188809210,UMP,ump_hp,,t
valej101,PIT188809210,UMP,ump_hp,,t
lynct901,CHN188809211,UMP,ump_hp,,t
lynct901,CHN188809212,UMP,ump_hp,,t
lynct901,CHN188809220,UMP,ump_hp,,t
kellk102,DTN188809220,UMP,ump_hp,,t
valej101,PIT188809220,UMP,ump_hp,,t
kellk102,BSN188809240,UMP,ump_hp,,t
lynct901,CHN188809240,UMP,ump_hp,,t
powep101,PIT188809240,UMP,ump_hp,,t
kellk102,BSN188809250,UMP,ump_hp,,t
lynct901,CHN188809250,UMP,ump_hp,,t
powep101,PIT188809251,UMP,ump_hp,,t
powep101,PIT188809252,UMP,ump_hp,,t
lynct901,CHN188809260,UMP,ump_hp,,t
powep101,PIT188809260,UMP,ump_hp,,t
powep101,PIT188809270,UMP,ump_hp,,t
kellk102,BSN188809271,UMP,ump_hp,,t
kellk102,BSN188809272,UMP,ump_hp,,t
kellk102,BSN188809280,UMP,ump_hp,,t
lynct901,PHI188809280,UMP,ump_hp,,t
kellk102,BSN188809290,UMP,ump_hp,,t
lynct901,PHI188809290,UMP,ump_hp,,t
lynct901,PHI188810010,UMP,ump_hp,,t
kellk102,BSN188810020,UMP,ump_hp,,t
lynct901,PHI188810020,UMP,ump_hp,,t
valej101,BSN188810030,UMP,ump_hp,,t
lynct901,PHI188810030,UMP,ump_hp,,t
valej101,BSN188810040,UMP,ump_hp,,t
lynct901,PHI188810040,UMP,ump_hp,,t
valej101,BSN188810050,UMP,ump_hp,,t
lynct901,PHI188810050,UMP,ump_hp,,t
valej101,BSN188810080,UMP,ump_hp,,t
valej101,BSN188810090,UMP,ump_hp,,t
danic901,PHI188810090,UMP,ump_hp,,t
knigl101,BSN188810100,UMP,ump_hp,,t
danic901,PHI188810100,UMP,ump_hp,,t
danic901,PHI188810110,UMP,ump_hp,,t
valej101,BSN188810111,UMP,ump_hp,,t
valej101,BSN188810112,UMP,ump_hp,,t
danic901,PHI188810130,UMP,ump_hp,,t
valej101,BSN188810131,UMP,ump_hp,,t
valej101,BSN188810132,UMP,ump_hp,,t
furlb901,CHN188807170,UMP,ump_1b,,t
odayh101,PHI188807230,UMP,ump_1b,,t
knigl101,BSN188808010,UMP,ump_1b,,t
powep101,PIT188808221,UMP,ump_1b,,t
powep101,PIT188808222,UMP,ump_1b,,t
knigl101,BSN188809010,UMP,ump_1b,,t
danic901,CHN188809110,UMP,ump_1b,,t
powep101,CHN188809120,UMP,ump_1b,,t
danic901,CHN188809130,UMP,ump_1b,,t
danic901,CHN188809140,UMP,ump_1b,,t
powep101,CHN188809150,UMP,ump_1b,,t
powep101,CHN188809180,UMP,ump_1b,,t
danic901,CHN188809190,UMP,ump_1b,,t
powep101,PHI188810090,UMP,ump_1b,,t
powep101,PHI188810100,UMP,ump_1b,,t
powep101,PHI188810110,UMP,ump_1b,,t
powep101,PHI188810130,UMP,ump_1b,,t
morrj107,PHI188804200,BSN,manager,,t
watkb101,PIT188804200,DTN,manager,,t
morrj107,PHI188804210,BSN,manager,,t
watkb101,PIT188804210,DTN,manager,,t
morrj107,PHI188804230,BSN,manager,,t
watkb101,PIT188804230,DTN,manager,,t
morrj107,PHI188804240,BSN,manager,,t
watkb101,PIT188804240,DTN,manager,,t
ansoc101,PIT188804260,CHN,manager,,t
ansoc101,PIT188804270,CHN,manager,,t
ansoc101,PIT188804280,CHN,manager,,t
hewew801,PHI188804300,WS8,manager,,t
ansoc101,PIT188804300,CHN,manager,,t
spenh801,CHN188805010,IN3,manager,,t
philh801,DTN188805010,PIT,manager,,t
hewew801,PHI188805010,WS8,manager,,t
spenh801,CHN188805020,IN3,manager,,t
philh801,DTN188805020,PIT,manager,,t
hewew801,PHI188805020,WS8,manager,,t
spenh801,CHN188805030,IN3,manager,,t
philh801,DTN188805030,PIT,manager,,t
hewew801,PHI188805030,WS8,manager,,t
spenh801,CHN188805040,IN3,manager,,t
philh801,DTN188805040,PIT,manager,,t
hewew801,CHN188805050,WS8,manager,,t
morrj107,DTN188805050,BSN,manager,,t
wrigh101,PIT188805050,PHI,manager,,t
morrj107,DTN188805070,BSN,manager,,t
wrigh101,PIT188805070,PHI,manager,,t
hewew801,CHN188805090,WS8,manager,,t
morrj107,DTN188805090,BSN,manager,,t
wrigh101,PIT188805090,PHI,manager,,t
mutrj801,CHN188805100,NY1,manager,,t
wrigh101,DTN188805100,PHI,manager,,t
morrj107,PIT188805100,BSN,manager,,t
wrigh101,DTN188805110,PHI,manager,,t
morrj107,PIT188805110,BSN,manager,,t
mutrj801,CHN188805120,NY1,manager,,t
wrigh101,DTN188805120,PHI,manager,,t
morrj107,PIT188805120,BSN,manager,,t
mutrj801,CHN188805140,NY1,manager,,t
morrj107,PIT188805140,BSN,manager,,t
morrj107,CHN188805150,BSN,manager,,t
hewew801,DTN188805150,WS8,manager,,t
mutrj801,PIT188805150,NY1,manager,,t
morrj107,CHN188805160,BSN,manager,,t
hewew801,DTN188805160,WS8,manager,,t
mutrj801,PIT188805160,NY1,manager,,t
morrj107,CHN188805170,BSN,manager,,t
hewew801,DTN188805170,WS8,manager,,t
mutrj801,PIT188805170,NY1,manager,,t
morrj107,CHN188805180,BSN,manager,,t
wrigh101,CHN188805190,PHI,manager,,t
mutrj801,DTN188805190,NY1,manager,,t
hewew801,PIT188805190,WS8,manager,,t
wrigh101,CHN188805210,PHI,manager,,t
mutrj801,DTN188805210,NY1,manager,,t
hewew801,PIT188805210,WS8,manager,,t
wrigh101,CHN188805220,PHI,manager,,t
mutrj801,DTN188805220,NY1,manager,,t
hewew801,PIT188805220,WS8,manager,,t
wrigh101,CHN188805230,PHI,manager,,t
mutrj801,DTN188805230,NY1,manager,,t
hewew801,PIT188805230,WS8,manager,,t
watkb101,CHN188805240,DTN,manager,,t
spenh801,PIT188805240,IN3,manager,,t
wrigh101,BSN188805250,PHI,manager,,t
watkb101,CHN188805250,DTN,manager,,t
wrigh101,BSN188805260,PHI,manager,,t
watkb101,CHN188805260,DTN,manager,,t
spenh801,PIT188805260,IN3,manager,,t
wrigh101,BSN188805290,PHI,manager,,t
spenh801,BSN188805301,IN3,manager,,t
spenh801,BSN188805302,IN3,manager,,t
watkb101,PHI188805301,DTN,manager,,t
watkb101,PHI188805302,DTN,manager,,t
spenh801,BSN188805310,IN3,manager,,t
spenh801,BSN188806010,IN3,manager,,t
watkb101,PHI188806010,DTN,manager,,t
philh801,BSN188806020,PIT,manager,,t
ansoc101,PHI188806020,CHN,manager,,t
philh801,BSN188806040,PIT,manager,,t
ansoc101,PHI188806040,CHN,manager,,t
philh801,BSN188806050,PIT,manager,,t
ansoc101,PHI188806050,CHN,manager,,t
philh801,BSN188806060,PIT,manager,,t
ansoc101,PHI188806060,CHN,manager,,t
watkb101,BSN188806080,DTN,manager,,t
philh801,PHI188806080,PIT,manager,,t
watkb101,BSN188806090,DTN,manager,,t
philh801,PHI188806090,PIT,manager,,t
watkb101,BSN188806110,DTN,manager,,t
philh801,PHI188806110,PIT,manager,,t
watkb101,BSN188806120,DTN,manager,,t
philh801,PHI188806120,PIT,manager,,t
spenh801,PHI188806130,IN3,manager,,t
spenh801,PHI188806140,IN3,manager,,t
ansoc101,BSN188806150,CHN,manager,,t
spenh801,PHI188806150,IN3,manager,,t
ansoc101,BSN188806160,CHN,manager,,t
spenh801,PHI188806160,IN3,manager,,t
ansoc101,BSN188806181,CHN,manager,,t
ansoc101,BSN188806182,CHN,manager,,t
mutrj801,BSN188806190,NY1,manager,,t
mutrj801,BSN188806200,NY1,manager,,t
philh801,CHN188806200,PIT,manager,,t
spenh801,DTN188806200,IN3,manager,,t
mutrj801,BSN188806210,NY1,manager,,t
philh801,CHN188806210,PIT,manager,,t
spenh801,DTN188806210,IN3,manager,,t
mutrj801,BSN188806220,NY1,manager,,t
philh801,CHN188806220,PIT,manager,,t
spenh801,DTN188806220,IN3,manager,,t
sullt101,BSN188806230,WS8,manager,,t
philh801,CHN188806230,PIT,manager,,t
spenh801,DTN188806230,IN3,manager,,t
mutrj801,PHI188806230,NY1,manager,,t
sullt101,BSN188806250,WS8,manager,,t
ansoc101,DTN188806250,CHN,manager,,t
mutrj801,PHI188806250,NY1,manager,,t
ansoc101,DTN188806260,CHN,manager,,t
mutrj801,PHI188806260,NY1,manager,,t
sullt101,BSN188806270,WS8,manager,,t
ansoc101,DTN188806270,CHN,manager,,t
mutrj801,PHI188806270,NY1,manager,,t
sullt101,BSN188806280,WS8,manager,,t
morrj107,PHI188806290,BSN,manager,,t
ansoc101,PIT188806290,CHN,manager,,t
morrj107,PHI188806300,BSN,manager,,t
ansoc101,PIT188806300,CHN,manager,,t
morrj107,PHI188807020,BSN,manager,,t
ansoc101,PIT188807020,CHN,manager,,t
sullt101,PIT188807040,WS8,manager,,t
wrigh101,CHN188807041,PHI,manager,,t
wrigh101,CHN188807042,PHI,manager,,t
mutrj801,DTN188807041,NY1,manager,,t
mutrj801,DTN188807042,NY1,manager,,t
wrigh101,CHN188807050,PHI,manager,,t
mutrj801,DTN188807050,NY1,manager,,t
sullt101,PIT188807050,WS8,manager,,t
sullt101,PIT188807060,WS8,manager,,t
morrj107,CHN188807070,BSN,manager,,t
sullt101,DTN188807070,WS8,manager,,t
mutrj801,PIT188807070,NY1,manager,,t
morrj107,CHN188807090,BSN,manager,,t
sullt101,DTN188807090,WS8,manager,,t
morrj107,CHN188807100,BSN,manager,,t
sullt101,DTN188807100,WS8,manager,,t
mutrj801,PIT188807100,NY1,manager,,t
sullt101,CHN188807110,WS8,manager,,t
wrigh101,DTN188807110,PHI,manager,,t
morrj107,PIT188807110,BSN,manager,,t
sullt101,CHN188807120,WS8,manager,,t
sullt101,CHN188807130,WS8,manager,,t
wrigh101,DTN188807131,PHI,manager,,t
wrigh101,DTN188807132,PHI,manager,,t
morrj107,PIT188807131,BSN,manager,,t
morrj107,PIT188807132,BSN,manager,,t
mutrj801,CHN188807140,NY1,manager,,t
morrj107,DTN188807140,BSN,manager,,t
wrigh101,PIT188807140,PHI,manager,,t
mutrj801,CHN188807160,NY1,manager,,t
morrj107,DTN188807160,BSN,manager,,t
wrigh101,PIT188807160,PHI,manager,,t
mutrj801,CHN188807170,NY1,manager,,t
morrj107,DTN188807170,BSN,manager,,t
wrigh101,PIT188807170,PHI,manager,,t
ansoc101,DTN188807180,CHN,manager,,t
ansoc101,DTN188807190,CHN,manager,,t
mutrj801,PHI188807190,NY1,manager,,t
ansoc101,DTN188807200,CHN,manager,,t
mutrj801,PHI188807200,NY1,manager,,t
ansoc101,DTN188807210,CHN,manager,,t
mutrj801,PHI188807210,NY1,manager,,t
philh801,DTN188807230,PIT,manager,,t
sullt101,PHI188807230,WS8,manager,,t
sullt101,PHI188807240,WS8,manager,,t
philh801,DTN188807241,PIT,manager,,t
philh801,DTN188807242,PIT,manager,,t
sullt101,PHI188807250,WS8,manager,,t
sullt101,BSN188807260,WS8,manager,,t
watkb101,CHN188807260,DTN,manager,,t
spenh801,PIT188807260,IN3,manager,,t
watkb101,CHN188807270,DTN,manager,,t
spenh801,PIT188807270,IN3,manager,,t
sullt101,BSN188807280,WS8,manager,,t
watkb101,CHN188807280,DTN,manager,,t
spenh801,PIT188807280,IN3,manager,,t
wrigh101,BSN188807300,PHI,manager,,t
philh801,CHN188807300,PIT,manager,,t
spenh801,DTN188807300,IN3,manager,,t
wrigh101,BSN188807310,PHI,manager,,t
spenh801,DTN188807310,IN3,manager,,t
wrigh101,BSN188808010,PHI,manager,,t
philh801,CHN188808010,PIT,manager,,t
spenh801,DTN188808010,IN3,manager,,t
mutrj801,BSN188808020,NY1,manager,,t
spenh801,CHN188808020,IN3,manager,,t
philh801,DTN188808020,PIT,manager,,t
mutrj801,BSN188808030,NY1,manager,,t
spenh801,CHN188808030,IN3,manager,,t
mutrj801,BSN188808040,NY1,manager,,t
spenh801,CHN188808040,IN3,manager,,t
philh801,DTN188808040,PIT,manager,,t
philh801,BSN188808070,PIT,manager,,t
ansoc101,PHI188808070,CHN,manager,,t
philh801,BSN188808080,PIT,manager,,t
ansoc101,PHI188808080,CHN,manager,,t
spenh801,BSN188808090,IN3,manager,,t
watkb101,PHI188808090,DTN,manager,,t
spenh801,BSN188808100,IN3,manager,,t
watkb101,PHI188808100,DTN,manager,,t
spenh801,BSN188808110,IN3,manager,,t
watkb101,PHI188808110,DTN,manager,,t
spenh801,PHI188808130,IN3,manager,,t
watkb101,BSN188808140,DTN,manager,,t
spenh801,PHI188808140,IN3,manager,,t
watkb101,BSN188808150,DTN,manager,,t
spenh801,PHI188808150,IN3,manager,,t
ansoc101,BSN188808160,CHN,manager,,t
philh801,PHI188808160,PIT,manager,,t
philh801,PHI188808170,PIT,manager,,t
ansoc101,BSN188808180,CHN,manager,,t
philh801,PHI188808180,PIT,manager,,t
morrj107,PHI188808200,BSN,manager,,t
ansoc101,PIT188808200,CHN,manager,,t
morrj107,PHI188808220,BSN,manager,,t
ansoc101,PIT188808221,CHN,manager,,t
ansoc101,PIT188808222,CHN,manager,,t
ansoc101,DTN188808230,CHN,manager,,t
mutrj801,PHI188808230,NY1,manager,,t
spenh801,PIT188808230,IN3,manager,,t
ansoc101,DTN188808240,CHN,manager,,t
mutrj801,PHI188808240,NY1,manager,,t
spenh801,PIT188808240,IN3,manager,,t
ansoc101,DTN188808250,CHN,manager,,t
mutrj801,PHI188808250,NY1,manager,,t
spenh801,PIT188808251,IN3,manager,,t
spenh801,PIT188808252,IN3,manager,,t
spenh801,DTN188808270,IN3,manager,,t
philh801,CHN188808271,PIT,manager,,t
philh801,CHN188808272,PIT,manager,,t
philh801,CHN188808280,PIT,manager,,t
spenh801,DTN188808280,IN3,manager,,t
philh801,CHN188808290,PIT,manager,,t
spenh801,DTN188808290,IN3,manager,,t
mutrj801,BSN188808300,NY1,manager,,t
sullt101,PHI188808300,WS8,manager,,t
leadb801,PIT188808300,DTN,manager,,t
mutrj801,BSN188808310,NY1,manager,,t
sullt101,PHI188808310,WS8,manager,,t
mutrj801,BSN188809010,NY1,manager,,t
sullt101,PHI188809010,WS8,manager,,t
leadb801,PIT188809011,DTN,manager,,t
leadb801,PIT188809012,DTN,manager,,t
leadb801,CHN188809030,DTN,manager,,t
sullt101,BSN188809031,WS8,manager,,t
sullt101,BSN188809032,WS8,manager,,t
sullt101,BSN188809040,WS8,manager,,t
leadb801,CHN188809040,DTN,manager,,t
sullt101,BSN188809050,WS8,manager,,t
leadb801,CHN188809050,DTN,manager,,t
leadb801,CHN188809060,DTN,manager,,t
morrj107,CHN188809070,BSN,manager,,t
morrj107,CHN188809080,BSN,manager,,t
sullt101,DTN188809081,WS8,manager,,t
sullt101,DTN188809082,WS8,manager,,t
wrigh101,PIT188809081,PHI,manager,,t
wrigh101,PIT188809082,PHI,manager,,t
morrj107,CHN188809100,BSN,manager,,t
sullt101,DTN188809100,WS8,manager,,t
wrigh101,PIT188809101,PHI,manager,,t
wrigh101,PIT188809102,PHI,manager,,t
mutrj801,CHN188809110,NY1,manager,,t
wrigh101,DTN188809110,PHI,manager,,t
sullt101,PIT188809110,WS8,manager,,t
mutrj801,CHN188809120,NY1,manager,,t
wrigh101,DTN188809120,PHI,manager,,t
sullt101,PIT188809120,WS8,manager,,t
mutrj801,CHN188809130,NY1,manager,,t
wrigh101,DTN188809130,PHI,manager,,t
sullt101,PIT188809130,WS8,manager,,t
mutrj801,CHN188809140,NY1,manager,,t
wrigh101,DTN188809140,PHI,manager,,t
wrigh101,CHN188809150,PHI,manager,,t
mutrj801,PIT188809150,NY1,manager,,t
morrj107,DTN188809170,BSN,manager,,t
mutrj801,PIT188809170,NY1,manager,,t
wrigh101,CHN188809180,PHI,manager,,t
mutrj801,PIT188809180,NY1,manager,,t
morrj107,DTN188809181,BSN,manager,,t
morrj107,DTN188809182,BSN,manager,,t
wrigh101,CHN188809190,PHI,manager,,t
morrj107,DTN188809190,BSN,manager,,t
mutrj801,PIT188809190,NY1,manager,,t
mutrj801,DTN188809200,NY1,manager,,t
morrj107,PIT188809200,BSN,manager,,t
sullt101,CHN188809201,WS8,manager,,t
sullt101,CHN188809202,WS8,manager,,t
mutrj801,DTN188809210,NY1,manager,,t
morrj107,PIT188809210,BSN,manager,,t
sullt101,CHN188809211,WS8,manager,,t
sullt101,CHN188809212,WS8,manager,,t
sullt101,CHN188809220,WS8,manager,,t
mutrj801,DTN188809220,NY1,manager,,t
morrj107,PIT188809220,BSN,manager,,t
wrigh101,BSN188809240,PHI,manager,,t
spenh801,CHN188809240,IN3,manager,,t
leadb801,PIT188809240,DTN,manager,,t
wrigh101,BSN188809250,PHI,manager,,t
spenh801,CHN188809250,IN3,manager,,t
leadb801,PIT188809251,DTN,manager,,t
leadb801,PIT188809252,DTN,manager,,t
spenh801,CHN188809260,IN3,manager,,t
leadb801,PIT188809260,DTN,manager,,t
spenh801,PIT188809270,IN3,manager,,t
wrigh101,BSN188809271,PHI,manager,,t
wrigh101,BSN188809272,PHI,manager,,t
ansoc101,BSN188809280,CHN,manager,,t
philh801,PHI188809280,PIT,manager,,t
ansoc101,BSN188809290,CHN,manager,,t
philh801,PHI188809290,PIT,manager,,t
philh801,PHI188810010,PIT,manager,,t
ansoc101,BSN188810020,CHN,manager,,t
philh801,PHI188810020,PIT,manager,,t
leadb801,BSN188810030,DTN,manager,,t
spenh801,PHI188810030,IN3,manager,,t
leadb801,BSN188810040,DTN,manager,,t
spenh801,PHI188810040,IN3,manager,,t
leadb801,BSN188810050,DTN,manager,,t
spenh801,PHI188810050,IN3,manager,,t
spenh801,BSN188810080,IN3,manager,,t
spenh801,BSN188810090,IN3,manager,,t
leadb801,PHI188810090,DTN,manager,,t
spenh801,BSN188810100,IN3,manager,,t
leadb801,PHI188810100,DTN,manager,,t
ansoc101,PHI188810110,CHN,manager,,t
philh801,BSN188810111,PIT,manager,,t
philh801,BSN188810112,PIT,manager,,t
ansoc101,PHI188810130,CHN,manager,,t
philh801,BSN188810131,PIT,manager,,t
philh801,BSN188810132,PIT,manager,,t
wrigh101,PHI188804200,PHI,manager,,t
philh801,PIT188804200,PIT,manager,,t
wrigh101,PHI188804210,PHI,manager,,t
philh801,PIT188804210,PIT,manager,,t
wrigh101,PHI188804230,PHI,manager,,t
philh801,PIT188804230,PIT,manager,,t
wrigh101,PHI188804240,PHI,manager,,t
philh801,PIT188804240,PIT,manager,,t
philh801,PIT188804260,PIT,manager,,t
philh801,PIT188804270,PIT,manager,,t
philh801,PIT188804280,PIT,manager,,t
wrigh101,PHI188804300,PHI,manager,,t
philh801,PIT188804300,PIT,manager,,t
ansoc101,CHN188805010,CHN,manager,,t
watkb101,DTN188805010,DTN,manager,,t
wrigh101,PHI188805010,PHI,manager,,t
ansoc101,CHN188805020,CHN,manager,,t
watkb101,DTN188805020,DTN,manager,,t
wrigh101,PHI188805020,PHI,manager,,t
ansoc101,CHN188805030,CHN,manager,,t
watkb101,DTN188805030,DTN,manager,,t
wrigh101,PHI188805030,PHI,manager,,t
ansoc101,CHN188805040,CHN,manager,,t
watkb101,DTN188805040,DTN,manager,,t
ansoc101,CHN188805050,CHN,manager,,t
watkb101,DTN188805050,DTN,manager,,t
philh801,PIT188805050,PIT,manager,,t
watkb101,DTN188805070,DTN,manager,,t
philh801,PIT188805070,PIT,manager,,t
ansoc101,CHN188805090,CHN,manager,,t
watkb101,DTN188805090,DTN,manager,,t
philh801,PIT188805090,PIT,manager,,t
ansoc101,CHN188805100,CHN,manager,,t
watkb101,DTN188805100,DTN,manager,,t
philh801,PIT188805100,PIT,manager,,t
watkb101,DTN188805110,DTN,manager,,t
philh801,PIT188805110,PIT,manager,,t
ansoc101,CHN188805120,CHN,manager,,t
watkb101,DTN188805120,DTN,manager,,t
philh801,PIT188805120,PIT,manager,,t
ansoc101,CHN188805140,CHN,manager,,t
philh801,PIT188805140,PIT,manager,,t
ansoc101,CHN188805150,CHN,manager,,t
watkb101,DTN188805150,DTN,manager,,t
philh801,PIT188805150,PIT,manager,,t
ansoc101,CHN188805160,CHN,manager,,t
watkb101,DTN188805160,DTN,manager,,t
philh801,PIT188805160,PIT,manager,,t
ansoc101,CHN188805170,CHN,manager,,t
watkb101,DTN188805170,DTN,manager,,t
philh801,PIT188805170,PIT,manager,,t
ansoc101,CHN188805180,CHN,manager,,t
ansoc101,CHN188805190,CHN,manager,,t
watkb101,DTN188805190,DTN,manager,,t
philh801,PIT188805190,PIT,manager,,t
ansoc101,CHN188805210,CHN,manager,,t
watkb101,DTN188805210,DTN,manager,,t
philh801,PIT188805210,PIT,manager,,t
ansoc101,CHN188805220,CHN,manager,,t
watkb101,DTN188805220,DTN,manager,,t
philh801,PIT188805220,PIT,manager,,t
ansoc101,CHN188805230,CHN,manager,,t
watkb101,DTN188805230,DTN,manager,,t
philh801,PIT188805230,PIT,manager,,t
ansoc101,CHN188805240,CHN,manager,,t
philh801,PIT188805240,PIT,manager,,t
morrj107,BSN188805250,BSN,manager,,t
ansoc101,CHN188805250,CHN,manager,,t
morrj107,BSN188805260,BSN,manager,,t
ansoc101,CHN188805260,CHN,manager,,t
philh801,PIT188805260,PIT,manager,,t
morrj107,BSN188805290,BSN,manager,,t
morrj107,BSN188805301,BSN,manager,,t
morrj107,BSN188805302,BSN,manager,,t
wrigh101,PHI188805301,PHI,manager,,t
wrigh101,PHI188805302,PHI,manager,,t
morrj107,BSN188805310,BSN,manager,,t
morrj107,BSN188806010,BSN,manager,,t
wrigh101,PHI188806010,PHI,manager,,t
morrj107,BSN188806020,BSN,manager,,t
wrigh101,PHI188806020,PHI,manager,,t
morrj107,BSN188806040,BSN,manager,,t
wrigh101,PHI188806040,PHI,manager,,t
morrj107,BSN188806050,BSN,manager,,t
wrigh101,PHI188806050,PHI,manager,,t
morrj107,BSN188806060,BSN,manager,,t
wrigh101,PHI188806060,PHI,manager,,t
morrj107,BSN188806080,BSN,manager,,t
wrigh101,PHI188806080,PHI,manager,,t
morrj107,BSN188806090,BSN,manager,,t
wrigh101,PHI188806090,PHI,manager,,t
morrj107,BSN188806110,BSN,manager,,t
wrigh101,PHI188806110,PHI,manager,,t
morrj107,BSN188806120,BSN,manager,,t
wrigh101,PHI188806120,PHI,manager,,t
wrigh101,PHI188806130,PHI,manager,,t
wrigh101,PHI188806140,PHI,manager,,t
morrj107,BSN188806150,BSN,manager,,t
wrigh101,PHI188806150,PHI,manager,,t
morrj107,BSN188806160,BSN,manager,,t
wrigh101,PHI188806160,PHI,manager,,t
morrj107,BSN188806181,BSN,manager,,t
morrj107,BSN188806182,BSN,manager,,t
morrj107,BSN188806190,BSN,manager,,t
morrj107,BSN188806200,BSN,manager,,t
ansoc101,CHN188806200,CHN,manager,,t
watkb101,DTN188806200,DTN,manager,,t
morrj107,BSN188806210,BSN,manager,,t
ansoc101,CHN188806210,CHN,manager,,t
watkb101,DTN188806210,DTN,manager,,t
morrj107,BSN188806220,BSN,manager,,t
ansoc101,CHN188806220,CHN,manager,,t
watkb101,DTN188806220,DTN,manager,,t
morrj107,BSN188806230,BSN,manager,,t
ansoc101,CHN188806230,CHN,manager,,t
watkb101,DTN188806230,DTN,manager,,t
wrigh101,PHI188806230,PHI,manager,,t
morrj107,BSN188806250,BSN,manager,,t
watkb101,DTN188806250,DTN,manager,,t
wrigh101,PHI188806250,PHI,manager,,t
watkb101,DTN188806260,DTN,manager,,t
wrigh101,PHI188806260,PHI,manager,,t
morrj107,BSN188806270,BSN,manager,,t
watkb101,DTN188806270,DTN,manager,,t
wrigh101,PHI188806270,PHI,manager,,t
morrj107,BSN188806280,BSN,manager,,t
wrigh101,PHI188806290,PHI,manager,,t
philh801,PIT188806290,PIT,manager,,t
wrigh101,PHI188806300,PHI,manager,,t
philh801,PIT188806300,PIT,manager,,t
wrigh101,PHI188807020,PHI,manager,,t
philh801,PIT188807020,PIT,manager,,t
philh801,PIT188807040,PIT,manager,,t
ansoc101,CHN188807041,CHN,manager,,t
ansoc101,CHN188807042,CHN,manager,,t
watkb101,DTN188807041,DTN,manager,,t
watkb101,DTN188807042,DTN,manager,,t
ansoc101,CHN188807050,CHN,manager,,t
watkb101,DTN188807050,DTN,manager,,t
philh801,PIT188807050,PIT,manager,,t
philh801,PIT188807060,PIT,manager,,t
ansoc101,CHN188807070,CHN,manager,,t
watkb101,DTN188807070,DTN,manager,,t
philh801,PIT188807070,PIT,manager,,t
ansoc101,CHN188807090,CHN,manager,,t
watkb101,DTN188807090,DTN,manager,,t
ansoc101,CHN188807100,CHN,manager,,t
watkb101,DTN188807100,DTN,manager,,t
philh801,PIT188807100,PIT,manager,,t
ansoc101,CHN188807110,CHN,manager,,t
watkb101,DTN188807110,DTN,manager,,t
philh801,PIT188807110,PIT,manager,,t
ansoc101,CHN188807120,CHN,manager,,t
ansoc101,CHN188807130,CHN,manager,,t
watkb101,DTN188807131,DTN,manager,,t
watkb101,DTN188807132,DTN,manager,,t
philh801,PIT188807131,PIT,manager,,t
philh801,PIT188807132,PIT,manager,,t
ansoc101,CHN188807140,CHN,manager,,t
watkb101,DTN188807140,DTN,manager,,t
philh801,PIT188807140,PIT,manager,,t
ansoc101,CHN188807160,CHN,manager,,t
watkb101,DTN188807160,DTN,manager,,t
philh801,PIT188807160,PIT,manager,,t
ansoc101,CHN188807170,CHN,manager,,t
watkb101,DTN188807170,DTN,manager,,t
philh801,PIT188807170,PIT,manager,,t
watkb101,DTN188807180,DTN,manager,,t
watkb101,DTN188807190,DTN,manager,,t
wrigh101,PHI188807190,PHI,manager,,t
watkb101,DTN188807200,DTN,manager,,t
wrigh101,PHI188807200,PHI,manager,,t
watkb101,DTN188807210,DTN,manager,,t
wrigh101,PHI188807210,PHI,manager,,t
watkb101,DTN188807230,DTN,manager,,t
wrigh101,PHI188807230,PHI,manager,,t
wrigh101,PHI188807240,PHI,manager,,t
watkb101,DTN188807241,DTN,manager,,t
watkb101,DTN188807242,DTN,manager,,t
wrigh101,PHI188807250,PHI,manager,,t
morrj107,BSN188807260,BSN,manager,,t
ansoc101,CHN188807260,CHN,manager,,t
philh801,PIT188807260,PIT,manager,,t
ansoc101,CHN188807270,CHN,manager,,t
philh801,PIT188807270,PIT,manager,,t
morrj107,BSN188807280,BSN,manager,,t
ansoc101,CHN188807280,CHN,manager,,t
philh801,PIT188807280,PIT,manager,,t
morrj107,BSN188807300,BSN,manager,,t
ansoc101,CHN188807300,CHN,manager,,t
watkb101,DTN188807300,DTN,manager,,t
morrj107,BSN188807310,BSN,manager,,t
watkb101,DTN188807310,DTN,manager,,t
morrj107,BSN188808010,BSN,manager,,t
ansoc101,CHN188808010,CHN,manager,,t
watkb101,DTN188808010,DTN,manager,,t
morrj107,BSN188808020,BSN,manager,,t
ansoc101,CHN188808020,CHN,manager,,t
watkb101,DTN188808020,DTN,manager,,t
morrj107,BSN188808030,BSN,manager,,t
ansoc101,CHN188808030,CHN,manager,,t
morrj107,BSN188808040,BSN,manager,,t
ansoc101,CHN188808040,CHN,manager,,t
watkb101,DTN188808040,DTN,manager,,t
morrj107,BSN188808070,BSN,manager,,t
wrigh101,PHI188808070,PHI,manager,,t
morrj107,BSN188808080,BSN,manager,,t
wrigh101,PHI188808080,PHI,manager,,t
morrj107,BSN188808090,BSN,manager,,t
wrigh101,PHI188808090,PHI,manager,,t
morrj107,BSN188808100,BSN,manager,,t
wrigh101,PHI188808100,PHI,manager,,t
morrj107,BSN188808110,BSN,manager,,t
wrigh101,PHI188808110,PHI,manager,,t
wrigh101,PHI188808130,PHI,manager,,t
morrj107,BSN188808140,BSN,manager,,t
wrigh101,PHI188808140,PHI,manager,,t
morrj107,BSN188808150,BSN,manager,,t
wrigh101,PHI188808150,PHI,manager,,t
morrj107,BSN188808160,BSN,manager,,t
wrigh101,PHI188808160,PHI,manager,,t
wrigh101,PHI188808170,PHI,manager,,t
morrj107,BSN188808180,BSN,manager,,t
wrigh101,PHI188808180,PHI,manager,,t
wrigh101,PHI188808200,PHI,manager,,t
philh801,PIT188808200,PIT,manager,,t
wrigh101,PHI188808220,PHI,manager,,t
philh801,PIT188808221,PIT,manager,,t
philh801,PIT188808222,PIT,manager,,t
watkb101,DTN188808230,DTN,manager,,t
wrigh101,PHI188808230,PHI,manager,,t
philh801,PIT188808230,PIT,manager,,t
watkb101,DTN188808240,DTN,manager,,t
wrigh101,PHI188808240,PHI,manager,,t
philh801,PIT188808240,PIT,manager,,t
watkb101,DTN188808250,DTN,manager,,t
wrigh101,PHI188808250,PHI,manager,,t
philh801,PIT188808251,PIT,manager,,t
philh801,PIT188808252,PIT,manager,,t
leadb801,DTN188808270,DTN,manager,,t
ansoc101,CHN188808271,CHN,manager,,t
ansoc101,CHN188808272,CHN,manager,,t
ansoc101,CHN188808280,CHN,manager,,t
leadb801,DTN188808280,DTN,manager,,t
ansoc101,CHN188808290,CHN,manager,,t
leadb801,DTN188808290,DTN,manager,,t
morrj107,BSN188808300,BSN,manager,,t
wrigh101,PHI188808300,PHI,manager,,t
philh801,PIT188808300,PIT,manager,,t
morrj107,BSN188808310,BSN,manager,,t
wrigh101,PHI188808310,PHI,manager,,t
morrj107,BSN188809010,BSN,manager,,t
wrigh101,PHI188809010,PHI,manager,,t
philh801,PIT188809011,PIT,manager,,t
philh801,PIT188809012,PIT,manager,,t
ansoc101,CHN188809030,CHN,manager,,t
morrj107,BSN188809031,BSN,manager,,t
morrj107,BSN188809032,BSN,manager,,t
morrj107,BSN188809040,BSN,manager,,t
ansoc101,CHN188809040,CHN,manager,,t
morrj107,BSN188809050,BSN,manager,,t
ansoc101,CHN188809050,CHN,manager,,t
ansoc101,CHN188809060,CHN,manager,,t
ansoc101,CHN188809070,CHN,manager,,t
ansoc101,CHN188809080,CHN,manager,,t
leadb801,DTN188809081,DTN,manager,,t
leadb801,DTN188809082,DTN,manager,,t
philh801,PIT188809081,PIT,manager,,t
philh801,PIT188809082,PIT,manager,,t
ansoc101,CHN188809100,CHN,manager,,t
leadb801,DTN188809100,DTN,manager,,t
philh801,PIT188809101,PIT,manager,,t
philh801,PIT188809102,PIT,manager,,t
ansoc101,CHN188809110,CHN,manager,,t
leadb801,DTN188809110,DTN,manager,,t
philh801,PIT188809110,PIT,manager,,t
ansoc101,CHN188809120,CHN,manager,,t
leadb801,DTN188809120,DTN,manager,,t
philh801,PIT188809120,PIT,manager,,t
ansoc101,CHN188809130,CHN,manager,,t
leadb801,DTN188809130,DTN,manager,,t
philh801,PIT188809130,PIT,manager,,t
ansoc101,CHN188809140,CHN,manager,,t
leadb801,DTN188809140,DTN,manager,,t
ansoc101,CHN188809150,CHN,manager,,t
philh801,PIT188809150,PIT,manager,,t
leadb801,DTN188809170,DTN,manager,,t
philh801,PIT188809170,PIT,manager,,t
ansoc101,CHN188809180,CHN,manager,,t
philh801,PIT188809180,PIT,manager,,t
leadb801,DTN188809181,DTN,manager,,t
leadb801,DTN188809182,DTN,manager,,t
ansoc101,CHN188809190,CHN,manager,,t
leadb801,DTN188809190,DTN,manager,,t
philh801,PIT188809190,PIT,manager,,t
leadb801,DTN188809200,DTN,manager,,t
philh801,PIT188809200,PIT,manager,,t
ansoc101,CHN188809201,CHN,manager,,t
ansoc101,CHN188809202,CHN,manager,,t
leadb801,DTN188809210,DTN,manager,,t
philh801,PIT188809210,PIT,manager,,t
ansoc101,CHN188809211,CHN,manager,,t
ansoc101,CHN188809212,CHN,manager,,t
ansoc101,CHN188809220,CHN,manager,,t
leadb801,DTN188809220,DTN,manager,,t
philh801,PIT188809220,PIT,manager,,t
morrj107,BSN188809240,BSN,manager,,t
ansoc101,CHN188809240,CHN,manager,,t
philh801,PIT188809240,PIT,manager,,t
morrj107,BSN188809250,BSN,manager,,t
ansoc101,CHN188809250,CHN,manager,,t
philh801,PIT188809251,PIT,manager,,t
philh801,PIT188809252,PIT,manager,,t
ansoc101,CHN188809260,CHN,manager,,t
philh801,PIT188809260,PIT,manager,,t
philh801,PIT188809270,PIT,manager,,t
morrj107,BSN188809271,BSN,manager,,t
morrj107,BSN188809272,BSN,manager,,t
morrj107,BSN188809280,BSN,manager,,t
wrigh101,PHI188809280,PHI,manager,,t
morrj107,BSN188809290,BSN,manager,,t
wrigh101,PHI188809290,PHI,manager,,t
wrigh101,PHI188810010,PHI,manager,,t
morrj107,BSN188810020,BSN,manager,,t
wrigh101,PHI188810020,PHI,manager,,t
morrj107,BSN188810030,BSN,manager,,t
wrigh101,PHI188810030,PHI,manager,,t
morrj107,BSN188810040,BSN,manager,,t
wrigh101,PHI188810040,PHI,manager,,t
morrj107,BSN188810050,BSN,manager,,t
wrigh101,PHI188810050,PHI,manager,,t
morrj107,BSN188810080,BSN,manager,,t
morrj107,BSN188810090,BSN,manager,,t
wrigh101,PHI188810090,PHI,manager,,t
morrj107,BSN188810100,BSN,manager,,t
wrigh101,PHI188810100,PHI,manager,,t
wrigh101,PHI188810110,PHI,manager,,t
morrj107,BSN188810111,BSN,manager,,t
morrj107,BSN188810112,BSN,manager,,t
wrigh101,PHI188810130,PHI,manager,,t
morrj107,BSN188810131,BSN,manager,,t
morrj107,BSN188810132,BSN,manager,,t
clarj102,PHI188804200,BSN,1,,t
getzp101,PIT188804200,DTN,1,,t
maddk101,PHI188804210,BSN,1,,t
conwp101,PIT188804210,DTN,1,,t
clarj102,PHI188804230,BSN,1,,t
getzp101,PIT188804230,DTN,1,,t
sowdb101,PHI188804240,BSN,1,,t
conwp101,PIT188804240,DTN,1,,t
vanhg101,PIT188804260,CHN,1,,t
baldm101,PIT188804270,CHN,1,,t
vanhg101,PIT188804280,CHN,1,,t
odayh101,PHI188804300,WS8,1,,t
baldm101,PIT188804300,CHN,1,,t
heale101,CHN188805010,IN3,1,,t
galvj103,DTN188805010,PIT,1,,t
daile101,PHI188805010,WS8,1,,t
boylh102,CHN188805020,IN3,1,,t
morre101,DTN188805020,PIT,1,,t
odayh101,PHI188805020,WS8,1,,t
shrel101,CHN188805030,IN3,1,,t
hendh102,DTN188805030,PIT,1,,t
gilmf101,PHI188805030,WS8,1,,t
heale101,CHN188805040,IN3,1,,t
galvj103,DTN188805040,PIT,1,,t
odayh101,CHN188805050,WS8,1,,t
clarj102,DTN188805050,BSN,1,,t
buffc101,PIT188805050,PHI,1,,t
clarj102,DTN188805070,BSN,1,,t
buffc101,PIT188805070,PHI,1,,t
greej101,CHN188805090,WS8,1,,t
sowdb101,DTN188805090,BSN,1,,t
gleak101,PIT188805090,PHI,1,,t
welcm102,CHN188805100,NY1,1,,t
cased103,DTN188805100,PHI,1,,t
clarj102,PIT188805100,BSN,1,,t
buffc101,DTN188805110,PHI,1,,t
sowdb101,PIT188805110,BSN,1,,t
titcc101,CHN188805120,NY1,1,,t
gleak101,DTN188805120,PHI,1,,t
conwd101,PIT188805120,BSN,1,,t
welcm102,CHN188805140,NY1,1,,t
sowdb101,PIT188805140,BSN,1,,t
clarj102,CHN188805150,BSN,1,,t
daile101,DTN188805150,WS8,1,,t
keeft101,PIT188805150,NY1,1,,t
radbc101,CHN188805160,BSN,1,,t
gilmf101,DTN188805160,WS8,1,,t
welcm102,PIT188805160,NY1,1,,t
sowdb101,CHN188805170,BSN,1,,t
odayh101,DTN188805170,WS8,1,,t
keeft101,PIT188805170,NY1,1,,t
radbc101,CHN188805180,BSN,1,,t
gleak101,CHN188805190,PHI,1,,t
titcc101,DTN188805190,NY1,1,,t
whitj102,PIT188805190,WS8,1,,t
cased103,CHN188805210,PHI,1,,t
keeft101,DTN188805210,NY1,1,,t
gilmf101,PIT188805210,WS8,1,,t
buffc101,CHN188805220,PHI,1,,t
titcc101,DTN188805220,NY1,1,,t
odayh101,PIT188805220,WS8,1,,t
gleak101,CHN188805230,PHI,1,,t
titcc101,DTN188805230,NY1,1,,t
whitj102,PIT188805230,WS8,1,,t
getzp101,CHN188805240,DTN,1,,t
heale101,PIT188805240,IN3,1,,t
cased103,BSN188805250,PHI,1,,t
conwp101,CHN188805250,DTN,1,,t
buffc101,BSN188805260,PHI,1,,t
grubh101,CHN188805260,DTN,1,,t
boylh102,PIT188805260,IN3,1,,t
buffc101,BSN188805290,PHI,1,,t
heale101,BSN188805301,IN3,1,,t
boylh102,BSN188805302,IN3,1,,t
getzp101,PHI188805301,DTN,1,,t
conwp101,PHI188805302,DTN,1,,t
shrel101,BSN188805310,IN3,1,,t
moffs101,BSN188806010,IN3,1,,t
getzp101,PHI188806010,DTN,1,,t
galvj103,BSN188806020,PIT,1,,t
borcg101,PHI188806020,CHN,1,,t
morre101,BSN188806040,PIT,1,,t
vanhg101,PHI188806040,CHN,1,,t
galvj103,BSN188806050,PIT,1,,t
ryanj105,PHI188806050,CHN,1,,t
morre101,BSN188806060,PIT,1,,t
krocg101,PHI188806060,CHN,1,,t
getzp101,BSN188806080,DTN,1,,t
galvj103,PHI188806080,PIT,1,,t
conwp101,BSN188806090,DTN,1,,t
morre101,PHI188806090,PIT,1,,t
getzp101,BSN188806110,DTN,1,,t
maula101,PHI188806110,PIT,1,,t
grubh101,BSN188806120,DTN,1,,t
galvj103,PHI188806120,PIT,1,,t
moffs101,PHI188806130,IN3,1,,t
shrel101,PHI188806140,IN3,1,,t
krocg101,BSN188806150,CHN,1,,t
heale101,PHI188806150,IN3,1,,t
vanhg101,BSN188806160,CHN,1,,t
shrel101,PHI188806160,IN3,1,,t
krocg101,BSN188806181,CHN,1,,t
ryanj105,BSN188806182,CHN,1,,t
keeft101,BSN188806190,NY1,1,,t
welcm102,BSN188806200,NY1,1,,t
galvj103,CHN188806200,PIT,1,,t
shrel101,DTN188806200,IN3,1,,t
keeft101,BSN188806210,NY1,1,,t
morre101,CHN188806210,PIT,1,,t
heale101,DTN188806210,IN3,1,,t
welcm102,BSN188806220,NY1,1,,t
galvj103,CHN188806220,PIT,1,,t
moffs101,DTN188806220,IN3,1,,t
whitj102,BSN188806230,WS8,1,,t
morre101,CHN188806230,PIT,1,,t
shrel101,DTN188806230,IN3,1,,t
keeft101,PHI188806230,NY1,1,,t
odayh101,BSN188806250,WS8,1,,t
krocg101,DTN188806250,CHN,1,,t
welcm102,PHI188806250,NY1,1,,t
vanhg101,DTN188806260,CHN,1,,t
keeft101,PHI188806260,NY1,1,,t
whitj102,BSN188806270,WS8,1,,t
borcg101,DTN188806270,CHN,1,,t
welcm102,PHI188806270,NY1,1,,t
odayh101,BSN188806280,WS8,1,,t
clarj102,PHI188806290,BSN,1,,t
krocg101,PIT188806290,CHN,1,,t
maddk101,PHI188806300,BSN,1,,t
vanhg101,PIT188806300,CHN,1,,t
clarj102,PHI188807020,BSN,1,,t
krocg101,PIT188807020,CHN,1,,t
gilmf101,PIT188807040,WS8,1,,t
buffc101,CHN188807041,PHI,1,,t
cased103,CHN188807042,PHI,1,,t
keeft101,DTN188807041,NY1,1,,t
welcm102,DTN188807042,NY1,1,,t
gleak101,CHN188807050,PHI,1,,t
wieds101,DTN188807050,NY1,1,,t
odayh101,PIT188807050,WS8,1,,t
whitj102,PIT188807060,WS8,1,,t
sowdb101,CHN188807070,BSN,1,,t
odayh101,DTN188807070,WS8,1,,t
keeft101,PIT188807070,NY1,1,,t
radbc101,CHN188807090,BSN,1,,t
whitj102,DTN188807090,WS8,1,,t
clarj102,CHN188807100,BSN,1,,t
shawd101,DTN188807100,WS8,1,,t
welcm102,PIT188807100,NY1,1,,t
odayh101,CHN188807110,WS8,1,,t
gleak101,DTN188807110,PHI,1,,t
sowdb101,PIT188807110,BSN,1,,t
whitj102,CHN188807120,WS8,1,,t
shawd101,CHN188807130,WS8,1,,t
buffc101,DTN188807131,PHI,1,,t
cased103,DTN188807132,PHI,1,,t
maddk101,PIT188807131,BSN,1,,t
radbc101,PIT188807132,BSN,1,,t
welcm102,CHN188807140,NY1,1,,t
clarj102,DTN188807140,BSN,1,,t
sandb101,PIT188807140,PHI,1,,t
keeft101,CHN188807160,NY1,1,,t
sowdb101,DTN188807160,BSN,1,,t
buffc101,PIT188807160,PHI,1,,t
keeft101,CHN188807170,NY1,1,,t
maddk101,DTN188807170,BSN,1,,t
cased103,PIT188807170,PHI,1,,t
baldm101,DTN188807180,CHN,1,,t
vanhg101,DTN188807190,CHN,1,,t
welcm102,PHI188807190,NY1,1,,t
krocg101,DTN188807200,CHN,1,,t
keeft101,PHI188807200,NY1,1,,t
vanhg101,DTN188807210,CHN,1,,t
welcm102,PHI188807210,NY1,1,,t
galvj103,DTN188807230,PIT,1,,t
whitj102,PHI188807230,WS8,1,,t
odayh101,PHI188807240,WS8,1,,t
morre101,DTN188807241,PIT,1,,t
stalh101,DTN188807242,PIT,1,,t
widnw101,PHI188807250,WS8,1,,t
whitj102,BSN188807260,WS8,1,,t
getzp101,CHN188807260,DTN,1,,t
heale101,PIT188807260,IN3,1,,t
conwp101,CHN188807270,DTN,1,,t
shrel101,PIT188807270,IN3,1,,t
odayh101,BSN188807280,WS8,1,,t
baldl101,CHN188807280,DTN,1,,t
boylh102,PIT188807280,IN3,1,,t
buffc101,BSN188807300,PHI,1,,t
morre101,CHN188807300,PIT,1,,t
burdb101,DTN188807300,IN3,1,,t
sandb101,BSN188807310,PHI,1,,t
heale101,DTN188807310,IN3,1,,t
buffc101,BSN188808010,PHI,1,,t
galvj103,CHN188808010,PIT,1,,t
shrel101,DTN188808010,IN3,1,,t
welcm102,BSN188808020,NY1,1,,t
burdb101,CHN188808020,IN3,1,,t
stalh101,DTN188808020,PIT,1,,t
keeft101,BSN188808030,NY1,1,,t
boylh102,CHN188808030,IN3,1,,t
welcm102,BSN188808040,NY1,1,,t
heale101,CHN188808040,IN3,1,,t
galvj103,DTN188808040,PIT,1,,t
stalh101,BSN188808070,PIT,1,,t
baldm101,PHI188808070,CHN,1,,t
morre101,BSN188808080,PIT,1,,t
mainw101,PHI188808080,CHN,1,,t
heale101,BSN188808090,IN3,1,,t
getzp101,PHI188808090,DTN,1,,t
shrel101,BSN188808100,IN3,1,,t
grubh101,PHI188808100,DTN,1,,t
boylh102,BSN188808110,IN3,1,,t
getzp101,PHI188808110,DTN,1,,t
burdb101,PHI188808130,IN3,1,,t
grubh101,BSN188808140,DTN,1,,t
heale101,PHI188808140,IN3,1,,t
beate101,BSN188808150,DTN,1,,t
boylh102,PHI188808150,IN3,1,,t
krocg101,BSN188808160,CHN,1,,t
galvj103,PHI188808160,PIT,1,,t
stalh101,PHI188808170,PIT,1,,t
baldm101,BSN188808180,CHN,1,,t
morre101,PHI188808180,PIT,1,,t
sowdb101,PHI188808200,BSN,1,,t
baldm101,PIT188808200,CHN,1,,t
clarj102,PHI188808220,BSN,1,,t
krocg101,PIT188808221,CHN,1,,t
borcg101,PIT188808222,CHN,1,,t
baldm101,DTN188808230,CHN,1,,t
keeft101,PHI188808230,NY1,1,,t
boylh102,PIT188808230,IN3,1,,t
krocg101,DTN188808240,CHN,1,,t
welcm102,PHI188808240,NY1,1,,t
heale101,PIT188808240,IN3,1,,t
baldm101,DTN188808250,CHN,1,,t
keeft101,PHI188808250,NY1,1,,t
shrel101,PIT188808251,IN3,1,,t
burdb101,PIT188808252,IN3,1,,t
boylh102,DTN188808270,IN3,1,,t
galvj103,CHN188808271,PIT,1,,t
knelp101,CHN188808272,PIT,1,,t
stalh101,CHN188808280,PIT,1,,t
heale101,DTN188808280,IN3,1,,t
galvj103,CHN188808290,PIT,1,,t
shrel101,DTN188808290,IN3,1,,t
welcm102,BSN188808300,NY1,1,,t
keefg101,PHI188808300,WS8,1,,t
beate101,PIT188808300,DTN,1,,t
keeft101,BSN188808310,NY1,1,,t
whitj102,PHI188808310,WS8,1,,t
welcm102,BSN188809010,NY1,1,,t
widnw101,PHI188809010,WS8,1,,t
getzp101,PIT188809011,DTN,1,,t
conwp101,PIT188809012,DTN,1,,t
grubh101,CHN188809030,DTN,1,,t
keefg101,BSN188809031,WS8,1,,t
whitj102,BSN188809032,WS8,1,,t
widnw101,BSN188809040,WS8,1,,t
conwp101,CHN188809040,DTN,1,,t
whitj102,BSN188809050,WS8,1,,t
beate101,CHN188809050,DTN,1,,t
getzp101,CHN188809060,DTN,1,,t
clarj102,CHN188809070,BSN,1,,t
radbc101,CHN188809080,BSN,1,,t
keefg101,DTN188809081,WS8,1,,t
whitj102,DTN188809082,WS8,1,,t
cased103,PIT188809081,PHI,1,,t
buffc101,PIT188809082,PHI,1,,t
sowdb101,CHN188809100,BSN,1,,t
keefg101,DTN188809100,WS8,1,,t
buffc101,PIT188809101,PHI,1,,t
sandb101,PIT188809102,PHI,1,,t
welcm102,CHN188809110,NY1,1,,t
cased103,DTN188809110,PHI,1,,t
odayh101,PIT188809110,WS8,1,,t
keeft101,CHN188809120,NY1,1,,t
buffc101,DTN188809120,PHI,1,,t
whitj102,PIT188809120,WS8,1,,t
welcm102,CHN188809130,NY1,1,,t
sandb101,DTN188809130,PHI,1,,t
keefg101,PIT188809130,WS8,1,,t
keeft101,CHN188809140,NY1,1,,t
cased103,DTN188809140,PHI,1,,t
buffc101,CHN188809150,PHI,1,,t
titcc101,PIT188809150,NY1,1,,t
radbc101,DTN188809170,BSN,1,,t
welcm102,PIT188809170,NY1,1,,t
sandb101,CHN188809180,PHI,1,,t
keeft101,PIT188809180,NY1,1,,t
clarj102,DTN188809181,BSN,1,,t
sowdb101,DTN188809182,BSN,1,,t
buffc101,CHN188809190,PHI,1,,t
radbc101,DTN188809190,BSN,1,,t
welcm102,PIT188809190,NY1,1,,t
crane101,DTN188809200,NY1,1,,t
sowdb101,PIT188809200,BSN,1,,t
odayh101,CHN188809201,WS8,1,,t
keefg101,CHN188809202,WS8,1,,t
keeft101,DTN188809210,NY1,1,,t
radbc101,PIT188809210,BSN,1,,t
whitj102,CHN188809211,WS8,1,,t
odayh101,CHN188809212,WS8,1,,t
daile101,CHN188809220,WS8,1,,t
welcm102,DTN188809220,NY1,1,,t
sowdb101,PIT188809220,BSN,1,,t
buffc101,BSN188809240,PHI,1,,t
shrel101,CHN188809240,IN3,1,,t
conwp101,PIT188809240,DTN,1,,t
sandb101,BSN188809250,PHI,1,,t
burdb101,CHN188809250,IN3,1,,t
grubh101,PIT188809251,DTN,1,,t
getzp101,PIT188809252,DTN,1,,t
shrel101,CHN188809260,IN3,1,,t
conwp101,PIT188809260,DTN,1,,t
heale101,PIT188809270,IN3,1,,t
sandb101,BSN188809271,PHI,1,,t
buffc101,BSN188809272,PHI,1,,t
gumba101,BSN188809280,CHN,1,,t
morre101,PHI188809280,PIT,1,,t
tenej101,BSN188809290,CHN,1,,t
galvj103,PHI188809290,PIT,1,,t
morre101,PHI188810010,PIT,1,,t
dwyef101,BSN188810020,CHN,1,,t
galvj103,PHI188810020,PIT,1,,t
conwp101,BSN188810030,DTN,1,,t
shrel101,PHI188810030,IN3,1,,t
grubh101,BSN188810040,DTN,1,,t
boylh102,PHI188810040,IN3,1,,t
getzp101,BSN188810050,DTN,1,,t
burdb101,PHI188810050,IN3,1,,t
heale101,BSN188810080,IN3,1,,t
burdb101,BSN188810090,IN3,1,,t
conwp101,PHI188810090,DTN,1,,t
boylh102,BSN188810100,IN3,1,,t
grubh101,PHI188810100,DTN,1,,t
tenej101,PHI188810110,CHN,1,,t
galvj103,BSN188810111,PIT,1,,t
stalh101,BSN188810112,PIT,1,,t
morre101,BSN188810131,PIT,1,,t
morre101,BSN188810132,PIT,1,,t
gleak101,PHI188804200,PHI,1,,t
morre101,PIT188804200,PIT,1,,t
cased103,PHI188804210,PHI,1,,t
galvj103,PIT188804210,PIT,1,,t
gleak101,PHI188804230,PHI,1,,t
morre101,PIT188804230,PIT,1,,t
buffc101,PHI188804240,PHI,1,,t
galvj103,PIT188804240,PIT,1,,t
morre101,PIT188804260,PIT,1,,t
galvj103,PIT188804270,PIT,1,,t
hendh102,PIT188804280,PIT,1,,t
buffc101,PHI188804300,PHI,1,,t
morre101,PIT188804300,PIT,1,,t
vanhg101,CHN188805010,CHN,1,,t
getzp101,DTN188805010,DTN,1,,t
gleak101,PHI188805010,PHI,1,,t
krocg101,CHN188805020,CHN,1,,t
conwp101,DTN188805020,DTN,1,,t
buffc101,PHI188805020,PHI,1,,t
baldm101,CHN188805030,CHN,1,,t
getzp101,DTN188805030,DTN,1,,t
gleak101,PHI188805030,PHI,1,,t
clard103,CHN188805040,CHN,1,,t
conwp101,DTN188805040,DTN,1,,t
vanhg101,CHN188805050,CHN,1,,t
getzp101,DTN188805050,DTN,1,,t
morre101,PIT188805050,PIT,1,,t
conwp101,DTN188805070,DTN,1,,t
galvj103,PIT188805070,PIT,1,,t
krocg101,CHN188805090,CHN,1,,t
conwp101,DTN188805090,DTN,1,,t
hendh102,PIT188805090,PIT,1,,t
vanhg101,CHN188805100,CHN,1,,t
getzp101,DTN188805100,DTN,1,,t
morre101,PIT188805100,PIT,1,,t
conwp101,DTN188805110,DTN,1,,t
galvj103,PIT188805110,PIT,1,,t
baldm101,CHN188805120,CHN,1,,t
getzp101,DTN188805120,DTN,1,,t
morre101,PIT188805120,PIT,1,,t
krocg101,CHN188805140,CHN,1,,t
hendh102,PIT188805140,PIT,1,,t
vanhg101,CHN188805150,CHN,1,,t
baldl101,DTN188805150,DTN,1,,t
galvj103,PIT188805150,PIT,1,,t
baldm101,CHN188805160,CHN,1,,t
conwp101,DTN188805160,DTN,1,,t
morre101,PIT188805160,PIT,1,,t
krocg101,CHN188805170,CHN,1,,t
getzp101,DTN188805170,DTN,1,,t
galvj103,PIT188805170,PIT,1,,t
borcg101,CHN188805180,CHN,1,,t
vanhg101,CHN188805190,CHN,1,,t
conwp101,DTN188805190,DTN,1,,t
morre101,PIT188805190,PIT,1,,t
baldm101,CHN188805210,CHN,1,,t
conwp101,DTN188805210,DTN,1,,t
galvj103,PIT188805210,PIT,1,,t
krocg101,CHN188805220,CHN,1,,t
getzp101,DTN188805220,DTN,1,,t
morre101,PIT188805220,PIT,1,,t
borcg101,CHN188805230,CHN,1,,t
grubh101,DTN188805230,DTN,1,,t
galvj103,PIT188805230,PIT,1,,t
baldm101,CHN188805240,CHN,1,,t
hendh102,PIT188805240,PIT,1,,t
clarj102,BSN188805250,BSN,1,,t
krocg101,CHN188805250,CHN,1,,t
maddk101,BSN188805260,BSN,1,,t
vanhg101,CHN188805260,CHN,1,,t
morre101,PIT188805260,PIT,1,,t
sowdb101,BSN188805290,BSN,1,,t
clarj102,BSN188805301,BSN,1,,t
maddk101,BSN188805302,BSN,1,,t
gleak101,PHI188805301,PHI,1,,t
cased103,PHI188805302,PHI,1,,t
radbc101,BSN188805310,BSN,1,,t
clarj102,BSN188806010,BSN,1,,t
cased103,PHI188806010,PHI,1,,t
maddk101,BSN188806020,BSN,1,,t
buffc101,PHI188806020,PHI,1,,t
sowdb101,BSN188806040,BSN,1,,t
cased103,PHI188806040,PHI,1,,t
clarj102,BSN188806050,BSN,1,,t
buffc101,PHI188806050,PHI,1,,t
maddk101,BSN188806060,BSN,1,,t
sandb101,PHI188806060,PHI,1,,t
clarj102,BSN188806080,BSN,1,,t
buffc101,PHI188806080,PHI,1,,t
maddk101,BSN188806090,BSN,1,,t
gleak101,PHI188806090,PHI,1,,t
clarj102,BSN188806110,BSN,1,,t
buffc101,PHI188806110,PHI,1,,t
radbc101,BSN188806120,BSN,1,,t
gleak101,PHI188806120,PHI,1,,t
buffc101,PHI188806130,PHI,1,,t
cased103,PHI188806140,PHI,1,,t
clarj102,BSN188806150,BSN,1,,t
buffc101,PHI188806150,PHI,1,,t
radbc101,BSN188806160,BSN,1,,t
gleak101,PHI188806160,PHI,1,,t
maddk101,BSN188806181,BSN,1,,t
clarj102,BSN188806182,BSN,1,,t
sowdb101,BSN188806190,BSN,1,,t
radbc101,BSN188806200,BSN,1,,t
krocg101,CHN188806200,CHN,1,,t
conwp101,DTN188806200,DTN,1,,t
clarj102,BSN188806210,BSN,1,,t
vanhg101,CHN188806210,CHN,1,,t
getzp101,DTN188806210,DTN,1,,t
maddk101,BSN188806220,BSN,1,,t
brynt101,CHN188806220,CHN,1,,t
grubh101,DTN188806220,DTN,1,,t
sowdb101,BSN188806230,BSN,1,,t
borcg101,CHN188806230,CHN,1,,t
conwp101,DTN188806230,DTN,1,,t
cased103,PHI188806230,PHI,1,,t
clarj102,BSN188806250,BSN,1,,t
getzp101,DTN188806250,DTN,1,,t
gleak101,PHI188806250,PHI,1,,t
conwp101,DTN188806260,DTN,1,,t
cased103,PHI188806260,PHI,1,,t
radbc101,BSN188806270,BSN,1,,t
getzp101,DTN188806270,DTN,1,,t
buffc101,PHI188806270,PHI,1,,t
sowdb101,BSN188806280,BSN,1,,t
sandb101,PHI188806290,PHI,1,,t
morre101,PIT188806290,PIT,1,,t
buffc101,PHI188806300,PHI,1,,t
stalh101,PIT188806300,PIT,1,,t
cased103,PHI188807020,PHI,1,,t
galvj103,PIT188807020,PIT,1,,t
morre101,PIT188807040,PIT,1,,t
krocg101,CHN188807041,CHN,1,,t
vanhg101,CHN188807042,CHN,1,,t
getzp101,DTN188807041,DTN,1,,t
grubh101,DTN188807042,DTN,1,,t
brynt101,CHN188807050,CHN,1,,t
conwp101,DTN188807050,DTN,1,,t
morre101,PIT188807050,PIT,1,,t
knelp101,PIT188807060,PIT,1,,t
krocg101,CHN188807070,CHN,1,,t
grubh101,DTN188807070,DTN,1,,t
stalh101,PIT188807070,PIT,1,,t
vanhg101,CHN188807090,CHN,1,,t
conwp101,DTN188807090,DTN,1,,t
baldm101,CHN188807100,CHN,1,,t
beate101,DTN188807100,DTN,1,,t
galvj103,PIT188807100,PIT,1,,t
krocg101,CHN188807110,CHN,1,,t
baldl101,DTN188807110,DTN,1,,t
morre101,PIT188807110,PIT,1,,t
brynt101,CHN188807120,CHN,1,,t
vanhg101,CHN188807130,CHN,1,,t
getzp101,DTN188807131,DTN,1,,t
conwp101,DTN188807132,DTN,1,,t
stalh101,PIT188807131,PIT,1,,t
galvj103,PIT188807132,PIT,1,,t
baldm101,CHN188807140,CHN,1,,t
grubh101,DTN188807140,DTN,1,,t
morre101,PIT188807140,PIT,1,,t
baldm101,CHN188807160,CHN,1,,t
getzp101,DTN188807160,DTN,1,,t
stalh101,PIT188807160,PIT,1,,t
krocg101,CHN188807170,CHN,1,,t
beate101,DTN188807170,DTN,1,,t
galvj103,PIT188807170,PIT,1,,t
conwp101,DTN188807180,DTN,1,,t
getzp101,DTN188807190,DTN,1,,t
buffc101,PHI188807190,PHI,1,,t
baldl101,DTN188807200,DTN,1,,t
cased103,PHI188807200,PHI,1,,t
conwp101,DTN188807210,DTN,1,,t
sandb101,PHI188807210,PHI,1,,t
getzp101,DTN188807230,DTN,1,,t
cased103,PHI188807230,PHI,1,,t
buffc101,PHI188807240,PHI,1,,t
conwp101,DTN188807241,DTN,1,,t
baldl101,DTN188807242,DTN,1,,t
gleak101,PHI188807250,PHI,1,,t
radbc101,BSN188807260,BSN,1,,t
baldm101,CHN188807260,CHN,1,,t
morre101,PIT188807260,PIT,1,,t
vanhg101,CHN188807270,CHN,1,,t
galvj103,PIT188807270,PIT,1,,t
clarj102,BSN188807280,BSN,1,,t
baldm101,CHN188807280,CHN,1,,t
stalh101,PIT188807280,PIT,1,,t
sowdb101,BSN188807300,BSN,1,,t
krocg101,CHN188807300,CHN,1,,t
getzp101,DTN188807300,DTN,1,,t
clarj102,BSN188807310,BSN,1,,t
conwp101,DTN188807310,DTN,1,,t
sowdb101,BSN188808010,BSN,1,,t
baldm101,CHN188808010,CHN,1,,t
grubh101,DTN188808010,DTN,1,,t
radbc101,BSN188808020,BSN,1,,t
borcg101,CHN188808020,CHN,1,,t
getzp101,DTN188808020,DTN,1,,t
sowdb101,BSN188808030,BSN,1,,t
mainw101,CHN188808030,CHN,1,,t
clarj102,BSN188808040,BSN,1,,t
krocg101,CHN188808040,CHN,1,,t
getzp101,DTN188808040,DTN,1,,t
conwd101,BSN188808070,BSN,1,,t
buffc101,PHI188808070,PHI,1,,t
sowdb101,BSN188808080,BSN,1,,t
sandb101,PHI188808080,PHI,1,,t
conwd101,BSN188808090,BSN,1,,t
cased103,PHI188808090,PHI,1,,t
clarj102,BSN188808100,BSN,1,,t
sandb101,PHI188808100,PHI,1,,t
conwd101,BSN188808110,BSN,1,,t
cased103,PHI188808110,PHI,1,,t
buffc101,PHI188808130,PHI,1,,t
clarj102,BSN188808140,BSN,1,,t
sandb101,PHI188808140,PHI,1,,t
radbc101,BSN188808150,BSN,1,,t
cased103,PHI188808150,PHI,1,,t
clarj102,BSN188808160,BSN,1,,t
buffc101,PHI188808160,PHI,1,,t
sandb101,PHI188808170,PHI,1,,t
clarj102,BSN188808180,BSN,1,,t
cased103,PHI188808180,PHI,1,,t
buffc101,PHI188808200,PHI,1,,t
galvj103,PIT188808200,PIT,1,,t
sandb101,PHI188808220,PHI,1,,t
stalh101,PIT188808221,PIT,1,,t
morre101,PIT188808222,PIT,1,,t
beate101,DTN188808230,DTN,1,,t
buffc101,PHI188808230,PHI,1,,t
galvj103,PIT188808230,PIT,1,,t
getzp101,DTN188808240,DTN,1,,t
gleak101,PHI188808240,PHI,1,,t
morre101,PIT188808240,PIT,1,,t
conwp101,DTN188808250,DTN,1,,t
buffc101,PHI188808250,PHI,1,,t
stalh101,PIT188808251,PIT,1,,t
knelp101,PIT188808252,PIT,1,,t
beate101,DTN188808270,DTN,1,,t
krocg101,CHN188808271,CHN,1,,t
baldm101,CHN188808272,CHN,1,,t
borcg101,CHN188808280,CHN,1,,t
grubh101,DTN188808280,DTN,1,,t
baldm101,CHN188808290,CHN,1,,t
conwp101,DTN188808290,DTN,1,,t
clarj102,BSN188808300,BSN,1,,t
sandb101,PHI188808300,PHI,1,,t
stalh101,PIT188808300,PIT,1,,t
sowdb101,BSN188808310,BSN,1,,t
gleak101,PHI188808310,PHI,1,,t
clarj102,BSN188809010,BSN,1,,t
sandb101,PHI188809010,PHI,1,,t
galvj103,PIT188809011,PIT,1,,t
morre101,PIT188809012,PIT,1,,t
krocg101,CHN188809030,CHN,1,,t
radbc101,BSN188809031,BSN,1,,t
clarj102,BSN188809032,BSN,1,,t
radbc101,BSN188809040,BSN,1,,t
baldm101,CHN188809040,CHN,1,,t
clarj102,BSN188809050,BSN,1,,t
tenej101,CHN188809050,CHN,1,,t
krocg101,CHN188809060,CHN,1,,t
baldm101,CHN188809070,CHN,1,,t
tenej101,CHN188809080,CHN,1,,t
conwp101,DTN188809081,DTN,1,,t
beate101,DTN188809082,DTN,1,,t
morre101,PIT188809081,PIT,1,,t
galvj103,PIT188809082,PIT,1,,t
krocg101,CHN188809100,CHN,1,,t
getzp101,DTN188809100,DTN,1,,t
morre101,PIT188809101,PIT,1,,t
galvj103,PIT188809102,PIT,1,,t
tenej101,CHN188809110,CHN,1,,t
conwp101,DTN188809110,DTN,1,,t
stalh101,PIT188809110,PIT,1,,t
krocg101,CHN188809120,CHN,1,,t
beate101,DTN188809120,DTN,1,,t
morre101,PIT188809120,PIT,1,,t
tenej101,CHN188809130,CHN,1,,t
getzp101,DTN188809130,DTN,1,,t
stalh101,PIT188809130,PIT,1,,t
krocg101,CHN188809140,CHN,1,,t
grubh101,DTN188809140,DTN,1,,t
gumba101,CHN188809150,CHN,1,,t
morre101,PIT188809150,PIT,1,,t
conwp101,DTN188809170,DTN,1,,t
morre101,PIT188809170,PIT,1,,t
krocg101,CHN188809180,CHN,1,,t
galvj103,PIT188809180,PIT,1,,t
beate101,DTN188809181,DTN,1,,t
getzp101,DTN188809182,DTN,1,,t
tenej101,CHN188809190,CHN,1,,t
grubh101,DTN188809190,DTN,1,,t
morre101,PIT188809190,PIT,1,,t
conwp101,DTN188809200,DTN,1,,t
galvj103,PIT188809200,PIT,1,,t
dwyef101,CHN188809201,CHN,1,,t
gumba101,CHN188809202,CHN,1,,t
getzp101,DTN188809210,DTN,1,,t
morre101,PIT188809210,PIT,1,,t
tenej101,CHN188809211,CHN,1,,t
krocg101,CHN188809212,CHN,1,,t
vanhg101,CHN188809220,CHN,1,,t
grubh101,DTN188809220,DTN,1,,t
morre101,PIT188809220,PIT,1,,t
clarj102,BSN188809240,BSN,1,,t
dwyef101,CHN188809240,CHN,1,,t
galvj103,PIT188809240,PIT,1,,t
sowdb101,BSN188809250,BSN,1,,t
gumba101,CHN188809250,CHN,1,,t
stalh101,PIT188809251,PIT,1,,t
morre101,PIT188809252,PIT,1,,t
tenej101,CHN188809260,CHN,1,,t
galvj103,PIT188809260,PIT,1,,t
stalh101,PIT188809270,PIT,1,,t
clarj102,BSN188809271,BSN,1,,t
maddk101,BSN188809272,BSN,1,,t
clarj102,BSN188809280,BSN,1,,t
gleak101,PHI188809280,PHI,1,,t
radbc101,BSN188809290,BSN,1,,t
sandb101,PHI188809290,PHI,1,,t
buffc101,PHI188810010,PHI,1,,t
maddk101,BSN188810020,BSN,1,,t
cased103,PHI188810020,PHI,1,,t
clarj102,BSN188810030,BSN,1,,t
sandb101,PHI188810030,PHI,1,,t
sowdb101,BSN188810040,BSN,1,,t
buffc101,PHI188810040,PHI,1,,t
clarj102,BSN188810050,BSN,1,,t
sandb101,PHI188810050,PHI,1,,t
conwd101,BSN188810080,BSN,1,,t
sowdb101,BSN188810090,BSN,1,,t
cased103,PHI188810090,PHI,1,,t
clarj102,BSN188810100,BSN,1,,t
buffc101,PHI188810100,PHI,1,,t
sandb101,PHI188810110,PHI,1,,t
maddk101,BSN188810111,BSN,1,,t
radbc101,BSN188810112,BSN,1,,t
maddk101,BSN188810131,BSN,1,,t
radbc101,BSN188810132,BSN,1,,t
