id,game_id,team_id,field_pos,batt_ord,start
powep101,PHI188704300,UMP,ump_hp,,t
quesj101,PIT188704300,UMP,ump_hp,,t
powep101,PHI188705020,UMP,ump_hp,,t
quesj101,PIT188705020,UMP,ump_hp,,t
powep101,PHI188705030,UMP,ump_hp,,t
quesj101,PIT188705030,UMP,ump_hp,,t
powep101,PHI188705040,UMP,ump_hp,,t
quesj101,PIT188705040,UMP,ump_hp,,t
quesj101,DTN188705050,UMP,ump_hp,,t
sulld901,CHN188705060,UMP,ump_hp,,t
quesj101,DTN188705060,UMP,ump_hp,,t
sulld901,CHN188705070,UMP,ump_hp,,t
quesj101,DTN188705070,UMP,ump_hp,,t
wilsj901,BSN188705090,UMP,ump_hp,,t
henge801,CHN188705090,UMP,ump_hp,,t
quesj101,DTN188705090,UMP,ump_hp,,t
wilsj901,BSN188705100,UMP,ump_hp,,t
henge801,CHN188705100,UMP,ump_hp,,t
quesj101,DTN188705100,UMP,ump_hp,,t
wilsj901,BSN188705110,UMP,ump_hp,,t
henge801,CHN188705110,UMP,ump_hp,,t
quesj101,DTN188705110,UMP,ump_hp,,t
powep101,BSN188705120,UMP,ump_hp,,t
henge801,CHN188705120,UMP,ump_hp,,t
wilsj901,PHI188705120,UMP,ump_hp,,t
quesj101,PIT188705120,UMP,ump_hp,,t
powep101,BSN188705130,UMP,ump_hp,,t
henge801,CHN188705130,UMP,ump_hp,,t
wilsj901,PHI188705130,UMP,ump_hp,,t
quesj101,PIT188705130,UMP,ump_hp,,t
powep101,BSN188705140,UMP,ump_hp,,t
henge801,CHN188705140,UMP,ump_hp,,t
quesj101,PIT188705140,UMP,ump_hp,,t
henge801,BSN188705160,UMP,ump_hp,,t
wilsj901,PHI188705160,UMP,ump_hp,,t
henge801,BSN188705170,UMP,ump_hp,,t
wilsj901,PHI188705170,UMP,ump_hp,,t
hollj901,BSN188705180,UMP,ump_hp,,t
connt103,PHI188705180,UMP,ump_hp,,t
henge801,BSN188705190,UMP,ump_hp,,t
cusit101,PHI188705190,UMP,ump_hp,,t
henge801,BSN188705200,UMP,ump_hp,,t
dosch101,PHI188705200,UMP,ump_hp,,t
henge801,BSN188705210,UMP,ump_hp,,t
dosch101,PHI188705210,UMP,ump_hp,,t
quesj101,BSN188705230,UMP,ump_hp,,t
dosch101,PHI188705230,UMP,ump_hp,,t
quesj101,BSN188705240,UMP,ump_hp,,t
dosch101,PHI188705240,UMP,ump_hp,,t
quesj101,BSN188705250,UMP,ump_hp,,t
quesj101,BSN188705260,UMP,ump_hp,,t
pierg101,PHI188705260,UMP,ump_hp,,t
quesj101,BSN188705270,UMP,ump_hp,,t
pierg101,PHI188705270,UMP,ump_hp,,t
pierg101,PHI188705280,UMP,ump_hp,,t
pierg101,BSN188705301,UMP,ump_hp,,t
pierg101,BSN188705302,UMP,ump_hp,,t
dosch101,PIT188705301,UMP,ump_hp,,t
dosch101,PIT188705302,UMP,ump_hp,,t
pierg101,BSN188705310,UMP,ump_hp,,t
dosch101,PIT188705310,UMP,ump_hp,,t
dosch101,PHI188706020,UMP,ump_hp,,t
quesj101,DTN188706030,UMP,ump_hp,,t
dosch101,PHI188706030,UMP,ump_hp,,t
quesj101,DTN188706040,UMP,ump_hp,,t
dosch101,PHI188706040,UMP,ump_hp,,t
gunnt101,PHI188706060,UMP,ump_hp,,t
dosch101,DTN188706070,UMP,ump_hp,,t
connt103,PHI188706070,UMP,ump_hp,,t
connt103,PHI188706080,UMP,ump_hp,,t
hollj901,BSN188706090,UMP,ump_hp,,t
pierg101,CHN188706090,UMP,ump_hp,,t
dosch101,DTN188706090,UMP,ump_hp,,t
hollj901,BSN188706100,UMP,ump_hp,,t
pierg101,CHN188706100,UMP,ump_hp,,t
dosch101,DTN188706100,UMP,ump_hp,,t
hollj901,BSN188706110,UMP,ump_hp,,t
pierg101,CHN188706110,UMP,ump_hp,,t
dosch101,DTN188706110,UMP,ump_hp,,t
hollj901,BSN188706130,UMP,ump_hp,,t
pierg101,CHN188706130,UMP,ump_hp,,t
dosch101,PIT188706130,UMP,ump_hp,,t
hollj901,BSN188706140,UMP,ump_hp,,t
pierg101,CHN188706140,UMP,ump_hp,,t
dosch101,PIT188706140,UMP,ump_hp,,t
hollj901,BSN188706150,UMP,ump_hp,,t
pierg101,CHN188706150,UMP,ump_hp,,t
dosch101,PIT188706150,UMP,ump_hp,,t
powep101,BSN188706160,UMP,ump_hp,,t
dosch101,CHN188706160,UMP,ump_hp,,t
connt103,PHI188706160,UMP,ump_hp,,t
dosch101,CHN188706170,UMP,ump_hp,,t
connj902,PHI188706170,UMP,ump_hp,,t
powep101,BSN188706171,UMP,ump_hp,,t
powep101,BSN188706172,UMP,ump_hp,,t
powep101,BSN188706180,UMP,ump_hp,,t
dosch101,CHN188706180,UMP,ump_hp,,t
connj902,PHI188706180,UMP,ump_hp,,t
sulld901,CHN188706210,UMP,ump_hp,,t
dosch101,DTN188706210,UMP,ump_hp,,t
valej101,CHN188706220,UMP,ump_hp,,t
dosch101,DTN188706220,UMP,ump_hp,,t
powep101,PIT188706220,UMP,ump_hp,,t
valej101,CHN188706230,UMP,ump_hp,,t
dosch101,DTN188706230,UMP,ump_hp,,t
powep101,PIT188706230,UMP,ump_hp,,t
dosch101,CHN188706240,UMP,ump_hp,,t
powep101,PIT188706240,UMP,ump_hp,,t
dosch101,CHN188706250,UMP,ump_hp,,t
valej101,DTN188706250,UMP,ump_hp,,t
powep101,PIT188706250,UMP,ump_hp,,t
dosch101,CHN188706270,UMP,ump_hp,,t
powep101,PIT188706270,UMP,ump_hp,,t
valej101,DTN188706270,UMP,ump_hp,,t
dosch101,CHN188706280,UMP,ump_hp,,t
valej101,DTN188706280,UMP,ump_hp,,t
powep101,PIT188706280,UMP,ump_hp,,t
mcgud101,DTN188706290,UMP,ump_hp,,t
powep101,PIT188706290,UMP,ump_hp,,t
powep101,CHN188706300,UMP,ump_hp,,t
dosch101,DTN188706300,UMP,ump_hp,,t
valej101,PIT188706300,UMP,ump_hp,,t
powep101,CHN188707010,UMP,ump_hp,,t
dosch101,DTN188707010,UMP,ump_hp,,t
valej101,PIT188707010,UMP,ump_hp,,t
powep101,CHN188707020,UMP,ump_hp,,t
dosch101,DTN188707020,UMP,ump_hp,,t
valej101,PIT188707020,UMP,ump_hp,,t
dosch101,DTN188707041,UMP,ump_hp,,t
dosch101,DTN188707042,UMP,ump_hp,,t
pierg101,CHN188707041,UMP,ump_hp,,t
pierg101,CHN188707042,UMP,ump_hp,,t
valej101,PHI188707041,UMP,ump_hp,,t
valej101,PHI188707042,UMP,ump_hp,,t
pierg101,CHN188707050,UMP,ump_hp,,t
dosch101,DTN188707050,UMP,ump_hp,,t
valej101,PHI188707060,UMP,ump_hp,,t
powep101,BSN188707070,UMP,ump_hp,,t
connt103,PHI188707070,UMP,ump_hp,,t
powep101,BSN188707080,UMP,ump_hp,,t
connt103,PHI188707080,UMP,ump_hp,,t
powep101,BSN188707090,UMP,ump_hp,,t
darld101,PHI188707090,UMP,ump_hp,,t
prata101,PHI188707110,UMP,ump_hp,,t
powep101,BSN188707120,UMP,ump_hp,,t
sulld901,PHI188707120,UMP,ump_hp,,t
powep101,BSN188707130,UMP,ump_hp,,t
sulld901,PHI188707130,UMP,ump_hp,,t
powep101,BSN188707140,UMP,ump_hp,,t
hollj901,BSN188707150,UMP,ump_hp,,t
sulld901,PHI188707150,UMP,ump_hp,,t
hollj901,BSN188707160,UMP,ump_hp,,t
sulld901,PHI188707160,UMP,ump_hp,,t
sulld901,PHI188707180,UMP,ump_hp,,t
darld101,BSN188707190,UMP,ump_hp,,t
sulld901,PHI188707190,UMP,ump_hp,,t
powep101,BSN188707200,UMP,ump_hp,,t
prata101,PHI188707200,UMP,ump_hp,,t
powep101,BSN188707210,UMP,ump_hp,,t
prata101,PHI188707220,UMP,ump_hp,,t
dosch101,DTN188707230,UMP,ump_hp,,t
powep101,PIT188707230,UMP,ump_hp,,t
dosch101,DTN188707250,UMP,ump_hp,,t
powep101,PIT188707250,UMP,ump_hp,,t
dosch101,DTN188707260,UMP,ump_hp,,t
powep101,PIT188707260,UMP,ump_hp,,t
dosch101,DTN188707270,UMP,ump_hp,,t
powep101,PIT188707270,UMP,ump_hp,,t
powep101,CHN188707280,UMP,ump_hp,,t
dosch101,DTN188707280,UMP,ump_hp,,t
sullj901,PIT188707280,UMP,ump_hp,,t
powep101,CHN188707290,UMP,ump_hp,,t
dosch101,DTN188707290,UMP,ump_hp,,t
sullj901,PIT188707290,UMP,ump_hp,,t
powep101,CHN188707300,UMP,ump_hp,,t
dosch101,DTN188707300,UMP,ump_hp,,t
sullj901,PIT188707300,UMP,ump_hp,,t
dosch101,CHN188708010,UMP,ump_hp,,t
valej101,DTN188708010,UMP,ump_hp,,t
sullj901,PIT188708010,UMP,ump_hp,,t
dosch101,CHN188708020,UMP,ump_hp,,t
valej101,DTN188708020,UMP,ump_hp,,t
sullj901,PIT188708020,UMP,ump_hp,,t
dosch101,CHN188708030,UMP,ump_hp,,t
valej101,DTN188708030,UMP,ump_hp,,t
sullj901,PIT188708030,UMP,ump_hp,,t
dosch101,CHN188708040,UMP,ump_hp,,t
sullj901,DTN188708040,UMP,ump_hp,,t
dosch101,CHN188708050,UMP,ump_hp,,t
sullj901,DTN188708050,UMP,ump_hp,,t
valej101,PIT188708050,UMP,ump_hp,,t
dosch101,CHN188708060,UMP,ump_hp,,t
sullj901,DTN188708060,UMP,ump_hp,,t
valej101,PIT188708060,UMP,ump_hp,,t
dosch101,CHN188708080,UMP,ump_hp,,t
sullj901,DTN188708080,UMP,ump_hp,,t
powep101,PIT188708080,UMP,ump_hp,,t
sulld901,CHN188708090,UMP,ump_hp,,t
sullj901,DTN188708090,UMP,ump_hp,,t
dosch101,PIT188708090,UMP,ump_hp,,t
sulld901,CHN188708100,UMP,ump_hp,,t
sullj901,DTN188708100,UMP,ump_hp,,t
powep101,PIT188708100,UMP,ump_hp,,t
sulld901,CHN188708110,UMP,ump_hp,,t
sullj901,DTN188708110,UMP,ump_hp,,t
powep101,PIT188708110,UMP,ump_hp,,t
sullj901,BSN188708130,UMP,ump_hp,,t
powep101,CHN188708130,UMP,ump_hp,,t
crans101,PHI188708130,UMP,ump_hp,,t
sullj901,BSN188708150,UMP,ump_hp,,t
powep101,CHN188708150,UMP,ump_hp,,t
crans101,PHI188708150,UMP,ump_hp,,t
sullj901,BSN188708160,UMP,ump_hp,,t
powep101,CHN188708160,UMP,ump_hp,,t
crans101,PHI188708160,UMP,ump_hp,,t
sullj901,PHI188708170,UMP,ump_hp,,t
sullj901,PHI188708180,UMP,ump_hp,,t
powep101,PIT188708180,UMP,ump_hp,,t
dosch101,BSN188708190,UMP,ump_hp,,t
sullj901,PHI188708190,UMP,ump_hp,,t
powep101,PIT188708190,UMP,ump_hp,,t
sullj901,PHI188708200,UMP,ump_hp,,t
powep101,PIT188708200,UMP,ump_hp,,t
dosch101,BSN188708201,UMP,ump_hp,,t
dosch101,BSN188708202,UMP,ump_hp,,t
sullj901,PHI188708220,UMP,ump_hp,,t
sullj901,PHI188708230,UMP,ump_hp,,t
sullj901,PHI188708240,UMP,ump_hp,,t
dosch101,BSN188708250,UMP,ump_hp,,t
powep101,PHI188708250,UMP,ump_hp,,t
powep101,PHI188708260,UMP,ump_hp,,t
dosch101,BSN188708270,UMP,ump_hp,,t
dosch101,BSN188708290,UMP,ump_hp,,t
powep101,PHI188708290,UMP,ump_hp,,t
powep101,BSN188708300,UMP,ump_hp,,t
cusit101,PHI188708300,UMP,ump_hp,,t
powep101,BSN188708310,UMP,ump_hp,,t
dosch101,PHI188708310,UMP,ump_hp,,t
powep101,BSN188709010,UMP,ump_hp,,t
dosch101,PHI188709010,UMP,ump_hp,,t
powep101,BSN188709020,UMP,ump_hp,,t
powep101,BSN188709030,UMP,ump_hp,,t
dosch101,PHI188709030,UMP,ump_hp,,t
dosch101,BSN188709050,UMP,ump_hp,,t
powep101,DTN188709050,UMP,ump_hp,,t
danic901,PIT188709050,UMP,ump_hp,,t
dosch101,BSN188709060,UMP,ump_hp,,t
danic901,PIT188709060,UMP,ump_hp,,t
dosch101,BSN188709070,UMP,ump_hp,,t
powep101,DTN188709071,UMP,ump_hp,,t
powep101,DTN188709072,UMP,ump_hp,,t
dosch101,BSN188709080,UMP,ump_hp,,t
powep101,CHN188709080,UMP,ump_hp,,t
danic901,DTN188709080,UMP,ump_hp,,t
dosch101,BSN188709100,UMP,ump_hp,,t
powep101,CHN188709101,UMP,ump_hp,,t
powep101,CHN188709102,UMP,ump_hp,,t
danic901,DTN188709101,UMP,ump_hp,,t
danic901,DTN188709102,UMP,ump_hp,,t
powep101,CHN188709120,UMP,ump_hp,,t
danic901,DTN188709120,UMP,ump_hp,,t
gaffj801,PIT188709120,UMP,ump_hp,,t
powep101,CHN188709130,UMP,ump_hp,,t
danic901,DTN188709130,UMP,ump_hp,,t
dosch101,PIT188709130,UMP,ump_hp,,t
powep101,CHN188709140,UMP,ump_hp,,t
danic901,DTN188709140,UMP,ump_hp,,t
dosch101,PIT188709140,UMP,ump_hp,,t
powep101,CHN188709150,UMP,ump_hp,,t
danic901,DTN188709150,UMP,ump_hp,,t
dosch101,PIT188709150,UMP,ump_hp,,t
powep101,CHN188709160,UMP,ump_hp,,t
danic901,DTN188709160,UMP,ump_hp,,t
dosch101,PIT188709160,UMP,ump_hp,,t
powep101,CHN188709170,UMP,ump_hp,,t
danic901,DTN188709170,UMP,ump_hp,,t
dosch101,PIT188709170,UMP,ump_hp,,t
powep101,CHN188709190,UMP,ump_hp,,t
danic901,DTN188709190,UMP,ump_hp,,t
dosch101,PIT188709190,UMP,ump_hp,,t
powep101,CHN188709200,UMP,ump_hp,,t
danic901,DTN188709200,UMP,ump_hp,,t
dosch101,PIT188709200,UMP,ump_hp,,t
powep101,CHN188709210,UMP,ump_hp,,t
dosch101,PIT188709210,UMP,ump_hp,,t
powep101,CHN188709220,UMP,ump_hp,,t
danic901,DTN188709220,UMP,ump_hp,,t
danic901,DTN188709230,UMP,ump_hp,,t
dosch101,PIT188709230,UMP,ump_hp,,t
powep101,CHN188709231,UMP,ump_hp,,t
powep101,CHN188709232,UMP,ump_hp,,t
danic901,DTN188709240,UMP,ump_hp,,t
dosch101,PIT188709241,UMP,ump_hp,,t
dosch101,PIT188709242,UMP,ump_hp,,t
powep101,CHN188709241,UMP,ump_hp,,t
powep101,CHN188709242,UMP,ump_hp,,t
powep101,DTN188709260,UMP,ump_hp,,t
dosch101,PHI188709260,UMP,ump_hp,,t
powep101,DTN188709270,UMP,ump_hp,,t
dosch101,PHI188709270,UMP,ump_hp,,t
powep101,DTN188709280,UMP,ump_hp,,t
valej101,CHN188709281,UMP,ump_hp,,t
valej101,CHN188709282,UMP,ump_hp,,t
carrf101,CHN188709291,UMP,ump_hp,,t
valej101,CHN188709292,UMP,ump_hp,,t
dosch101,PIT188709300,UMP,ump_hp,,t
powep101,PHI188710010,UMP,ump_hp,,t
galvj103,PIT188710010,UMP,ump_hp,,t
powep101,PHI188710030,UMP,ump_hp,,t
galvj103,PIT188710030,UMP,ump_hp,,t
powep101,PHI188710040,UMP,ump_hp,,t
danic901,PIT188710040,UMP,ump_hp,,t
danic901,PIT188710050,UMP,ump_hp,,t
danic901,PIT188710061,UMP,ump_hp,,t
danic901,PIT188710062,UMP,ump_hp,,t
powep101,PHI188710070,UMP,ump_hp,,t
danic901,PIT188710070,UMP,ump_hp,,t
danic901,PIT188710080,UMP,ump_hp,,t
mutrj801,PHI188704300,NY1,manager,,t
ansoc101,PIT188704300,CHN,manager,,t
kellk101,PHI188705020,BSN,manager,,t
watkb101,PIT188705020,DTN,manager,,t
kellk101,PHI188705030,BSN,manager,,t
watkb101,PIT188705030,DTN,manager,,t
kellk101,PHI188705040,BSN,manager,,t
watkb101,PIT188705040,DTN,manager,,t
burnw801,DTN188705050,IN3,manager,,t
philh801,CHN188705060,PIT,manager,,t
burnw801,DTN188705060,IN3,manager,,t
philh801,CHN188705070,PIT,manager,,t
burnw801,DTN188705070,IN3,manager,,t
wrigh101,BSN188705090,PHI,manager,,t
burnw801,CHN188705090,IN3,manager,,t
philh801,DTN188705090,PIT,manager,,t
wrigh101,BSN188705100,PHI,manager,,t
burnw801,CHN188705100,IN3,manager,,t
philh801,DTN188705100,PIT,manager,,t
wrigh101,BSN188705110,PHI,manager,,t
burnw801,CHN188705110,IN3,manager,,t
philh801,DTN188705110,PIT,manager,,t
gaffj801,BSN188705120,WS8,manager,,t
watkb101,CHN188705120,DTN,manager,,t
mutrj801,PHI188705120,NY1,manager,,t
burnw801,PIT188705120,IN3,manager,,t
gaffj801,BSN188705130,WS8,manager,,t
watkb101,CHN188705130,DTN,manager,,t
mutrj801,PHI188705130,NY1,manager,,t
burnw801,PIT188705130,IN3,manager,,t
gaffj801,BSN188705140,WS8,manager,,t
watkb101,CHN188705140,DTN,manager,,t
burnw801,PIT188705140,IN3,manager,,t
philh801,BSN188705160,PIT,manager,,t
watkb101,PHI188705160,DTN,manager,,t
philh801,BSN188705170,PIT,manager,,t
watkb101,PHI188705170,DTN,manager,,t
philh801,BSN188705180,PIT,manager,,t
watkb101,PHI188705180,DTN,manager,,t
philh801,BSN188705190,PIT,manager,,t
watkb101,PHI188705190,DTN,manager,,t
burnw801,BSN188705200,IN3,manager,,t
ansoc101,PHI188705200,CHN,manager,,t
burnw801,BSN188705210,IN3,manager,,t
ansoc101,PHI188705210,CHN,manager,,t
burnw801,BSN188705230,IN3,manager,,t
ansoc101,PHI188705230,CHN,manager,,t
burnw801,BSN188705240,IN3,manager,,t
ansoc101,PHI188705240,CHN,manager,,t
ansoc101,BSN188705250,CHN,manager,,t
ansoc101,BSN188705260,CHN,manager,,t
burnw801,PHI188705260,IN3,manager,,t
ansoc101,BSN188705270,CHN,manager,,t
burnw801,PHI188705270,IN3,manager,,t
burnw801,PHI188705280,IN3,manager,,t
watkb101,BSN188705301,DTN,manager,,t
watkb101,BSN188705302,DTN,manager,,t
wrigh101,PIT188705301,PHI,manager,,t
wrigh101,PIT188705302,PHI,manager,,t
watkb101,BSN188705310,DTN,manager,,t
wrigh101,PIT188705310,PHI,manager,,t
kellk101,PHI188706020,BSN,manager,,t
ansoc101,DTN188706030,CHN,manager,,t
kellk101,PHI188706030,BSN,manager,,t
ansoc101,DTN188706040,CHN,manager,,t
kellk101,PHI188706040,BSN,manager,,t
mutrj801,PHI188706060,NY1,manager,,t
philh801,DTN188706070,PIT,manager,,t
mutrj801,PHI188706070,NY1,manager,,t
mutrj801,PHI188706080,NY1,manager,,t
wrigh101,BSN188706090,PHI,manager,,t
philh801,CHN188706090,PIT,manager,,t
thomf801,DTN188706090,IN3,manager,,t
wrigh101,BSN188706100,PHI,manager,,t
philh801,CHN188706100,PIT,manager,,t
thomf801,DTN188706100,IN3,manager,,t
wrigh101,BSN188706110,PHI,manager,,t
philh801,CHN188706110,PIT,manager,,t
thomf801,DTN188706110,IN3,manager,,t
gaffj801,BSN188706130,WS8,manager,,t
thomf801,CHN188706130,IN3,manager,,t
watkb101,PIT188706130,DTN,manager,,t
gaffj801,BSN188706140,WS8,manager,,t
thomf801,CHN188706140,IN3,manager,,t
watkb101,PIT188706140,DTN,manager,,t
gaffj801,BSN188706150,WS8,manager,,t
thomf801,CHN188706150,IN3,manager,,t
watkb101,PIT188706150,DTN,manager,,t
mutrj801,BSN188706160,NY1,manager,,t
watkb101,CHN188706160,DTN,manager,,t
gaffj801,PHI188706160,WS8,manager,,t
watkb101,CHN188706170,DTN,manager,,t
gaffj801,PHI188706170,WS8,manager,,t
mutrj801,BSN188706171,NY1,manager,,t
mutrj801,BSN188706172,NY1,manager,,t
mutrj801,BSN188706180,NY1,manager,,t
watkb101,CHN188706180,DTN,manager,,t
gaffj801,PHI188706180,WS8,manager,,t
wrigh101,CHN188706210,PHI,manager,,t
gaffj801,DTN188706210,WS8,manager,,t
wrigh101,CHN188706220,PHI,manager,,t
gaffj801,DTN188706220,WS8,manager,,t
mutrj801,PIT188706220,NY1,manager,,t
wrigh101,CHN188706230,PHI,manager,,t
gaffj801,DTN188706230,WS8,manager,,t
mutrj801,PIT188706230,NY1,manager,,t
kellk101,CHN188706240,BSN,manager,,t
mutrj801,PIT188706240,NY1,manager,,t
kellk101,CHN188706250,BSN,manager,,t
mutrj801,DTN188706250,NY1,manager,,t
gaffj801,PIT188706250,WS8,manager,,t
kellk101,CHN188706270,BSN,manager,,t
gaffj801,PIT188706270,WS8,manager,,t
mutrj801,DTN188706270,NY1,manager,,t
kellk101,CHN188706280,BSN,manager,,t
mutrj801,DTN188706280,NY1,manager,,t
gaffj801,PIT188706280,WS8,manager,,t
wrigh101,DTN188706290,PHI,manager,,t
gaffj801,PIT188706290,WS8,manager,,t
gaffj801,CHN188706300,WS8,manager,,t
wrigh101,DTN188706300,PHI,manager,,t
kellk101,PIT188706300,BSN,manager,,t
gaffj801,CHN188707010,WS8,manager,,t
wrigh101,DTN188707010,PHI,manager,,t
kellk101,PIT188707010,BSN,manager,,t
gaffj801,CHN188707020,WS8,manager,,t
wrigh101,DTN188707020,PHI,manager,,t
kellk101,PIT188707020,BSN,manager,,t
kellk101,DTN188707041,BSN,manager,,t
kellk101,DTN188707042,BSN,manager,,t
mutrj801,CHN188707041,NY1,manager,,t
mutrj801,CHN188707042,NY1,manager,,t
philh801,PHI188707041,PIT,manager,,t
philh801,PHI188707042,PIT,manager,,t
mutrj801,CHN188707050,NY1,manager,,t
kellk101,DTN188707050,BSN,manager,,t
philh801,PHI188707060,PIT,manager,,t
philh801,BSN188707070,PIT,manager,,t
ansoc101,PHI188707070,CHN,manager,,t
philh801,BSN188707080,PIT,manager,,t
ansoc101,PHI188707080,CHN,manager,,t
philh801,BSN188707090,PIT,manager,,t
ansoc101,PHI188707090,CHN,manager,,t
fogeh801,PHI188707110,IN3,manager,,t
watkb101,BSN188707120,DTN,manager,,t
fogeh801,PHI188707120,IN3,manager,,t
watkb101,BSN188707130,DTN,manager,,t
fogeh801,PHI188707130,IN3,manager,,t
watkb101,BSN188707140,DTN,manager,,t
fogeh801,BSN188707150,IN3,manager,,t
watkb101,PHI188707150,DTN,manager,,t
fogeh801,BSN188707160,IN3,manager,,t
watkb101,PHI188707160,DTN,manager,,t
watkb101,PHI188707180,DTN,manager,,t
ansoc101,BSN188707190,CHN,manager,,t
philh801,PHI188707190,PIT,manager,,t
ansoc101,BSN188707200,CHN,manager,,t
philh801,PHI188707200,PIT,manager,,t
ansoc101,BSN188707210,CHN,manager,,t
philh801,PHI188707220,PIT,manager,,t
ansoc101,DTN188707230,CHN,manager,,t
fogeh801,PIT188707230,IN3,manager,,t
ansoc101,DTN188707250,CHN,manager,,t
fogeh801,PIT188707250,IN3,manager,,t
ansoc101,DTN188707260,CHN,manager,,t
fogeh801,PIT188707260,IN3,manager,,t
ansoc101,DTN188707270,CHN,manager,,t
fogeh801,PIT188707270,IN3,manager,,t
kellk101,CHN188707280,BSN,manager,,t
mutrj801,DTN188707280,NY1,manager,,t
wrigh101,PIT188707280,PHI,manager,,t
kellk101,CHN188707290,BSN,manager,,t
mutrj801,DTN188707290,NY1,manager,,t
wrigh101,PIT188707290,PHI,manager,,t
kellk101,CHN188707300,BSN,manager,,t
mutrj801,DTN188707300,NY1,manager,,t
wrigh101,PIT188707300,PHI,manager,,t
gaffj801,CHN188708010,WS8,manager,,t
wrigh101,DTN188708010,PHI,manager,,t
mutrj801,PIT188708010,NY1,manager,,t
gaffj801,CHN188708020,WS8,manager,,t
wrigh101,DTN188708020,PHI,manager,,t
mutrj801,PIT188708020,NY1,manager,,t
gaffj801,CHN188708030,WS8,manager,,t
wrigh101,DTN188708030,PHI,manager,,t
mutrj801,PIT188708030,NY1,manager,,t
wrigh101,CHN188708040,PHI,manager,,t
kellk101,DTN188708040,BSN,manager,,t
mutrj801,CHN188708050,NY1,manager,,t
kellk101,DTN188708050,BSN,manager,,t
gaffj801,PIT188708050,WS8,manager,,t
mutrj801,CHN188708060,NY1,manager,,t
kellk101,DTN188708060,BSN,manager,,t
gaffj801,PIT188708060,WS8,manager,,t
mutrj801,CHN188708080,NY1,manager,,t
kellk101,DTN188708080,BSN,manager,,t
gaffj801,PIT188708080,WS8,manager,,t
wrigh101,CHN188708090,PHI,manager,,t
gaffj801,DTN188708090,WS8,manager,,t
kellk101,PIT188708090,BSN,manager,,t
wrigh101,CHN188708100,PHI,manager,,t
gaffj801,DTN188708100,WS8,manager,,t
kellk101,PIT188708100,BSN,manager,,t
wrigh101,CHN188708110,PHI,manager,,t
gaffj801,DTN188708110,WS8,manager,,t
kellk101,PIT188708110,BSN,manager,,t
mutrj801,BSN188708130,NY1,manager,,t
watkb101,CHN188708130,DTN,manager,,t
gaffj801,PHI188708130,WS8,manager,,t
mutrj801,BSN188708150,NY1,manager,,t
watkb101,CHN188708150,DTN,manager,,t
gaffj801,PHI188708150,WS8,manager,,t
mutrj801,BSN188708160,NY1,manager,,t
watkb101,CHN188708160,DTN,manager,,t
gaffj801,PHI188708160,WS8,manager,,t
mutrj801,PHI188708170,NY1,manager,,t
mutrj801,PHI188708180,NY1,manager,,t
ansoc101,PIT188708180,CHN,manager,,t
gaffj801,BSN188708190,WS8,manager,,t
mutrj801,PHI188708190,NY1,manager,,t
ansoc101,PIT188708190,CHN,manager,,t
mutrj801,PHI188708200,NY1,manager,,t
ansoc101,PIT188708200,CHN,manager,,t
gaffj801,BSN188708201,WS8,manager,,t
gaffj801,BSN188708202,WS8,manager,,t
fogeh801,PHI188708220,IN3,manager,,t
fogeh801,PHI188708230,IN3,manager,,t
fogeh801,PHI188708240,IN3,manager,,t
philh801,BSN188708250,PIT,manager,,t
watkb101,PHI188708250,DTN,manager,,t
watkb101,PHI188708260,DTN,manager,,t
philh801,BSN188708270,PIT,manager,,t
watkb101,BSN188708290,DTN,manager,,t
philh801,PHI188708290,PIT,manager,,t
watkb101,BSN188708300,DTN,manager,,t
philh801,PHI188708300,PIT,manager,,t
watkb101,BSN188708310,DTN,manager,,t
philh801,PHI188708310,PIT,manager,,t
fogeh801,BSN188709010,IN3,manager,,t
ansoc101,PHI188709010,CHN,manager,,t
fogeh801,BSN188709020,IN3,manager,,t
fogeh801,BSN188709030,IN3,manager,,t
ansoc101,PHI188709030,CHN,manager,,t
wrigh101,BSN188709050,PHI,manager,,t
ansoc101,DTN188709050,CHN,manager,,t
fogeh801,PIT188709050,IN3,manager,,t
wrigh101,BSN188709060,PHI,manager,,t
fogeh801,PIT188709060,IN3,manager,,t
wrigh101,BSN188709070,PHI,manager,,t
ansoc101,DTN188709071,CHN,manager,,t
ansoc101,DTN188709072,CHN,manager,,t
mutrj801,BSN188709080,NY1,manager,,t
fogeh801,CHN188709080,IN3,manager,,t
philh801,DTN188709080,PIT,manager,,t
mutrj801,BSN188709100,NY1,manager,,t
fogeh801,CHN188709101,IN3,manager,,t
fogeh801,CHN188709102,IN3,manager,,t
philh801,DTN188709101,PIT,manager,,t
philh801,DTN188709102,PIT,manager,,t
wrigh101,CHN188709120,PHI,manager,,t
morrj107,DTN188709120,BSN,manager,,t
gaffj801,PIT188709120,WS8,manager,,t
wrigh101,CHN188709130,PHI,manager,,t
morrj107,DTN188709130,BSN,manager,,t
gaffj801,PIT188709130,WS8,manager,,t
wrigh101,CHN188709140,PHI,manager,,t
morrj107,DTN188709140,BSN,manager,,t
gaffj801,PIT188709140,WS8,manager,,t
mutrj801,CHN188709150,NY1,manager,,t
gaffj801,DTN188709150,WS8,manager,,t
morrj107,PIT188709150,BSN,manager,,t
mutrj801,CHN188709160,NY1,manager,,t
gaffj801,DTN188709160,WS8,manager,,t
morrj107,PIT188709160,BSN,manager,,t
mutrj801,CHN188709170,NY1,manager,,t
gaffj801,DTN188709170,WS8,manager,,t
morrj107,PIT188709170,BSN,manager,,t
gaffj801,CHN188709190,WS8,manager,,t
wrigh101,DTN188709190,PHI,manager,,t
mutrj801,PIT188709190,NY1,manager,,t
gaffj801,CHN188709200,WS8,manager,,t
wrigh101,DTN188709200,PHI,manager,,t
mutrj801,PIT188709200,NY1,manager,,t
gaffj801,CHN188709210,WS8,manager,,t
mutrj801,PIT188709210,NY1,manager,,t
morrj107,CHN188709220,BSN,manager,,t
mutrj801,DTN188709220,NY1,manager,,t
mutrj801,DTN188709230,NY1,manager,,t
wrigh101,PIT188709230,PHI,manager,,t
morrj107,CHN188709231,BSN,manager,,t
morrj107,CHN188709232,BSN,manager,,t
mutrj801,DTN188709240,NY1,manager,,t
wrigh101,PIT188709241,PHI,manager,,t
wrigh101,PIT188709242,PHI,manager,,t
morrj107,CHN188709241,BSN,manager,,t
morrj107,CHN188709242,BSN,manager,,t
fogeh801,DTN188709260,IN3,manager,,t
gaffj801,PHI188709260,WS8,manager,,t
fogeh801,DTN188709270,IN3,manager,,t
gaffj801,PHI188709270,WS8,manager,,t
fogeh801,DTN188709280,IN3,manager,,t
philh801,CHN188709281,PIT,manager,,t
philh801,CHN188709282,PIT,manager,,t
philh801,CHN188709291,PIT,manager,,t
philh801,CHN188709292,PIT,manager,,t
watkb101,PIT188709300,DTN,manager,,t
morrj107,PHI188710010,BSN,manager,,t
watkb101,PIT188710010,DTN,manager,,t
morrj107,PHI188710030,BSN,manager,,t
watkb101,PIT188710030,DTN,manager,,t
morrj107,PHI188710040,BSN,manager,,t
watkb101,PIT188710040,DTN,manager,,t
ansoc101,PIT188710050,CHN,manager,,t
ansoc101,PIT188710061,CHN,manager,,t
ansoc101,PIT188710062,CHN,manager,,t
mutrj801,PHI188710070,NY1,manager,,t
ansoc101,PIT188710070,CHN,manager,,t
ansoc101,PIT188710080,CHN,manager,,t
wrigh101,PHI188704300,PHI,manager,,t
philh801,PIT188704300,PIT,manager,,t
wrigh101,PHI188705020,PHI,manager,,t
philh801,PIT188705020,PIT,manager,,t
wrigh101,PHI188705030,PHI,manager,,t
philh801,PIT188705030,PIT,manager,,t
wrigh101,PHI188705040,PHI,manager,,t
philh801,PIT188705040,PIT,manager,,t
watkb101,DTN188705050,DTN,manager,,t
ansoc101,CHN188705060,CHN,manager,,t
watkb101,DTN188705060,DTN,manager,,t
ansoc101,CHN188705070,CHN,manager,,t
watkb101,DTN188705070,DTN,manager,,t
kellk101,BSN188705090,BSN,manager,,t
ansoc101,CHN188705090,CHN,manager,,t
watkb101,DTN188705090,DTN,manager,,t
kellk101,BSN188705100,BSN,manager,,t
ansoc101,CHN188705100,CHN,manager,,t
watkb101,DTN188705100,DTN,manager,,t
kellk101,BSN188705110,BSN,manager,,t
ansoc101,CHN188705110,CHN,manager,,t
watkb101,DTN188705110,DTN,manager,,t
kellk101,BSN188705120,BSN,manager,,t
ansoc101,CHN188705120,CHN,manager,,t
wrigh101,PHI188705120,PHI,manager,,t
philh801,PIT188705120,PIT,manager,,t
kellk101,BSN188705130,BSN,manager,,t
ansoc101,CHN188705130,CHN,manager,,t
wrigh101,PHI188705130,PHI,manager,,t
philh801,PIT188705130,PIT,manager,,t
kellk101,BSN188705140,BSN,manager,,t
ansoc101,CHN188705140,CHN,manager,,t
philh801,PIT188705140,PIT,manager,,t
kellk101,BSN188705160,BSN,manager,,t
wrigh101,PHI188705160,PHI,manager,,t
kellk101,BSN188705170,BSN,manager,,t
wrigh101,PHI188705170,PHI,manager,,t
kellk101,BSN188705180,BSN,manager,,t
wrigh101,PHI188705180,PHI,manager,,t
kellk101,BSN188705190,BSN,manager,,t
wrigh101,PHI188705190,PHI,manager,,t
kellk101,BSN188705200,BSN,manager,,t
wrigh101,PHI188705200,PHI,manager,,t
kellk101,BSN188705210,BSN,manager,,t
wrigh101,PHI188705210,PHI,manager,,t
kellk101,BSN188705230,BSN,manager,,t
wrigh101,PHI188705230,PHI,manager,,t
kellk101,BSN188705240,BSN,manager,,t
wrigh101,PHI188705240,PHI,manager,,t
kellk101,BSN188705250,BSN,manager,,t
kellk101,BSN188705260,BSN,manager,,t
wrigh101,PHI188705260,PHI,manager,,t
kellk101,BSN188705270,BSN,manager,,t
wrigh101,PHI188705270,PHI,manager,,t
wrigh101,PHI188705280,PHI,manager,,t
kellk101,BSN188705301,BSN,manager,,t
kellk101,BSN188705302,BSN,manager,,t
philh801,PIT188705301,PIT,manager,,t
philh801,PIT188705302,PIT,manager,,t
kellk101,BSN188705310,BSN,manager,,t
philh801,PIT188705310,PIT,manager,,t
wrigh101,PHI188706020,PHI,manager,,t
watkb101,DTN188706030,DTN,manager,,t
wrigh101,PHI188706030,PHI,manager,,t
watkb101,DTN188706040,DTN,manager,,t
wrigh101,PHI188706040,PHI,manager,,t
wrigh101,PHI188706060,PHI,manager,,t
watkb101,DTN188706070,DTN,manager,,t
wrigh101,PHI188706070,PHI,manager,,t
wrigh101,PHI188706080,PHI,manager,,t
kellk101,BSN188706090,BSN,manager,,t
ansoc101,CHN188706090,CHN,manager,,t
watkb101,DTN188706090,DTN,manager,,t
kellk101,BSN188706100,BSN,manager,,t
ansoc101,CHN188706100,CHN,manager,,t
watkb101,DTN188706100,DTN,manager,,t
kellk101,BSN188706110,BSN,manager,,t
ansoc101,CHN188706110,CHN,manager,,t
watkb101,DTN188706110,DTN,manager,,t
kellk101,BSN188706130,BSN,manager,,t
ansoc101,CHN188706130,CHN,manager,,t
philh801,PIT188706130,PIT,manager,,t
kellk101,BSN188706140,BSN,manager,,t
ansoc101,CHN188706140,CHN,manager,,t
philh801,PIT188706140,PIT,manager,,t
kellk101,BSN188706150,BSN,manager,,t
ansoc101,CHN188706150,CHN,manager,,t
philh801,PIT188706150,PIT,manager,,t
kellk101,BSN188706160,BSN,manager,,t
ansoc101,CHN188706160,CHN,manager,,t
wrigh101,PHI188706160,PHI,manager,,t
ansoc101,CHN188706170,CHN,manager,,t
wrigh101,PHI188706170,PHI,manager,,t
kellk101,BSN188706171,BSN,manager,,t
kellk101,BSN188706172,BSN,manager,,t
kellk101,BSN188706180,BSN,manager,,t
ansoc101,CHN188706180,CHN,manager,,t
wrigh101,PHI188706180,PHI,manager,,t
ansoc101,CHN188706210,CHN,manager,,t
watkb101,DTN188706210,DTN,manager,,t
ansoc101,CHN188706220,CHN,manager,,t
watkb101,DTN188706220,DTN,manager,,t
philh801,PIT188706220,PIT,manager,,t
ansoc101,CHN188706230,CHN,manager,,t
watkb101,DTN188706230,DTN,manager,,t
philh801,PIT188706230,PIT,manager,,t
ansoc101,CHN188706240,CHN,manager,,t
philh801,PIT188706240,PIT,manager,,t
ansoc101,CHN188706250,CHN,manager,,t
watkb101,DTN188706250,DTN,manager,,t
philh801,PIT188706250,PIT,manager,,t
ansoc101,CHN188706270,CHN,manager,,t
philh801,PIT188706270,PIT,manager,,t
watkb101,DTN188706270,DTN,manager,,t
ansoc101,CHN188706280,CHN,manager,,t
watkb101,DTN188706280,DTN,manager,,t
philh801,PIT188706280,PIT,manager,,t
watkb101,DTN188706290,DTN,manager,,t
philh801,PIT188706290,PIT,manager,,t
ansoc101,CHN188706300,CHN,manager,,t
watkb101,DTN188706300,DTN,manager,,t
philh801,PIT188706300,PIT,manager,,t
ansoc101,CHN188707010,CHN,manager,,t
watkb101,DTN188707010,DTN,manager,,t
philh801,PIT188707010,PIT,manager,,t
ansoc101,CHN188707020,CHN,manager,,t
watkb101,DTN188707020,DTN,manager,,t
philh801,PIT188707020,PIT,manager,,t
watkb101,DTN188707041,DTN,manager,,t
watkb101,DTN188707042,DTN,manager,,t
ansoc101,CHN188707041,CHN,manager,,t
ansoc101,CHN188707042,CHN,manager,,t
wrigh101,PHI188707041,PHI,manager,,t
wrigh101,PHI188707042,PHI,manager,,t
ansoc101,CHN188707050,CHN,manager,,t
watkb101,DTN188707050,DTN,manager,,t
wrigh101,PHI188707060,PHI,manager,,t
kellk101,BSN188707070,BSN,manager,,t
wrigh101,PHI188707070,PHI,manager,,t
kellk101,BSN188707080,BSN,manager,,t
wrigh101,PHI188707080,PHI,manager,,t
kellk101,BSN188707090,BSN,manager,,t
wrigh101,PHI188707090,PHI,manager,,t
wrigh101,PHI188707110,PHI,manager,,t
kellk101,BSN188707120,BSN,manager,,t
wrigh101,PHI188707120,PHI,manager,,t
kellk101,BSN188707130,BSN,manager,,t
wrigh101,PHI188707130,PHI,manager,,t
kellk101,BSN188707140,BSN,manager,,t
kellk101,BSN188707150,BSN,manager,,t
wrigh101,PHI188707150,PHI,manager,,t
kellk101,BSN188707160,BSN,manager,,t
wrigh101,PHI188707160,PHI,manager,,t
wrigh101,PHI188707180,PHI,manager,,t
kellk101,BSN188707190,BSN,manager,,t
wrigh101,PHI188707190,PHI,manager,,t
kellk101,BSN188707200,BSN,manager,,t
wrigh101,PHI188707200,PHI,manager,,t
kellk101,BSN188707210,BSN,manager,,t
wrigh101,PHI188707220,PHI,manager,,t
watkb101,DTN188707230,DTN,manager,,t
philh801,PIT188707230,PIT,manager,,t
watkb101,DTN188707250,DTN,manager,,t
philh801,PIT188707250,PIT,manager,,t
watkb101,DTN188707260,DTN,manager,,t
philh801,PIT188707260,PIT,manager,,t
watkb101,DTN188707270,DTN,manager,,t
philh801,PIT188707270,PIT,manager,,t
ansoc101,CHN188707280,CHN,manager,,t
watkb101,DTN188707280,DTN,manager,,t
philh801,PIT188707280,PIT,manager,,t
ansoc101,CHN188707290,CHN,manager,,t
watkb101,DTN188707290,DTN,manager,,t
philh801,PIT188707290,PIT,manager,,t
ansoc101,CHN188707300,CHN,manager,,t
watkb101,DTN188707300,DTN,manager,,t
philh801,PIT188707300,PIT,manager,,t
ansoc101,CHN188708010,CHN,manager,,t
watkb101,DTN188708010,DTN,manager,,t
philh801,PIT188708010,PIT,manager,,t
ansoc101,CHN188708020,CHN,manager,,t
watkb101,DTN188708020,DTN,manager,,t
philh801,PIT188708020,PIT,manager,,t
ansoc101,CHN188708030,CHN,manager,,t
watkb101,DTN188708030,DTN,manager,,t
philh801,PIT188708030,PIT,manager,,t
ansoc101,CHN188708040,CHN,manager,,t
watkb101,DTN188708040,DTN,manager,,t
ansoc101,CHN188708050,CHN,manager,,t
watkb101,DTN188708050,DTN,manager,,t
philh801,PIT188708050,PIT,manager,,t
ansoc101,CHN188708060,CHN,manager,,t
watkb101,DTN188708060,DTN,manager,,t
philh801,PIT188708060,PIT,manager,,t
ansoc101,CHN188708080,CHN,manager,,t
watkb101,DTN188708080,DTN,manager,,t
philh801,PIT188708080,PIT,manager,,t
ansoc101,CHN188708090,CHN,manager,,t
watkb101,DTN188708090,DTN,manager,,t
philh801,PIT188708090,PIT,manager,,t
ansoc101,CHN188708100,CHN,manager,,t
watkb101,DTN188708100,DTN,manager,,t
philh801,PIT188708100,PIT,manager,,t
ansoc101,CHN188708110,CHN,manager,,t
watkb101,DTN188708110,DTN,manager,,t
philh801,PIT188708110,PIT,manager,,t
kellk101,BSN188708130,BSN,manager,,t
ansoc101,CHN188708130,CHN,manager,,t
wrigh101,PHI188708130,PHI,manager,,t
kellk101,BSN188708150,BSN,manager,,t
ansoc101,CHN188708150,CHN,manager,,t
wrigh101,PHI188708150,PHI,manager,,t
kellk101,BSN188708160,BSN,manager,,t
ansoc101,CHN188708160,CHN,manager,,t
wrigh101,PHI188708160,PHI,manager,,t
wrigh101,PHI188708170,PHI,manager,,t
wrigh101,PHI188708180,PHI,manager,,t
philh801,PIT188708180,PIT,manager,,t
kellk101,BSN188708190,BSN,manager,,t
wrigh101,PHI188708190,PHI,manager,,t
philh801,PIT188708190,PIT,manager,,t
wrigh101,PHI188708200,PHI,manager,,t
philh801,PIT188708200,PIT,manager,,t
kellk101,BSN188708201,BSN,manager,,t
kellk101,BSN188708202,BSN,manager,,t
wrigh101,PHI188708220,PHI,manager,,t
wrigh101,PHI188708230,PHI,manager,,t
wrigh101,PHI188708240,PHI,manager,,t
kellk101,BSN188708250,BSN,manager,,t
wrigh101,PHI188708250,PHI,manager,,t
wrigh101,PHI188708260,PHI,manager,,t
kellk101,BSN188708270,BSN,manager,,t
kellk101,BSN188708290,BSN,manager,,t
wrigh101,PHI188708290,PHI,manager,,t
morrj107,BSN188708300,BSN,manager,,t
wrigh101,PHI188708300,PHI,manager,,t
morrj107,BSN188708310,BSN,manager,,t
wrigh101,PHI188708310,PHI,manager,,t
morrj107,BSN188709010,BSN,manager,,t
wrigh101,PHI188709010,PHI,manager,,t
morrj107,BSN188709020,BSN,manager,,t
morrj107,BSN188709030,BSN,manager,,t
wrigh101,PHI188709030,PHI,manager,,t
morrj107,BSN188709050,BSN,manager,,t
watkb101,DTN188709050,DTN,manager,,t
philh801,PIT188709050,PIT,manager,,t
morrj107,BSN188709060,BSN,manager,,t
philh801,PIT188709060,PIT,manager,,t
morrj107,BSN188709070,BSN,manager,,t
watkb101,DTN188709071,DTN,manager,,t
watkb101,DTN188709072,DTN,manager,,t
morrj107,BSN188709080,BSN,manager,,t
ansoc101,CHN188709080,CHN,manager,,t
watkb101,DTN188709080,DTN,manager,,t
morrj107,BSN188709100,BSN,manager,,t
ansoc101,CHN188709101,CHN,manager,,t
ansoc101,CHN188709102,CHN,manager,,t
watkb101,DTN188709101,DTN,manager,,t
watkb101,DTN188709102,DTN,manager,,t
ansoc101,CHN188709120,CHN,manager,,t
watkb101,DTN188709120,DTN,manager,,t
philh801,PIT188709120,PIT,manager,,t
ansoc101,CHN188709130,CHN,manager,,t
watkb101,DTN188709130,DTN,manager,,t
philh801,PIT188709130,PIT,manager,,t
ansoc101,CHN188709140,CHN,manager,,t
watkb101,DTN188709140,DTN,manager,,t
philh801,PIT188709140,PIT,manager,,t
ansoc101,CHN188709150,CHN,manager,,t
watkb101,DTN188709150,DTN,manager,,t
philh801,PIT188709150,PIT,manager,,t
ansoc101,CHN188709160,CHN,manager,,t
watkb101,DTN188709160,DTN,manager,,t
philh801,PIT188709160,PIT,manager,,t
ansoc101,CHN188709170,CHN,manager,,t
watkb101,DTN188709170,DTN,manager,,t
philh801,PIT188709170,PIT,manager,,t
ansoc101,CHN188709190,CHN,manager,,t
watkb101,DTN188709190,DTN,manager,,t
philh801,PIT188709190,PIT,manager,,t
ansoc101,CHN188709200,CHN,manager,,t
watkb101,DTN188709200,DTN,manager,,t
philh801,PIT188709200,PIT,manager,,t
ansoc101,CHN188709210,CHN,manager,,t
philh801,PIT188709210,PIT,manager,,t
ansoc101,CHN188709220,CHN,manager,,t
watkb101,DTN188709220,DTN,manager,,t
watkb101,DTN188709230,DTN,manager,,t
philh801,PIT188709230,PIT,manager,,t
ansoc101,CHN188709231,CHN,manager,,t
ansoc101,CHN188709232,CHN,manager,,t
watkb101,DTN188709240,DTN,manager,,t
philh801,PIT188709241,PIT,manager,,t
philh801,PIT188709242,PIT,manager,,t
ansoc101,CHN188709241,CHN,manager,,t
ansoc101,CHN188709242,CHN,manager,,t
watkb101,DTN188709260,DTN,manager,,t
wrigh101,PHI188709260,PHI,manager,,t
watkb101,DTN188709270,DTN,manager,,t
wrigh101,PHI188709270,PHI,manager,,t
watkb101,DTN188709280,DTN,manager,,t
ansoc101,CHN188709281,CHN,manager,,t
ansoc101,CHN188709282,CHN,manager,,t
ansoc101,CHN188709291,CHN,manager,,t
ansoc101,CHN188709292,CHN,manager,,t
philh801,PIT188709300,PIT,manager,,t
wrigh101,PHI188710010,PHI,manager,,t
philh801,PIT188710010,PIT,manager,,t
wrigh101,PHI188710030,PHI,manager,,t
philh801,PIT188710030,PIT,manager,,t
wrigh101,PHI188710040,PHI,manager,,t
philh801,PIT188710040,PIT,manager,,t
philh801,PIT188710050,PIT,manager,,t
philh801,PIT188710061,PIT,manager,,t
philh801,PIT188710062,PIT,manager,,t
wrigh101,PHI188710070,PHI,manager,,t
philh801,PIT188710070,PIT,manager,,t
philh801,PIT188710080,PIT,manager,,t
keeft101,PHI188704300,NY1,1,,t
clarj102,PIT188704300,CHN,1,,t
stemb101,PHI188705020,BSN,1,,t
baldl101,PIT188705020,DTN,1,,t
radbc101,PHI188705030,BSN,1,,t
getzp101,PIT188705030,DTN,1,,t
stemb101,PHI188705040,BSN,1,,t
wieds101,PIT188705040,DTN,1,,t
boylh102,DTN188705050,IN3,1,,t
morre101,CHN188705060,PIT,1,,t
heale101,DTN188705060,IN3,1,,t
galvj103,CHN188705070,PIT,1,,t
kirbj101,DTN188705070,IN3,1,,t
fergc101,BSN188705090,PHI,1,,t
boylh102,CHN188705090,IN3,1,,t
bishb101,DTN188705090,PIT,1,,t
cased103,BSN188705100,PHI,1,,t
heale101,CHN188705100,IN3,1,,t
galvj103,DTN188705100,PIT,1,,t
fergc101,BSN188705110,PHI,1,,t
corcl101,CHN188705110,IN3,1,,t
bishb101,DTN188705110,PIT,1,,t
shawd101,BSN188705120,WS8,1,,t
getzp101,CHN188705120,DTN,1,,t
keeft101,PHI188705120,NY1,1,,t
boylh102,PIT188705120,IN3,1,,t
whitj102,BSN188705130,WS8,1,,t
wieds101,CHN188705130,DTN,1,,t
welcm102,PHI188705130,NY1,1,,t
heale101,PIT188705130,IN3,1,,t
odayh101,BSN188705140,WS8,1,,t
getzp101,CHN188705140,DTN,1,,t
boylh102,PIT188705140,IN3,1,,t
mccoj103,BSN188705160,PIT,1,,t
baldl101,PHI188705160,DTN,1,,t
galvj103,BSN188705170,PIT,1,,t
wieds101,PHI188705170,DTN,1,,t
mccoj103,BSN188705180,PIT,1,,t
conwp101,PHI188705180,DTN,1,,t
galvj103,BSN188705190,PIT,1,,t
getzp101,PHI188705190,DTN,1,,t
boylh102,BSN188705200,IN3,1,,t
clarj102,PHI188705200,CHN,1,,t
cahij101,BSN188705210,IN3,1,,t
baldm101,PHI188705210,CHN,1,,t
heale101,BSN188705230,IN3,1,,t
ryanj105,PHI188705230,CHN,1,,t
boylh102,BSN188705240,IN3,1,,t
baldm101,PHI188705240,CHN,1,,t
clarj102,BSN188705250,CHN,1,,t
baldm101,BSN188705260,CHN,1,,t
heale101,PHI188705260,IN3,1,,t
clarj102,BSN188705270,CHN,1,,t
boylh102,PHI188705270,IN3,1,,t
morrh101,PHI188705280,IN3,1,,t
wieds101,BSN188705301,DTN,1,,t
twitl101,BSN188705302,DTN,1,,t
fergc101,PIT188705301,PHI,1,,t
cased103,PIT188705302,PHI,1,,t
baldl101,BSN188705310,DTN,1,,t
buffc101,PIT188705310,PHI,1,,t
maddk101,PHI188706020,BSN,1,,t
clarj102,DTN188706030,CHN,1,,t
conwd101,PHI188706030,BSN,1,,t
baldm101,DTN188706040,CHN,1,,t
radbc101,PHI188706040,BSN,1,,t
keeft101,PHI188706060,NY1,1,,t
galvj103,DTN188706070,PIT,1,,t
georb101,PHI188706070,NY1,1,,t
keeft101,PHI188706080,NY1,1,,t
daile101,BSN188706090,PHI,1,,t
mccoj103,CHN188706090,PIT,1,,t
kirbj101,DTN188706090,IN3,1,,t
buffc101,BSN188706100,PHI,1,,t
galvj103,CHN188706100,PIT,1,,t
heale101,DTN188706100,IN3,1,,t
daile101,BSN188706110,PHI,1,,t
morre101,CHN188706110,PIT,1,,t
boylh102,DTN188706110,IN3,1,,t
whitj102,BSN188706130,WS8,1,,t
heale101,CHN188706130,IN3,1,,t
wieds101,PIT188706130,DTN,1,,t
gilmf101,BSN188706140,WS8,1,,t
morrh101,CHN188706140,IN3,1,,t
twitl101,PIT188706140,DTN,1,,t
whitj102,BSN188706150,WS8,1,,t
boylh102,CHN188706150,IN3,1,,t
getzp101,PIT188706150,DTN,1,,t
keeft101,BSN188706160,NY1,1,,t
wieds101,CHN188706160,DTN,1,,t
gilmf101,PHI188706160,WS8,1,,t
twitl101,CHN188706170,DTN,1,,t
shawd101,PHI188706170,WS8,1,,t
mattm101,BSN188706171,NY1,1,,t
welcm102,BSN188706172,NY1,1,,t
keeft101,BSN188706180,NY1,1,,t
wieds101,CHN188706180,DTN,1,,t
whitj102,PHI188706180,WS8,1,,t
fergc101,CHN188706210,PHI,1,,t
gilmf101,DTN188706210,WS8,1,,t
buffc101,CHN188706220,PHI,1,,t
shawd101,DTN188706220,WS8,1,,t
keeft101,PIT188706220,NY1,1,,t
cased103,CHN188706230,PHI,1,,t
odayh101,DTN188706230,WS8,1,,t
welcm102,PIT188706230,NY1,1,,t
radbc101,CHN188706240,BSN,1,,t
welcm102,PIT188706240,NY1,1,,t
conwd101,CHN188706250,BSN,1,,t
keeft101,DTN188706250,NY1,1,,t
whitj102,PIT188706250,WS8,1,,t
maddk101,CHN188706270,BSN,1,,t
shawd101,PIT188706270,WS8,1,,t
keeft101,DTN188706270,NY1,1,,t
stemb101,CHN188706280,BSN,1,,t
keeft101,DTN188706280,NY1,1,,t
odayh101,PIT188706280,WS8,1,,t
buffc101,DTN188706290,PHI,1,,t
whitj102,PIT188706290,WS8,1,,t
odayh101,CHN188706300,WS8,1,,t
cased103,DTN188706300,PHI,1,,t
radbc101,PIT188706300,BSN,1,,t
shawd101,CHN188707010,WS8,1,,t
fergc101,DTN188707010,PHI,1,,t
maddk101,PIT188707010,BSN,1,,t
whitj102,CHN188707020,WS8,1,,t
buffc101,DTN188707020,PHI,1,,t
conwd101,PIT188707020,BSN,1,,t
maddk101,DTN188707041,BSN,1,,t
radbc101,DTN188707042,BSN,1,,t
keeft101,CHN188707041,NY1,1,,t
welcm102,CHN188707042,NY1,1,,t
mccoj103,PHI188707041,PIT,1,,t
galvj103,PHI188707042,PIT,1,,t
keeft101,CHN188707050,NY1,1,,t
conwd101,DTN188707050,BSN,1,,t
morre101,PHI188707060,PIT,1,,t
mccoj103,BSN188707070,PIT,1,,t
clarj102,PHI188707070,CHN,1,,t
galvj103,BSN188707080,PIT,1,,t
baldm101,PHI188707080,CHN,1,,t
morre101,BSN188707090,PIT,1,,t
clarj102,PHI188707090,CHN,1,,t
fastu101,PHI188707110,IN3,1,,t
baldl101,BSN188707120,DTN,1,,t
morrh101,PHI188707120,IN3,1,,t
getzp101,BSN188707130,DTN,1,,t
heale101,PHI188707130,IN3,1,,t
twitl101,BSN188707140,DTN,1,,t
boylh102,BSN188707150,IN3,1,,t
wieds101,PHI188707150,DTN,1,,t
heale101,BSN188707160,IN3,1,,t
baldl101,PHI188707160,DTN,1,,t
wieds101,PHI188707180,DTN,1,,t
clarj102,BSN188707190,CHN,1,,t
galvj103,PHI188707190,PIT,1,,t
vanhg101,BSN188707200,CHN,1,,t
mccoj103,PHI188707200,PIT,1,,t
baldm101,BSN188707210,CHN,1,,t
morre101,PHI188707220,PIT,1,,t
clarj102,DTN188707230,CHN,1,,t
heale101,PIT188707230,IN3,1,,t
vanhg101,DTN188707250,CHN,1,,t
boylh102,PIT188707250,IN3,1,,t
clarj102,DTN188707260,CHN,1,,t
heale101,PIT188707260,IN3,1,,t
baldm101,DTN188707270,CHN,1,,t
heale101,PIT188707270,IN3,1,,t
conwd101,CHN188707280,BSN,1,,t
keeft101,DTN188707280,NY1,1,,t
cased103,PIT188707280,PHI,1,,t
radbc101,CHN188707290,BSN,1,,t
georb101,DTN188707290,NY1,1,,t
buffc101,PIT188707290,PHI,1,,t
radbc101,CHN188707300,BSN,1,,t
keeft101,DTN188707300,NY1,1,,t
devlj102,PIT188707300,PHI,1,,t
odayh101,CHN188708010,WS8,1,,t
cased103,DTN188708010,PHI,1,,t
welcm102,PIT188708010,NY1,1,,t
whitj102,CHN188708020,WS8,1,,t
buffc101,DTN188708020,PHI,1,,t
keeft101,PIT188708020,NY1,1,,t
shawd101,CHN188708030,WS8,1,,t
devlj102,DTN188708030,PHI,1,,t
welcm102,PIT188708030,NY1,1,,t
cased103,CHN188708040,PHI,1,,t
radbc101,DTN188708040,BSN,1,,t
keeft101,CHN188708050,NY1,1,,t
conwd101,DTN188708050,BSN,1,,t
gilmf101,PIT188708050,WS8,1,,t
welcm102,CHN188708060,NY1,1,,t
radbc101,DTN188708060,BSN,1,,t
whitj102,PIT188708060,WS8,1,,t
keeft101,CHN188708080,NY1,1,,t
radbc101,DTN188708080,BSN,1,,t
gilmf101,PIT188708080,WS8,1,,t
buffc101,CHN188708090,PHI,1,,t
odayh101,DTN188708090,WS8,1,,t
radbc101,PIT188708090,BSN,1,,t
cased103,CHN188708100,PHI,1,,t
whitj102,DTN188708100,WS8,1,,t
conwd101,PIT188708100,BSN,1,,t
buffc101,CHN188708110,PHI,1,,t
gilmf101,DTN188708110,WS8,1,,t
radbc101,PIT188708110,BSN,1,,t
welcm102,BSN188708130,NY1,1,,t
getzp101,CHN188708130,DTN,1,,t
whitj102,PHI188708130,WS8,1,,t
keeft101,BSN188708150,NY1,1,,t
grubh101,CHN188708150,DTN,1,,t
gilmf101,PHI188708150,WS8,1,,t
welcm102,BSN188708160,NY1,1,,t
getzp101,CHN188708160,DTN,1,,t
odayh101,PHI188708160,WS8,1,,t
welcm102,PHI188708170,NY1,1,,t
georb101,PHI188708180,NY1,1,,t
baldm101,PIT188708180,CHN,1,,t
odayh101,BSN188708190,WS8,1,,t
welcm102,PHI188708190,NY1,1,,t
clarj102,PIT188708190,CHN,1,,t
keeft101,PHI188708200,NY1,1,,t
vanhg101,PIT188708200,CHN,1,,t
whitj102,BSN188708201,WS8,1,,t
whitj102,BSN188708202,WS8,1,,t
boylh102,PHI188708220,IN3,1,,t
shrel101,PHI188708230,IN3,1,,t
leitd102,PHI188708240,IN3,1,,t
morre101,BSN188708250,PIT,1,,t
getzp101,PHI188708250,DTN,1,,t
conwp101,PHI188708260,DTN,1,,t
galvj103,BSN188708270,PIT,1,,t
getzp101,BSN188708290,DTN,1,,t
morre101,PHI188708290,PIT,1,,t
conwp101,BSN188708300,DTN,1,,t
mccoj103,PHI188708300,PIT,1,,t
grubh101,BSN188708310,DTN,1,,t
morre101,PHI188708310,PIT,1,,t
shrel101,BSN188709010,IN3,1,,t
clarj102,PHI188709010,CHN,1,,t
heale101,BSN188709020,IN3,1,,t
shrel101,BSN188709030,IN3,1,,t
baldm101,PHI188709030,CHN,1,,t
buffc101,BSN188709050,PHI,1,,t
clarj102,DTN188709050,CHN,1,,t
boylh102,PIT188709050,IN3,1,,t
cased103,BSN188709060,PHI,1,,t
heale101,PIT188709060,IN3,1,,t
fergc101,BSN188709070,PHI,1,,t
clarj102,DTN188709071,CHN,1,,t
clarj102,DTN188709072,CHN,1,,t
keeft101,BSN188709080,NY1,1,,t
boylh102,CHN188709080,IN3,1,,t
morre101,DTN188709080,PIT,1,,t
welcm102,BSN188709100,NY1,1,,t
shrel101,CHN188709101,IN3,1,,t
leitd102,CHN188709102,IN3,1,,t
galvj103,DTN188709101,PIT,1,,t
morre101,DTN188709102,PIT,1,,t
cased103,CHN188709120,PHI,1,,t
stemb101,DTN188709120,BSN,1,,t
gilmf101,PIT188709120,WS8,1,,t
buffc101,CHN188709130,PHI,1,,t
maddk101,DTN188709130,BSN,1,,t
odayh101,PIT188709130,WS8,1,,t
maula101,CHN188709140,PHI,1,,t
conwd101,DTN188709140,BSN,1,,t
gilmf101,PIT188709140,WS8,1,,t
welcm102,CHN188709150,NY1,1,,t
odayh101,DTN188709150,WS8,1,,t
maddk101,PIT188709150,BSN,1,,t
titcc101,CHN188709160,NY1,1,,t
gilmf101,DTN188709160,WS8,1,,t
conwd101,PIT188709160,BSN,1,,t
welcm102,CHN188709170,NY1,1,,t
whitj102,DTN188709170,WS8,1,,t
radbc101,PIT188709170,BSN,1,,t
gilmf101,CHN188709190,WS8,1,,t
fergc101,DTN188709190,PHI,1,,t
keeft101,PIT188709190,NY1,1,,t
odayh101,CHN188709200,WS8,1,,t
cased103,DTN188709200,PHI,1,,t
welcm102,PIT188709200,NY1,1,,t
gilmf101,CHN188709210,WS8,1,,t
keeft101,PIT188709210,NY1,1,,t
radbc101,CHN188709220,BSN,1,,t
titcc101,DTN188709220,NY1,1,,t
keeft101,DTN188709230,NY1,1,,t
fergc101,PIT188709230,PHI,1,,t
maddk101,CHN188709231,BSN,1,,t
conwd101,CHN188709232,BSN,1,,t
titcc101,DTN188709240,NY1,1,,t
fergc101,PIT188709241,PHI,1,,t
cased103,PIT188709242,PHI,1,,t
radbc101,CHN188709241,BSN,1,,t
conwd101,CHN188709242,BSN,1,,t
shrel101,DTN188709260,IN3,1,,t
gilmf101,PHI188709260,WS8,1,,t
moffs101,DTN188709270,IN3,1,,t
whitj102,PHI188709270,WS8,1,,t
shrel101,DTN188709280,IN3,1,,t
galvj103,CHN188709281,PIT,1,,t
morre101,CHN188709282,PIT,1,,t
mccoj103,CHN188709291,PIT,1,,t
morre101,CHN188709292,PIT,1,,t
getzp101,PIT188709300,DTN,1,,t
conwd101,PHI188710010,BSN,1,,t
conwp101,PIT188710010,DTN,1,,t
maddk101,PHI188710030,BSN,1,,t
baldl101,PIT188710030,DTN,1,,t
radbc101,PHI188710040,BSN,1,,t
getzp101,PIT188710040,DTN,1,,t
vanhg101,PIT188710050,CHN,1,,t
clarj102,PIT188710061,CHN,1,,t
baldm101,PIT188710062,CHN,1,,t
titcc101,PHI188710070,NY1,1,,t
ryanj105,PIT188710070,CHN,1,,t
baldm101,PIT188710080,CHN,1,,t
fergc101,PHI188704300,PHI,1,,t
galvj103,PIT188704300,PIT,1,,t
buffc101,PHI188705020,PHI,1,,t
galvj103,PIT188705020,PIT,1,,t
daile101,PHI188705030,PHI,1,,t
morre101,PIT188705030,PIT,1,,t
cased103,PHI188705040,PHI,1,,t
galvj103,PIT188705040,PIT,1,,t
getzp101,DTN188705050,DTN,1,,t
pyles101,CHN188705060,CHN,1,,t
wieds101,DTN188705060,DTN,1,,t
clarj102,CHN188705070,CHN,1,,t
twitl101,DTN188705070,DTN,1,,t
radbc101,BSN188705090,BSN,1,,t
clarj102,CHN188705090,CHN,1,,t
getzp101,DTN188705090,DTN,1,,t
maddk101,BSN188705100,BSN,1,,t
pyles101,CHN188705100,CHN,1,,t
wieds101,DTN188705100,DTN,1,,t
stemb101,BSN188705110,BSN,1,,t
baldm101,CHN188705110,CHN,1,,t
twitl101,DTN188705110,DTN,1,,t
radbc101,BSN188705120,BSN,1,,t
clarj102,CHN188705120,CHN,1,,t
cased103,PHI188705120,PHI,1,,t
galvj103,PIT188705120,PIT,1,,t
maddk101,BSN188705130,BSN,1,,t
pyles101,CHN188705130,CHN,1,,t
fergc101,PHI188705130,PHI,1,,t
mccoj103,PIT188705130,PIT,1,,t
conwd101,BSN188705140,BSN,1,,t
clarj102,CHN188705140,CHN,1,,t
galvj103,PIT188705140,PIT,1,,t
radbc101,BSN188705160,BSN,1,,t
fergc101,PHI188705160,PHI,1,,t
maddk101,BSN188705170,BSN,1,,t
cased103,PHI188705170,PHI,1,,t
stemb101,BSN188705180,BSN,1,,t
buffc101,PHI188705180,PHI,1,,t
radbc101,BSN188705190,BSN,1,,t
fergc101,PHI188705190,PHI,1,,t
stemb101,BSN188705200,BSN,1,,t
cased103,PHI188705200,PHI,1,,t
maddk101,BSN188705210,BSN,1,,t
fergc101,PHI188705210,PHI,1,,t
radbc101,BSN188705230,BSN,1,,t
buffc101,PHI188705230,PHI,1,,t
conwd101,BSN188705240,BSN,1,,t
cased103,PHI188705240,PHI,1,,t
radbc101,BSN188705250,BSN,1,,t
maddk101,BSN188705260,BSN,1,,t
fergc101,PHI188705260,PHI,1,,t
radbc101,BSN188705270,BSN,1,,t
cased103,PHI188705270,PHI,1,,t
buffc101,PHI188705280,PHI,1,,t
radbc101,BSN188705301,BSN,1,,t
maddk101,BSN188705302,BSN,1,,t
galvj103,PIT188705301,PIT,1,,t
morre101,PIT188705302,PIT,1,,t
radbc101,BSN188705310,BSN,1,,t
mccoj103,PIT188705310,PIT,1,,t
fergc101,PHI188706020,PHI,1,,t
baldl101,DTN188706030,DTN,1,,t
cased103,PHI188706030,PHI,1,,t
wieds101,DTN188706040,DTN,1,,t
fergc101,PHI188706040,PHI,1,,t
cased103,PHI188706060,PHI,1,,t
wieds101,DTN188706070,DTN,1,,t
daile101,PHI188706070,PHI,1,,t
buffc101,PHI188706080,PHI,1,,t
maddk101,BSN188706090,BSN,1,,t
clarj102,CHN188706090,CHN,1,,t
baldl101,DTN188706090,DTN,1,,t
conwd101,BSN188706100,BSN,1,,t
baldm101,CHN188706100,CHN,1,,t
wieds101,DTN188706100,DTN,1,,t
radbc101,BSN188706110,BSN,1,,t
clarj102,CHN188706110,CHN,1,,t
twitl101,DTN188706110,DTN,1,,t
maddk101,BSN188706130,BSN,1,,t
baldm101,CHN188706130,CHN,1,,t
mccoj103,PIT188706130,PIT,1,,t
conwd101,BSN188706140,BSN,1,,t
clarj102,CHN188706140,CHN,1,,t
galvj103,PIT188706140,PIT,1,,t
radbc101,BSN188706150,BSN,1,,t
baldm101,CHN188706150,CHN,1,,t
morre101,PIT188706150,PIT,1,,t
maddk101,BSN188706160,BSN,1,,t
clarj102,CHN188706160,CHN,1,,t
fergc101,PHI188706160,PHI,1,,t
baldm101,CHN188706170,CHN,1,,t
maula101,PHI188706170,PHI,1,,t
conwd101,BSN188706171,BSN,1,,t
radbc101,BSN188706172,BSN,1,,t
maddk101,BSN188706180,BSN,1,,t
clarj102,CHN188706180,CHN,1,,t
fergc101,PHI188706180,PHI,1,,t
baldm101,CHN188706210,CHN,1,,t
wieds101,DTN188706210,DTN,1,,t
clarj102,CHN188706220,CHN,1,,t
twitl101,DTN188706220,DTN,1,,t
mccoj103,PIT188706220,PIT,1,,t
baldm101,CHN188706230,CHN,1,,t
getzp101,DTN188706230,DTN,1,,t
galvj103,PIT188706230,PIT,1,,t
clarj102,CHN188706240,CHN,1,,t
mccoj103,PIT188706240,PIT,1,,t
baldm101,CHN188706250,CHN,1,,t
wieds101,DTN188706250,DTN,1,,t
galvj103,PIT188706250,PIT,1,,t
vanhg101,CHN188706270,CHN,1,,t
mccoj103,PIT188706270,PIT,1,,t
baldl101,DTN188706270,DTN,1,,t
clarj102,CHN188706280,CHN,1,,t
getzp101,DTN188706280,DTN,1,,t
galvj103,PIT188706280,PIT,1,,t
twitl101,DTN188706290,DTN,1,,t
morre101,PIT188706290,PIT,1,,t
baldm101,CHN188706300,CHN,1,,t
baldl101,DTN188706300,DTN,1,,t
mccoj103,PIT188706300,PIT,1,,t
clarj102,CHN188707010,CHN,1,,t
getzp101,DTN188707010,DTN,1,,t
galvj103,PIT188707010,PIT,1,,t
vanhg101,CHN188707020,CHN,1,,t
wieds101,DTN188707020,DTN,1,,t
morre101,PIT188707020,PIT,1,,t
baldl101,DTN188707041,DTN,1,,t
wieds101,DTN188707042,DTN,1,,t
clarj102,CHN188707041,CHN,1,,t
baldm101,CHN188707042,CHN,1,,t
cased103,PHI188707041,PHI,1,,t
fergc101,PHI188707042,PHI,1,,t
vanhg101,CHN188707050,CHN,1,,t
getzp101,DTN188707050,DTN,1,,t
fergc101,PHI188707060,PHI,1,,t
radbc101,BSN188707070,BSN,1,,t
cased103,PHI188707070,PHI,1,,t
conwd101,BSN188707080,BSN,1,,t
buffc101,PHI188707080,PHI,1,,t
maddk101,BSN188707090,BSN,1,,t
fergc101,PHI188707090,PHI,1,,t
cased103,PHI188707110,PHI,1,,t
radbc101,BSN188707120,BSN,1,,t
buffc101,PHI188707120,PHI,1,,t
maddk101,BSN188707130,BSN,1,,t
fergc101,PHI188707130,PHI,1,,t
radbc101,BSN188707140,BSN,1,,t
conwd101,BSN188707150,BSN,1,,t
cased103,PHI188707150,PHI,1,,t
maddk101,BSN188707160,BSN,1,,t
buffc101,PHI188707160,PHI,1,,t
cased103,PHI188707180,PHI,1,,t
radbc101,BSN188707190,BSN,1,,t
fergc101,PHI188707190,PHI,1,,t
maddk101,BSN188707200,BSN,1,,t
buffc101,PHI188707200,PHI,1,,t
conwd101,BSN188707210,BSN,1,,t
cased103,PHI188707220,PHI,1,,t
getzp101,DTN188707230,DTN,1,,t
galvj103,PIT188707230,PIT,1,,t
getzp101,DTN188707250,DTN,1,,t
mccoj103,PIT188707250,PIT,1,,t
conwp101,DTN188707260,DTN,1,,t
morre101,PIT188707260,PIT,1,,t
getzp101,DTN188707270,DTN,1,,t
galvj103,PIT188707270,PIT,1,,t
clarj102,CHN188707280,CHN,1,,t
grubh101,DTN188707280,DTN,1,,t
morre101,PIT188707280,PIT,1,,t
baldm101,CHN188707290,CHN,1,,t
getzp101,DTN188707290,DTN,1,,t
mccoj103,PIT188707290,PIT,1,,t
clarj102,CHN188707300,CHN,1,,t
twitl101,DTN188707300,DTN,1,,t
galvj103,PIT188707300,PIT,1,,t
clarj102,CHN188708010,CHN,1,,t
getzp101,DTN188708010,DTN,1,,t
morre101,PIT188708010,PIT,1,,t
baldm101,CHN188708020,CHN,1,,t
beate101,DTN188708020,DTN,1,,t
mccoj103,PIT188708020,PIT,1,,t
clarj102,CHN188708030,CHN,1,,t
getzp101,DTN188708030,DTN,1,,t
galvj103,PIT188708030,PIT,1,,t
baldm101,CHN188708040,CHN,1,,t
twitl101,DTN188708040,DTN,1,,t
clarj102,CHN188708050,CHN,1,,t
grubh101,DTN188708050,DTN,1,,t
morre101,PIT188708050,PIT,1,,t
vanhg101,CHN188708060,CHN,1,,t
getzp101,DTN188708060,DTN,1,,t
mccoj103,PIT188708060,PIT,1,,t
clarj102,CHN188708080,CHN,1,,t
beate101,DTN188708080,DTN,1,,t
galvj103,PIT188708080,PIT,1,,t
baldm101,CHN188708090,CHN,1,,t
burkw101,DTN188708090,DTN,1,,t
morre101,PIT188708090,PIT,1,,t
clarj102,CHN188708100,CHN,1,,t
conwp101,DTN188708100,DTN,1,,t
mccoj103,PIT188708100,PIT,1,,t
baldm101,CHN188708110,CHN,1,,t
grubh101,DTN188708110,DTN,1,,t
galvj103,PIT188708110,PIT,1,,t
radbc101,BSN188708130,BSN,1,,t
clarj102,CHN188708130,CHN,1,,t
buffc101,PHI188708130,PHI,1,,t
stemb101,BSN188708150,BSN,1,,t
clarj102,CHN188708150,CHN,1,,t
buffc101,PHI188708150,PHI,1,,t
radbc101,BSN188708160,BSN,1,,t
clarj102,CHN188708160,CHN,1,,t
fergc101,PHI188708160,PHI,1,,t
buffc101,PHI188708170,PHI,1,,t
maula101,PHI188708180,PHI,1,,t
mccoj103,PIT188708180,PIT,1,,t
maddk101,BSN188708190,BSN,1,,t
buffc101,PHI188708190,PHI,1,,t
galvj103,PIT188708190,PIT,1,,t
cased103,PHI188708200,PHI,1,,t
morre101,PIT188708200,PIT,1,,t
stemb101,BSN188708201,BSN,1,,t
stemb101,BSN188708202,BSN,1,,t
buffc101,PHI188708220,PHI,1,,t
buffc101,PHI188708230,PHI,1,,t
maula101,PHI188708240,PHI,1,,t
radbc101,BSN188708250,BSN,1,,t
cased103,PHI188708250,PHI,1,,t
cased103,PHI188708260,PHI,1,,t
maddk101,BSN188708270,BSN,1,,t
stemb101,BSN188708290,BSN,1,,t
buffc101,PHI188708290,PHI,1,,t
maddk101,BSN188708300,BSN,1,,t
cased103,PHI188708300,PHI,1,,t
radbc101,BSN188708310,BSN,1,,t
fergc101,PHI188708310,PHI,1,,t
conwd101,BSN188709010,BSN,1,,t
buffc101,PHI188709010,PHI,1,,t
maddk101,BSN188709020,BSN,1,,t
stemb101,BSN188709030,BSN,1,,t
cased103,PHI188709030,PHI,1,,t
maddk101,BSN188709050,BSN,1,,t
getzp101,DTN188709050,DTN,1,,t
galvj103,PIT188709050,PIT,1,,t
radbc101,BSN188709060,BSN,1,,t
morre101,PIT188709060,PIT,1,,t
conwd101,BSN188709070,BSN,1,,t
conwp101,DTN188709071,DTN,1,,t
baldl101,DTN188709072,DTN,1,,t
maddk101,BSN188709080,BSN,1,,t
vanhg101,CHN188709080,CHN,1,,t
getzp101,DTN188709080,DTN,1,,t
maddk101,BSN188709100,BSN,1,,t
clarj102,CHN188709101,CHN,1,,t
baldm101,CHN188709102,CHN,1,,t
conwp101,DTN188709101,DTN,1,,t
baldl101,DTN188709102,DTN,1,,t
clarj102,CHN188709120,CHN,1,,t
getzp101,DTN188709120,DTN,1,,t
galvj103,PIT188709120,PIT,1,,t
baldm101,CHN188709130,CHN,1,,t
conwp101,DTN188709130,DTN,1,,t
morre101,PIT188709130,PIT,1,,t
clarj102,CHN188709140,CHN,1,,t
baldl101,DTN188709140,DTN,1,,t
galvj103,PIT188709140,PIT,1,,t
vanhg101,CHN188709150,CHN,1,,t
getzp101,DTN188709150,DTN,1,,t
mccoj103,PIT188709150,PIT,1,,t
clarj102,CHN188709160,CHN,1,,t
conwp101,DTN188709160,DTN,1,,t
morre101,PIT188709160,PIT,1,,t
sprac101,CHN188709170,CHN,1,,t
baldl101,DTN188709170,DTN,1,,t
galvj103,PIT188709170,PIT,1,,t
clarj102,CHN188709190,CHN,1,,t
getzp101,DTN188709190,DTN,1,,t
morre101,PIT188709190,PIT,1,,t
vanhg101,CHN188709200,CHN,1,,t
conwp101,DTN188709200,DTN,1,,t
galvj103,PIT188709200,PIT,1,,t
sprac101,CHN188709210,CHN,1,,t
morre101,PIT188709210,PIT,1,,t
clarj102,CHN188709220,CHN,1,,t
baldl101,DTN188709220,DTN,1,,t
conwp101,DTN188709230,DTN,1,,t
galvj103,PIT188709230,PIT,1,,t
vanhg101,CHN188709231,CHN,1,,t
baldm101,CHN188709232,CHN,1,,t
baldl101,DTN188709240,DTN,1,,t
morre101,PIT188709241,PIT,1,,t
mccoj103,PIT188709242,PIT,1,,t
clarj102,CHN188709241,CHN,1,,t
sprac101,CHN188709242,CHN,1,,t
getzp101,DTN188709260,DTN,1,,t
buffc101,PHI188709260,PHI,1,,t
conwp101,DTN188709270,DTN,1,,t
cased103,PHI188709270,PHI,1,,t
baldl101,DTN188709280,DTN,1,,t
clarj102,CHN188709281,CHN,1,,t
vanhg101,CHN188709282,CHN,1,,t
baldm101,CHN188709291,CHN,1,,t
clarj102,CHN188709292,CHN,1,,t
mccoj103,PIT188709300,PIT,1,,t
fergc101,PHI188710010,PHI,1,,t
galvj103,PIT188710010,PIT,1,,t
cased103,PHI188710030,PHI,1,,t
morre101,PIT188710030,PIT,1,,t
buffc101,PHI188710040,PHI,1,,t
mccoj103,PIT188710040,PIT,1,,t
galvj103,PIT188710050,PIT,1,,t
morre101,PIT188710061,PIT,1,,t
galvj103,PIT188710062,PIT,1,,t
cased103,PHI188710070,PHI,1,,t
mccoj103,PIT188710070,PIT,1,,t
morre101,PIT188710080,PIT,1,,t
