id,game_id,team_id,field_pos,batt_ord,start
gaffj801,KCN188604300,UMP,ump_hp,,t
pratt101,KCN188605010,UMP,ump_hp,,t
pratt101,KCN188605030,UMP,ump_hp,,t
currw101,PHI188605030,UMP,ump_hp,,t
currw101,PHI188605040,UMP,ump_hp,,t
ellij104,KCN188605050,UMP,ump_hp,,t
currw101,PHI188605050,UMP,ump_hp,,t
connj902,CHN188605060,UMP,ump_hp,,t
currw101,PHI188605060,UMP,ump_hp,,t
connj902,CHN188605070,UMP,ump_hp,,t
connj902,CHN188605080,UMP,ump_hp,,t
currw101,CHN188605100,UMP,ump_hp,,t
gaffj801,DTN188605100,UMP,ump_hp,,t
currw101,CHN188605110,UMP,ump_hp,,t
gaffj801,DTN188605110,UMP,ump_hp,,t
gaffj801,DTN188605120,UMP,ump_hp,,t
currw101,CHN188605130,UMP,ump_hp,,t
gaffj801,DTN188605130,UMP,ump_hp,,t
gaffj801,DTN188605140,UMP,ump_hp,,t
gaffj801,DTN188605150,UMP,ump_hp,,t
currw101,CHN188605170,UMP,ump_hp,,t
currw101,CHN188605180,UMP,ump_hp,,t
gaffj801,DTN188605180,UMP,ump_hp,,t
connj902,KCN188605180,UMP,ump_hp,,t
currw101,CHN188605190,UMP,ump_hp,,t
gaffj801,DTN188605190,UMP,ump_hp,,t
connj902,KCN188605190,UMP,ump_hp,,t
currw101,CHN188605200,UMP,ump_hp,,t
gaffj801,DTN188605200,UMP,ump_hp,,t
connj902,KCN188605200,UMP,ump_hp,,t
mcgud101,CHN188605210,UMP,ump_hp,,t
gaffj801,DTN188605210,UMP,ump_hp,,t
connj902,KCN188605210,UMP,ump_hp,,t
mcgud101,CHN188605220,UMP,ump_hp,,t
gaffj801,DTN188605220,UMP,ump_hp,,t
eagaj901,KCN188605220,UMP,ump_hp,,t
connj902,CHN188605240,UMP,ump_hp,,t
gaffj801,DTN188605240,UMP,ump_hp,,t
eagaj901,KCN188605240,UMP,ump_hp,,t
currw101,PHI188605270,UMP,ump_hp,,t
gaffj801,BSN188605280,UMP,ump_hp,,t
currw101,PHI188605280,UMP,ump_hp,,t
gaffj801,BSN188605290,UMP,ump_hp,,t
currw101,PHI188605291,UMP,ump_hp,,t
currw101,PHI188605292,UMP,ump_hp,,t
currw101,PHI188605310,UMP,ump_hp,,t
gaffj801,BSN188605311,UMP,ump_hp,,t
gaffj801,BSN188605312,UMP,ump_hp,,t
gaffj801,BSN188606010,UMP,ump_hp,,t
currw101,PHI188606010,UMP,ump_hp,,t
gaffj801,BSN188606020,UMP,ump_hp,,t
currw101,PHI188606020,UMP,ump_hp,,t
gaffj801,BSN188606030,UMP,ump_hp,,t
currw101,PHI188606030,UMP,ump_hp,,t
gaffj801,BSN188606040,UMP,ump_hp,,t
currw101,PHI188606040,UMP,ump_hp,,t
gaffj801,BSN188606050,UMP,ump_hp,,t
currw101,PHI188606050,UMP,ump_hp,,t
gaffj801,BSN188606070,UMP,ump_hp,,t
currw101,PHI188606070,UMP,ump_hp,,t
gaffj801,BSN188606080,UMP,ump_hp,,t
currw101,PHI188606080,UMP,ump_hp,,t
connj902,BSN188606100,UMP,ump_hp,,t
yorkt101,PHI188606100,UMP,ump_hp,,t
connj902,BSN188606110,UMP,ump_hp,,t
hackm101,CHN188606110,UMP,ump_hp,,t
gaffj801,DTN188606110,UMP,ump_hp,,t
yorkt101,PHI188606110,UMP,ump_hp,,t
connj902,BSN188606120,UMP,ump_hp,,t
currw101,CHN188606120,UMP,ump_hp,,t
gaffj801,DTN188606120,UMP,ump_hp,,t
yorkt101,PHI188606120,UMP,ump_hp,,t
connj902,BSN188606140,UMP,ump_hp,,t
currw101,CHN188606140,UMP,ump_hp,,t
gaffj801,DTN188606140,UMP,ump_hp,,t
eagaj901,BSN188606150,UMP,ump_hp,,t
gaffj801,DTN188606150,UMP,ump_hp,,t
connj902,BSN188606160,UMP,ump_hp,,t
gaffj801,DTN188606160,UMP,ump_hp,,t
yorkt101,BSN188606170,UMP,ump_hp,,t
currw101,CHN188606170,UMP,ump_hp,,t
gaffj801,DTN188606170,UMP,ump_hp,,t
yorkt101,BSN188606180,UMP,ump_hp,,t
yorkt101,BSN188606190,UMP,ump_hp,,t
gaffj801,DTN188606190,UMP,ump_hp,,t
currw101,KCN188606190,UMP,ump_hp,,t
gaffj801,DTN188606210,UMP,ump_hp,,t
currw101,KCN188606210,UMP,ump_hp,,t
gaffj801,DTN188606220,UMP,ump_hp,,t
currw101,KCN188606220,UMP,ump_hp,,t
connj902,CHN188606230,UMP,ump_hp,,t
gaffj801,DTN188606230,UMP,ump_hp,,t
currw101,KCN188606230,UMP,ump_hp,,t
connj902,CHN188606240,UMP,ump_hp,,t
currw101,KCN188606240,UMP,ump_hp,,t
connj902,CHN188606250,UMP,ump_hp,,t
connj902,CHN188606260,UMP,ump_hp,,t
gaffj801,DTN188606260,UMP,ump_hp,,t
connj902,CHN188606280,UMP,ump_hp,,t
gaffj801,DTN188606280,UMP,ump_hp,,t
yorkt101,KCN188606280,UMP,ump_hp,,t
mcgud101,CHN188606290,UMP,ump_hp,,t
gaffj801,DTN188606290,UMP,ump_hp,,t
yorkt101,KCN188606290,UMP,ump_hp,,t
yorkt101,KCN188606300,UMP,ump_hp,,t
yorkt101,CHN188607010,UMP,ump_hp,,t
currw101,DTN188607010,UMP,ump_hp,,t
fergc101,KCN188607010,UMP,ump_hp,,t
yorkt101,CHN188607020,UMP,ump_hp,,t
currw101,DTN188607020,UMP,ump_hp,,t
connj902,KCN188607020,UMP,ump_hp,,t
yorkt101,CHN188607030,UMP,ump_hp,,t
currw101,DTN188607030,UMP,ump_hp,,t
connj902,KCN188607030,UMP,ump_hp,,t
currw101,CHN188607051,UMP,ump_hp,,t
currw101,CHN188607052,UMP,ump_hp,,t
yorkt101,DTN188607051,UMP,ump_hp,,t
yorkt101,DTN188607052,UMP,ump_hp,,t
connj902,KCN188607051,UMP,ump_hp,,t
connj902,KCN188607052,UMP,ump_hp,,t
currw101,CHN188607060,UMP,ump_hp,,t
yorkt101,DTN188607060,UMP,ump_hp,,t
whitj102,KCN188607060,UMP,ump_hp,,t
currw101,CHN188607070,UMP,ump_hp,,t
cusit101,DTN188607070,UMP,ump_hp,,t
connj902,CHN188607080,UMP,ump_hp,,t
maplb901,KCN188607080,UMP,ump_hp,,t
connj902,CHN188607090,UMP,ump_hp,,t
ellij104,KCN188607090,UMP,ump_hp,,t
welcm102,PHI188607090,UMP,ump_hp,,t
connj902,CHN188607100,UMP,ump_hp,,t
mckia101,KCN188607100,UMP,ump_hp,,t
currw101,PHI188607100,UMP,ump_hp,,t
schmb104,KCN188607120,UMP,ump_hp,,t
currw101,PHI188607120,UMP,ump_hp,,t
ellij104,KCN188607130,UMP,ump_hp,,t
yorkt101,PHI188607130,UMP,ump_hp,,t
crans101,KCN188607140,UMP,ump_hp,,t
connj902,KCN188607150,UMP,ump_hp,,t
yorkt101,PHI188607150,UMP,ump_hp,,t
connj902,KCN188607160,UMP,ump_hp,,t
connj902,KCN188607170,UMP,ump_hp,,t
connj902,CHN188607190,UMP,ump_hp,,t
burnw801,DTN188607190,UMP,ump_hp,,t
connj902,CHN188607200,UMP,ump_hp,,t
chiph901,DTN188607200,UMP,ump_hp,,t
gaffj801,BSN188607210,UMP,ump_hp,,t
connj902,CHN188607210,UMP,ump_hp,,t
goldf101,DTN188607210,UMP,ump_hp,,t
gaffj801,BSN188607220,UMP,ump_hp,,t
connj902,CHN188607220,UMP,ump_hp,,t
gravf101,DTN188607220,UMP,ump_hp,,t
gaffj801,BSN188607230,UMP,ump_hp,,t
connj902,CHN188607230,UMP,ump_hp,,t
goldf101,DTN188607230,UMP,ump_hp,,t
gaffj801,BSN188607240,UMP,ump_hp,,t
connj902,CHN188607240,UMP,ump_hp,,t
goldf101,DTN188607240,UMP,ump_hp,,t
gaffj801,BSN188607260,UMP,ump_hp,,t
eagaj901,BSN188607280,UMP,ump_hp,,t
fulmc102,PHI188607280,UMP,ump_hp,,t
eagaj901,BSN188607290,UMP,ump_hp,,t
fulmc102,PHI188607290,UMP,ump_hp,,t
eagaj901,BSN188607300,UMP,ump_hp,,t
fulmc102,PHI188607300,UMP,ump_hp,,t
eagaj901,BSN188607310,UMP,ump_hp,,t
ellij104,PHI188607310,UMP,ump_hp,,t
eagaj901,BSN188608020,UMP,ump_hp,,t
fulmc102,PHI188608020,UMP,ump_hp,,t
eagaj901,BSN188608030,UMP,ump_hp,,t
fulmc102,PHI188608030,UMP,ump_hp,,t
fulmc102,BSN188608040,UMP,ump_hp,,t
gaffj801,PHI188608040,UMP,ump_hp,,t
fulmc102,BSN188608050,UMP,ump_hp,,t
gaffj801,PHI188608050,UMP,ump_hp,,t
fulmc102,BSN188608060,UMP,ump_hp,,t
gaffj801,PHI188608060,UMP,ump_hp,,t
ellij104,BSN188608070,UMP,ump_hp,,t
ellij104,BSN188608090,UMP,ump_hp,,t
skina101,PHI188608090,UMP,ump_hp,,t
ellij104,BSN188608100,UMP,ump_hp,,t
skina101,PHI188608100,UMP,ump_hp,,t
fulmc102,BSN188608120,UMP,ump_hp,,t
ellij104,CHN188608120,UMP,ump_hp,,t
powep101,DTN188608120,UMP,ump_hp,,t
gaffj801,PHI188608120,UMP,ump_hp,,t
fulmc102,BSN188608130,UMP,ump_hp,,t
ellij104,CHN188608130,UMP,ump_hp,,t
powep101,DTN188608130,UMP,ump_hp,,t
gaffj801,PHI188608130,UMP,ump_hp,,t
fulmc102,BSN188608140,UMP,ump_hp,,t
myerg101,CHN188608140,UMP,ump_hp,,t
powep101,DTN188608140,UMP,ump_hp,,t
gaffj801,PHI188608140,UMP,ump_hp,,t
pierg101,CHN188608160,UMP,ump_hp,,t
powep101,DTN188608160,UMP,ump_hp,,t
gaffj801,PHI188608160,UMP,ump_hp,,t
pierg101,CHN188608170,UMP,ump_hp,,t
powep101,DTN188608170,UMP,ump_hp,,t
gaffj801,PHI188608170,UMP,ump_hp,,t
pierg101,CHN188608180,UMP,ump_hp,,t
powep101,DTN188608180,UMP,ump_hp,,t
gaffj801,PHI188608180,UMP,ump_hp,,t
pierg101,CHN188608190,UMP,ump_hp,,t
fulmc102,PHI188608190,UMP,ump_hp,,t
powep101,DTN188608200,UMP,ump_hp,,t
fulmc102,PHI188608200,UMP,ump_hp,,t
powep101,DTN188608210,UMP,ump_hp,,t
fulmc102,PHI188608210,UMP,ump_hp,,t
powep101,DTN188608230,UMP,ump_hp,,t
powep101,CHN188608240,UMP,ump_hp,,t
bergf901,DTN188608240,UMP,ump_hp,,t
fulmc102,KCN188608240,UMP,ump_hp,,t
powep101,CHN188608250,UMP,ump_hp,,t
quesj101,DTN188608250,UMP,ump_hp,,t
fulmc102,KCN188608250,UMP,ump_hp,,t
powep101,CHN188608260,UMP,ump_hp,,t
quesj101,DTN188608260,UMP,ump_hp,,t
fulmc102,KCN188608260,UMP,ump_hp,,t
powep101,CHN188608270,UMP,ump_hp,,t
quesj101,DTN188608270,UMP,ump_hp,,t
pierg101,KCN188608270,UMP,ump_hp,,t
powep101,CHN188608280,UMP,ump_hp,,t
quesj101,DTN188608280,UMP,ump_hp,,t
pierg101,KCN188608280,UMP,ump_hp,,t
powep101,CHN188608300,UMP,ump_hp,,t
quesj101,DTN188608300,UMP,ump_hp,,t
fulmc102,KCN188608300,UMP,ump_hp,,t
fulmc102,KCN188608310,UMP,ump_hp,,t
quesj101,CHN188609010,UMP,ump_hp,,t
powep101,DTN188609010,UMP,ump_hp,,t
fulmc102,KCN188609010,UMP,ump_hp,,t
quesj101,CHN188609020,UMP,ump_hp,,t
powep101,DTN188609020,UMP,ump_hp,,t
fulmc102,KCN188609020,UMP,ump_hp,,t
fulmc102,KCN188609030,UMP,ump_hp,,t
quesj101,CHN188609040,UMP,ump_hp,,t
powep101,DTN188609040,UMP,ump_hp,,t
fulmc102,KCN188609040,UMP,ump_hp,,t
powep101,CHN188609060,UMP,ump_hp,,t
quesj101,DTN188609060,UMP,ump_hp,,t
fulmc102,KCN188609060,UMP,ump_hp,,t
powep101,CHN188609070,UMP,ump_hp,,t
quesj101,DTN188609070,UMP,ump_hp,,t
fulmc102,KCN188609070,UMP,ump_hp,,t
quesj101,DTN188609080,UMP,ump_hp,,t
fulmc102,KCN188609080,UMP,ump_hp,,t
powep101,CHN188609081,UMP,ump_hp,,t
powep101,CHN188609082,UMP,ump_hp,,t
quesj101,CHN188609090,UMP,ump_hp,,t
crawa901,KCN188609090,UMP,ump_hp,,t
quesj101,CHN188609100,UMP,ump_hp,,t
powep101,KCN188609100,UMP,ump_hp,,t
quesj101,CHN188609110,UMP,ump_hp,,t
powep101,KCN188609110,UMP,ump_hp,,t
powep101,KCN188609130,UMP,ump_hp,,t
powep101,KCN188609140,UMP,ump_hp,,t
murpm101,BSN188609150,UMP,ump_hp,,t
powep101,KCN188609151,UMP,ump_hp,,t
powep101,KCN188609152,UMP,ump_hp,,t
powep101,KCN188609160,UMP,ump_hp,,t
fulmc102,BSN188609170,UMP,ump_hp,,t
powep101,KCN188609171,UMP,ump_hp,,t
powep101,KCN188609172,UMP,ump_hp,,t
fulmc102,BSN188609180,UMP,ump_hp,,t
powep101,KCN188609180,UMP,ump_hp,,t
fulmc102,BSN188609200,UMP,ump_hp,,t
powep101,DTN188609200,UMP,ump_hp,,t
murnt101,BSN188609210,UMP,ump_hp,,t
pierg101,BSN188609220,UMP,ump_hp,,t
powep101,DTN188609220,UMP,ump_hp,,t
fulmc102,PHI188609220,UMP,ump_hp,,t
powep101,DTN188609230,UMP,ump_hp,,t
fulmc102,PHI188609230,UMP,ump_hp,,t
pierg101,BSN188609240,UMP,ump_hp,,t
fulmc102,PHI188609240,UMP,ump_hp,,t
quesj101,BSN188609250,UMP,ump_hp,,t
fulmc102,PHI188609251,UMP,ump_hp,,t
fulmc102,PHI188609252,UMP,ump_hp,,t
quesj101,BSN188609270,UMP,ump_hp,,t
fulmc102,PHI188609270,UMP,ump_hp,,t
fulmc102,PHI188609280,UMP,ump_hp,,t
quesj101,BSN188609290,UMP,ump_hp,,t
fulmc102,PHI188609290,UMP,ump_hp,,t
quesj101,BSN188609300,UMP,ump_hp,,t
fulmc102,PHI188609300,UMP,ump_hp,,t
quesj101,BSN188610010,UMP,ump_hp,,t
fulmc102,PHI188610010,UMP,ump_hp,,t
quesj101,BSN188610020,UMP,ump_hp,,t
fulmc102,PHI188610020,UMP,ump_hp,,t
mannj102,BSN188610040,UMP,ump_hp,,t
fulmc102,PHI188610040,UMP,ump_hp,,t
powep101,BSN188610050,UMP,ump_hp,,t
fulmc102,PHI188610050,UMP,ump_hp,,t
powep101,BSN188610060,UMP,ump_hp,,t
fulmc102,PHI188610060,UMP,ump_hp,,t
powep101,BSN188610070,UMP,ump_hp,,t
pierg101,PHI188610070,UMP,ump_hp,,t
powep101,BSN188610080,UMP,ump_hp,,t
pierg101,PHI188610080,UMP,ump_hp,,t
powep101,BSN188610090,UMP,ump_hp,,t
pierg101,PHI188610091,UMP,ump_hp,,t
pierg101,PHI188610092,UMP,ump_hp,,t
ansoc101,KCN188604300,CHN,manager,,t
ansoc101,KCN188605010,CHN,manager,,t
watkb101,KCN188605030,DTN,manager,,t
mutrj801,PHI188605030,NY1,manager,,t
mutrj801,PHI188605040,NY1,manager,,t
watkb101,KCN188605050,DTN,manager,,t
mutrj801,PHI188605050,NY1,manager,,t
watkb101,CHN188605060,DTN,manager,,t
morrj107,PHI188605060,BSN,manager,,t
watkb101,CHN188605070,DTN,manager,,t
watkb101,CHN188605080,DTN,manager,,t
morrj107,CHN188605100,BSN,manager,,t
mutrj801,DTN188605100,NY1,manager,,t
morrj107,CHN188605110,BSN,manager,,t
mutrj801,DTN188605110,NY1,manager,,t
mutrj801,DTN188605120,NY1,manager,,t
mutrj801,CHN188605130,NY1,manager,,t
morrj107,DTN188605130,BSN,manager,,t
morrj107,DTN188605140,BSN,manager,,t
morrj107,DTN188605150,BSN,manager,,t
morrj107,CHN188605170,BSN,manager,,t
scanm801,CHN188605180,WS8,manager,,t
wrigh101,DTN188605180,PHI,manager,,t
mutrj801,KCN188605180,NY1,manager,,t
scanm801,CHN188605190,WS8,manager,,t
wrigh101,DTN188605190,PHI,manager,,t
mutrj801,KCN188605190,NY1,manager,,t
scanm801,CHN188605200,WS8,manager,,t
wrigh101,DTN188605200,PHI,manager,,t
mutrj801,KCN188605200,NY1,manager,,t
wrigh101,CHN188605210,PHI,manager,,t
scanm801,DTN188605210,WS8,manager,,t
morrj107,KCN188605210,BSN,manager,,t
wrigh101,CHN188605220,PHI,manager,,t
scanm801,DTN188605220,WS8,manager,,t
morrj107,KCN188605220,BSN,manager,,t
wrigh101,CHN188605240,PHI,manager,,t
scanm801,DTN188605240,WS8,manager,,t
morrj107,KCN188605240,BSN,manager,,t
rowed102,PHI188605270,KCN,manager,,t
watkb101,BSN188605280,DTN,manager,,t
rowed102,PHI188605280,KCN,manager,,t
watkb101,BSN188605290,DTN,manager,,t
rowed102,PHI188605291,KCN,manager,,t
rowed102,PHI188605292,KCN,manager,,t
ansoc101,PHI188605310,CHN,manager,,t
schmg801,BSN188605311,SL5,manager,,t
schmg801,BSN188605312,SL5,manager,,t
schmg801,BSN188606010,SL5,manager,,t
ansoc101,PHI188606010,CHN,manager,,t
ansoc101,BSN188606020,CHN,manager,,t
schmg801,PHI188606020,SL5,manager,,t
ansoc101,BSN188606030,CHN,manager,,t
schmg801,PHI188606030,SL5,manager,,t
ansoc101,BSN188606040,CHN,manager,,t
schmg801,PHI188606040,SL5,manager,,t
rowed102,BSN188606050,KCN,manager,,t
watkb101,PHI188606050,DTN,manager,,t
rowed102,BSN188606070,KCN,manager,,t
watkb101,PHI188606070,DTN,manager,,t
rowed102,BSN188606080,KCN,manager,,t
watkb101,PHI188606080,DTN,manager,,t
mutrj801,BSN188606100,NY1,manager,,t
scanm801,PHI188606100,WS8,manager,,t
mutrj801,BSN188606110,NY1,manager,,t
rowed102,CHN188606110,KCN,manager,,t
schmg801,DTN188606110,SL5,manager,,t
scanm801,PHI188606110,WS8,manager,,t
mutrj801,BSN188606120,NY1,manager,,t
rowed102,CHN188606120,KCN,manager,,t
schmg801,DTN188606120,SL5,manager,,t
scanm801,PHI188606120,WS8,manager,,t
scanm801,BSN188606140,WS8,manager,,t
rowed102,CHN188606140,KCN,manager,,t
schmg801,DTN188606140,SL5,manager,,t
scanm801,BSN188606150,WS8,manager,,t
rowed102,DTN188606150,KCN,manager,,t
scanm801,BSN188606160,WS8,manager,,t
rowed102,DTN188606160,KCN,manager,,t
wrigh101,BSN188606170,PHI,manager,,t
schmg801,CHN188606170,SL5,manager,,t
rowed102,DTN188606170,KCN,manager,,t
wrigh101,BSN188606180,PHI,manager,,t
wrigh101,BSN188606190,PHI,manager,,t
ansoc101,DTN188606190,CHN,manager,,t
schmg801,KCN188606190,SL5,manager,,t
ansoc101,DTN188606210,CHN,manager,,t
schmg801,KCN188606210,SL5,manager,,t
ansoc101,DTN188606220,CHN,manager,,t
schmg801,KCN188606220,SL5,manager,,t
scanm801,CHN188606230,WS8,manager,,t
wrigh101,DTN188606230,PHI,manager,,t
morrj107,KCN188606230,BSN,manager,,t
scanm801,CHN188606240,WS8,manager,,t
morrj107,KCN188606240,BSN,manager,,t
scanm801,CHN188606250,WS8,manager,,t
wrigh101,CHN188606260,PHI,manager,,t
scanm801,DTN188606260,WS8,manager,,t
wrigh101,CHN188606280,PHI,manager,,t
scanm801,DTN188606280,WS8,manager,,t
mutrj801,KCN188606280,NY1,manager,,t
wrigh101,CHN188606290,PHI,manager,,t
scanm801,DTN188606290,WS8,manager,,t
mutrj801,KCN188606290,NY1,manager,,t
mutrj801,KCN188606300,NY1,manager,,t
mutrj801,CHN188607010,NY1,manager,,t
morrj107,DTN188607010,BSN,manager,,t
wrigh101,KCN188607010,PHI,manager,,t
mutrj801,CHN188607020,NY1,manager,,t
morrj107,DTN188607020,BSN,manager,,t
wrigh101,KCN188607020,PHI,manager,,t
mutrj801,CHN188607030,NY1,manager,,t
morrj107,DTN188607030,BSN,manager,,t
wrigh101,KCN188607030,PHI,manager,,t
morrj107,CHN188607051,BSN,manager,,t
morrj107,CHN188607052,BSN,manager,,t
mutrj801,DTN188607051,NY1,manager,,t
mutrj801,DTN188607052,NY1,manager,,t
scanm801,KCN188607051,WS8,manager,,t
scanm801,KCN188607052,WS8,manager,,t
morrj107,CHN188607060,BSN,manager,,t
mutrj801,DTN188607060,NY1,manager,,t
scanm801,KCN188607060,WS8,manager,,t
mutrj801,CHN188607070,NY1,manager,,t
wrigh101,DTN188607070,PHI,manager,,t
watkb101,CHN188607080,DTN,manager,,t
schmg801,KCN188607080,SL5,manager,,t
watkb101,CHN188607090,DTN,manager,,t
schmg801,KCN188607090,SL5,manager,,t
mutrj801,PHI188607090,NY1,manager,,t
watkb101,CHN188607100,DTN,manager,,t
schmg801,KCN188607100,SL5,manager,,t
mutrj801,PHI188607100,NY1,manager,,t
watkb101,KCN188607120,DTN,manager,,t
mutrj801,PHI188607120,NY1,manager,,t
watkb101,KCN188607130,DTN,manager,,t
morrj107,PHI188607130,BSN,manager,,t
watkb101,KCN188607140,DTN,manager,,t
ansoc101,KCN188607150,CHN,manager,,t
morrj107,PHI188607150,BSN,manager,,t
ansoc101,KCN188607160,CHN,manager,,t
ansoc101,KCN188607170,CHN,manager,,t
schmg801,CHN188607190,SL5,manager,,t
rowed102,DTN188607190,KCN,manager,,t
schmg801,CHN188607200,SL5,manager,,t
rowed102,DTN188607200,KCN,manager,,t
scanm801,BSN188607210,WS8,manager,,t
schmg801,CHN188607210,SL5,manager,,t
rowed102,DTN188607210,KCN,manager,,t
scanm801,BSN188607220,WS8,manager,,t
rowed102,CHN188607220,KCN,manager,,t
schmg801,DTN188607220,SL5,manager,,t
scanm801,BSN188607230,WS8,manager,,t
rowed102,CHN188607230,KCN,manager,,t
schmg801,DTN188607230,SL5,manager,,t
wrigh101,BSN188607240,PHI,manager,,t
rowed102,CHN188607240,KCN,manager,,t
schmg801,DTN188607240,SL5,manager,,t
wrigh101,BSN188607260,PHI,manager,,t
ansoc101,BSN188607280,CHN,manager,,t
rowed102,PHI188607280,KCN,manager,,t
ansoc101,BSN188607290,CHN,manager,,t
rowed102,PHI188607290,KCN,manager,,t
ansoc101,BSN188607300,CHN,manager,,t
rowed102,PHI188607300,KCN,manager,,t
schmg801,BSN188607310,SL5,manager,,t
watkb101,PHI188607310,DTN,manager,,t
schmg801,BSN188608020,SL5,manager,,t
watkb101,PHI188608020,DTN,manager,,t
schmg801,BSN188608030,SL5,manager,,t
watkb101,PHI188608030,DTN,manager,,t
watkb101,BSN188608040,DTN,manager,,t
schmg801,PHI188608040,SL5,manager,,t
watkb101,BSN188608050,DTN,manager,,t
schmg801,PHI188608050,SL5,manager,,t
watkb101,BSN188608060,DTN,manager,,t
schmg801,PHI188608060,SL5,manager,,t
rowed102,BSN188608070,KCN,manager,,t
rowed102,BSN188608090,KCN,manager,,t
ansoc101,PHI188608090,CHN,manager,,t
rowed102,BSN188608100,KCN,manager,,t
ansoc101,PHI188608100,CHN,manager,,t
mutrj801,BSN188608120,NY1,manager,,t
schmg801,CHN188608120,SL5,manager,,t
rowed102,DTN188608120,KCN,manager,,t
scanm801,PHI188608120,WS8,manager,,t
mutrj801,BSN188608130,NY1,manager,,t
schmg801,CHN188608130,SL5,manager,,t
rowed102,DTN188608130,KCN,manager,,t
scanm801,PHI188608130,WS8,manager,,t
mutrj801,BSN188608140,NY1,manager,,t
schmg801,CHN188608140,SL5,manager,,t
rowed102,DTN188608140,KCN,manager,,t
scanm801,PHI188608140,WS8,manager,,t
rowed102,CHN188608160,KCN,manager,,t
schmg801,DTN188608160,SL5,manager,,t
morrj107,PHI188608160,BSN,manager,,t
rowed102,CHN188608170,KCN,manager,,t
schmg801,DTN188608170,SL5,manager,,t
morrj107,PHI188608170,BSN,manager,,t
rowed102,CHN188608180,KCN,manager,,t
schmg801,DTN188608180,SL5,manager,,t
morrj107,PHI188608180,BSN,manager,,t
schmg801,CHN188608190,SL5,manager,,t
mutrj801,PHI188608190,NY1,manager,,t
ansoc101,DTN188608200,CHN,manager,,t
mutrj801,PHI188608200,NY1,manager,,t
ansoc101,DTN188608210,CHN,manager,,t
mutrj801,PHI188608210,NY1,manager,,t
ansoc101,DTN188608230,CHN,manager,,t
morrj107,CHN188608240,BSN,manager,,t
wrigh101,DTN188608240,PHI,manager,,t
mutrj801,KCN188608240,NY1,manager,,t
morrj107,CHN188608250,BSN,manager,,t
wrigh101,DTN188608250,PHI,manager,,t
mutrj801,KCN188608250,NY1,manager,,t
morrj107,CHN188608260,BSN,manager,,t
wrigh101,DTN188608260,PHI,manager,,t
mutrj801,KCN188608260,NY1,manager,,t
wrigh101,CHN188608270,PHI,manager,,t
morrj107,DTN188608270,BSN,manager,,t
gaffj801,KCN188608270,WS8,manager,,t
wrigh101,CHN188608280,PHI,manager,,t
morrj107,DTN188608280,BSN,manager,,t
gaffj801,KCN188608280,WS8,manager,,t
wrigh101,CHN188608300,PHI,manager,,t
morrj107,DTN188608300,BSN,manager,,t
gaffj801,KCN188608300,WS8,manager,,t
gaffj801,KCN188608310,WS8,manager,,t
gaffj801,CHN188609010,WS8,manager,,t
mutrj801,DTN188609010,NY1,manager,,t
wrigh101,KCN188609010,PHI,manager,,t
gaffj801,CHN188609020,WS8,manager,,t
mutrj801,DTN188609020,NY1,manager,,t
wrigh101,KCN188609020,PHI,manager,,t
wrigh101,KCN188609030,PHI,manager,,t
gaffj801,CHN188609040,WS8,manager,,t
mutrj801,DTN188609040,NY1,manager,,t
wrigh101,KCN188609040,PHI,manager,,t
mutrj801,CHN188609060,NY1,manager,,t
gaffj801,DTN188609060,WS8,manager,,t
morrj107,KCN188609060,BSN,manager,,t
mutrj801,CHN188609070,NY1,manager,,t
gaffj801,DTN188609070,WS8,manager,,t
morrj107,KCN188609070,BSN,manager,,t
gaffj801,DTN188609080,WS8,manager,,t
morrj107,KCN188609080,BSN,manager,,t
mutrj801,CHN188609081,NY1,manager,,t
mutrj801,CHN188609082,NY1,manager,,t
watkb101,CHN188609090,DTN,manager,,t
schmg801,KCN188609090,SL5,manager,,t
watkb101,CHN188609100,DTN,manager,,t
schmg801,KCN188609100,SL5,manager,,t
watkb101,CHN188609110,DTN,manager,,t
schmg801,KCN188609110,SL5,manager,,t
watkb101,KCN188609130,DTN,manager,,t
watkb101,KCN188609140,DTN,manager,,t
wrigh101,BSN188609150,PHI,manager,,t
watkb101,KCN188609151,DTN,manager,,t
watkb101,KCN188609152,DTN,manager,,t
ansoc101,KCN188609160,CHN,manager,,t
wrigh101,BSN188609170,PHI,manager,,t
ansoc101,KCN188609171,CHN,manager,,t
ansoc101,KCN188609172,CHN,manager,,t
gaffj801,BSN188609180,WS8,manager,,t
ansoc101,KCN188609180,CHN,manager,,t
gaffj801,BSN188609200,WS8,manager,,t
ansoc101,DTN188609200,CHN,manager,,t
gaffj801,BSN188609210,WS8,manager,,t
mutrj801,BSN188609220,NY1,manager,,t
ansoc101,DTN188609220,CHN,manager,,t
gaffj801,PHI188609220,WS8,manager,,t
ansoc101,DTN188609230,CHN,manager,,t
gaffj801,PHI188609230,WS8,manager,,t
mutrj801,BSN188609240,NY1,manager,,t
gaffj801,PHI188609240,WS8,manager,,t
watkb101,BSN188609250,DTN,manager,,t
ansoc101,PHI188609251,CHN,manager,,t
ansoc101,PHI188609252,CHN,manager,,t
watkb101,BSN188609270,DTN,manager,,t
ansoc101,PHI188609270,CHN,manager,,t
ansoc101,PHI188609280,CHN,manager,,t
watkb101,BSN188609290,DTN,manager,,t
ansoc101,PHI188609290,CHN,manager,,t
rowed102,BSN188609300,KCN,manager,,t
schmg801,PHI188609300,SL5,manager,,t
rowed102,BSN188610010,KCN,manager,,t
schmg801,PHI188610010,SL5,manager,,t
rowed102,BSN188610020,KCN,manager,,t
schmg801,PHI188610020,SL5,manager,,t
schmg801,BSN188610040,SL5,manager,,t
rowed102,PHI188610040,KCN,manager,,t
schmg801,BSN188610050,SL5,manager,,t
rowed102,PHI188610050,KCN,manager,,t
schmg801,BSN188610060,SL5,manager,,t
rowed102,PHI188610060,KCN,manager,,t
ansoc101,BSN188610070,CHN,manager,,t
watkb101,PHI188610070,DTN,manager,,t
ansoc101,BSN188610080,CHN,manager,,t
watkb101,PHI188610080,DTN,manager,,t
ansoc101,BSN188610090,CHN,manager,,t
watkb101,PHI188610091,DTN,manager,,t
watkb101,PHI188610092,DTN,manager,,t
rowed102,KCN188604300,KCN,manager,,t
rowed102,KCN188605010,KCN,manager,,t
rowed102,KCN188605030,KCN,manager,,t
wrigh101,PHI188605030,PHI,manager,,t
wrigh101,PHI188605040,PHI,manager,,t
rowed102,KCN188605050,KCN,manager,,t
wrigh101,PHI188605050,PHI,manager,,t
ansoc101,CHN188605060,CHN,manager,,t
wrigh101,PHI188605060,PHI,manager,,t
ansoc101,CHN188605070,CHN,manager,,t
ansoc101,CHN188605080,CHN,manager,,t
ansoc101,CHN188605100,CHN,manager,,t
watkb101,DTN188605100,DTN,manager,,t
ansoc101,CHN188605110,CHN,manager,,t
watkb101,DTN188605110,DTN,manager,,t
watkb101,DTN188605120,DTN,manager,,t
ansoc101,CHN188605130,CHN,manager,,t
watkb101,DTN188605130,DTN,manager,,t
watkb101,DTN188605140,DTN,manager,,t
watkb101,DTN188605150,DTN,manager,,t
ansoc101,CHN188605170,CHN,manager,,t
ansoc101,CHN188605180,CHN,manager,,t
watkb101,DTN188605180,DTN,manager,,t
rowed102,KCN188605180,KCN,manager,,t
ansoc101,CHN188605190,CHN,manager,,t
watkb101,DTN188605190,DTN,manager,,t
rowed102,KCN188605190,KCN,manager,,t
ansoc101,CHN188605200,CHN,manager,,t
watkb101,DTN188605200,DTN,manager,,t
rowed102,KCN188605200,KCN,manager,,t
ansoc101,CHN188605210,CHN,manager,,t
watkb101,DTN188605210,DTN,manager,,t
rowed102,KCN188605210,KCN,manager,,t
ansoc101,CHN188605220,CHN,manager,,t
watkb101,DTN188605220,DTN,manager,,t
rowed102,KCN188605220,KCN,manager,,t
ansoc101,CHN188605240,CHN,manager,,t
watkb101,DTN188605240,DTN,manager,,t
rowed102,KCN188605240,KCN,manager,,t
wrigh101,PHI188605270,PHI,manager,,t
morrj107,BSN188605280,BSN,manager,,t
wrigh101,PHI188605280,PHI,manager,,t
morrj107,BSN188605290,BSN,manager,,t
wrigh101,PHI188605291,PHI,manager,,t
wrigh101,PHI188605292,PHI,manager,,t
wrigh101,PHI188605310,PHI,manager,,t
morrj107,BSN188605311,BSN,manager,,t
morrj107,BSN188605312,BSN,manager,,t
morrj107,BSN188606010,BSN,manager,,t
wrigh101,PHI188606010,PHI,manager,,t
morrj107,BSN188606020,BSN,manager,,t
wrigh101,PHI188606020,PHI,manager,,t
morrj107,BSN188606030,BSN,manager,,t
wrigh101,PHI188606030,PHI,manager,,t
morrj107,BSN188606040,BSN,manager,,t
wrigh101,PHI188606040,PHI,manager,,t
morrj107,BSN188606050,BSN,manager,,t
wrigh101,PHI188606050,PHI,manager,,t
morrj107,BSN188606070,BSN,manager,,t
wrigh101,PHI188606070,PHI,manager,,t
morrj107,BSN188606080,BSN,manager,,t
wrigh101,PHI188606080,PHI,manager,,t
morrj107,BSN188606100,BSN,manager,,t
wrigh101,PHI188606100,PHI,manager,,t
morrj107,BSN188606110,BSN,manager,,t
ansoc101,CHN188606110,CHN,manager,,t
watkb101,DTN188606110,DTN,manager,,t
wrigh101,PHI188606110,PHI,manager,,t
morrj107,BSN188606120,BSN,manager,,t
ansoc101,CHN188606120,CHN,manager,,t
watkb101,DTN188606120,DTN,manager,,t
wrigh101,PHI188606120,PHI,manager,,t
morrj107,BSN188606140,BSN,manager,,t
ansoc101,CHN188606140,CHN,manager,,t
watkb101,DTN188606140,DTN,manager,,t
morrj107,BSN188606150,BSN,manager,,t
watkb101,DTN188606150,DTN,manager,,t
morrj107,BSN188606160,BSN,manager,,t
watkb101,DTN188606160,DTN,manager,,t
morrj107,BSN188606170,BSN,manager,,t
ansoc101,CHN188606170,CHN,manager,,t
watkb101,DTN188606170,DTN,manager,,t
morrj107,BSN188606180,BSN,manager,,t
morrj107,BSN188606190,BSN,manager,,t
watkb101,DTN188606190,DTN,manager,,t
rowed102,KCN188606190,KCN,manager,,t
watkb101,DTN188606210,DTN,manager,,t
rowed102,KCN188606210,KCN,manager,,t
watkb101,DTN188606220,DTN,manager,,t
rowed102,KCN188606220,KCN,manager,,t
ansoc101,CHN188606230,CHN,manager,,t
watkb101,DTN188606230,DTN,manager,,t
rowed102,KCN188606230,KCN,manager,,t
ansoc101,CHN188606240,CHN,manager,,t
rowed102,KCN188606240,KCN,manager,,t
ansoc101,CHN188606250,CHN,manager,,t
ansoc101,CHN188606260,CHN,manager,,t
watkb101,DTN188606260,DTN,manager,,t
ansoc101,CHN188606280,CHN,manager,,t
watkb101,DTN188606280,DTN,manager,,t
rowed102,KCN188606280,KCN,manager,,t
ansoc101,CHN188606290,CHN,manager,,t
watkb101,DTN188606290,DTN,manager,,t
rowed102,KCN188606290,KCN,manager,,t
rowed102,KCN188606300,KCN,manager,,t
ansoc101,CHN188607010,CHN,manager,,t
watkb101,DTN188607010,DTN,manager,,t
rowed102,KCN188607010,KCN,manager,,t
ansoc101,CHN188607020,CHN,manager,,t
watkb101,DTN188607020,DTN,manager,,t
rowed102,KCN188607020,KCN,manager,,t
ansoc101,CHN188607030,CHN,manager,,t
watkb101,DTN188607030,DTN,manager,,t
rowed102,KCN188607030,KCN,manager,,t
ansoc101,CHN188607051,CHN,manager,,t
ansoc101,CHN188607052,CHN,manager,,t
watkb101,DTN188607051,DTN,manager,,t
watkb101,DTN188607052,DTN,manager,,t
rowed102,KCN188607051,KCN,manager,,t
rowed102,KCN188607052,KCN,manager,,t
ansoc101,CHN188607060,CHN,manager,,t
watkb101,DTN188607060,DTN,manager,,t
rowed102,KCN188607060,KCN,manager,,t
ansoc101,CHN188607070,CHN,manager,,t
watkb101,DTN188607070,DTN,manager,,t
ansoc101,CHN188607080,CHN,manager,,t
rowed102,KCN188607080,KCN,manager,,t
ansoc101,CHN188607090,CHN,manager,,t
rowed102,KCN188607090,KCN,manager,,t
wrigh101,PHI188607090,PHI,manager,,t
ansoc101,CHN188607100,CHN,manager,,t
rowed102,KCN188607100,KCN,manager,,t
wrigh101,PHI188607100,PHI,manager,,t
rowed102,KCN188607120,KCN,manager,,t
wrigh101,PHI188607120,PHI,manager,,t
rowed102,KCN188607130,KCN,manager,,t
wrigh101,PHI188607130,PHI,manager,,t
rowed102,KCN188607140,KCN,manager,,t
rowed102,KCN188607150,KCN,manager,,t
wrigh101,PHI188607150,PHI,manager,,t
rowed102,KCN188607160,KCN,manager,,t
rowed102,KCN188607170,KCN,manager,,t
ansoc101,CHN188607190,CHN,manager,,t
watkb101,DTN188607190,DTN,manager,,t
ansoc101,CHN188607200,CHN,manager,,t
watkb101,DTN188607200,DTN,manager,,t
morrj107,BSN188607210,BSN,manager,,t
ansoc101,CHN188607210,CHN,manager,,t
watkb101,DTN188607210,DTN,manager,,t
morrj107,BSN188607220,BSN,manager,,t
ansoc101,CHN188607220,CHN,manager,,t
watkb101,DTN188607220,DTN,manager,,t
morrj107,BSN188607230,BSN,manager,,t
ansoc101,CHN188607230,CHN,manager,,t
watkb101,DTN188607230,DTN,manager,,t
morrj107,BSN188607240,BSN,manager,,t
ansoc101,CHN188607240,CHN,manager,,t
watkb101,DTN188607240,DTN,manager,,t
morrj107,BSN188607260,BSN,manager,,t
morrj107,BSN188607280,BSN,manager,,t
wrigh101,PHI188607280,PHI,manager,,t
morrj107,BSN188607290,BSN,manager,,t
wrigh101,PHI188607290,PHI,manager,,t
morrj107,BSN188607300,BSN,manager,,t
wrigh101,PHI188607300,PHI,manager,,t
morrj107,BSN188607310,BSN,manager,,t
wrigh101,PHI188607310,PHI,manager,,t
morrj107,BSN188608020,BSN,manager,,t
wrigh101,PHI188608020,PHI,manager,,t
morrj107,BSN188608030,BSN,manager,,t
wrigh101,PHI188608030,PHI,manager,,t
morrj107,BSN188608040,BSN,manager,,t
wrigh101,PHI188608040,PHI,manager,,t
morrj107,BSN188608050,BSN,manager,,t
wrigh101,PHI188608050,PHI,manager,,t
morrj107,BSN188608060,BSN,manager,,t
wrigh101,PHI188608060,PHI,manager,,t
morrj107,BSN188608070,BSN,manager,,t
morrj107,BSN188608090,BSN,manager,,t
wrigh101,PHI188608090,PHI,manager,,t
morrj107,BSN188608100,BSN,manager,,t
wrigh101,PHI188608100,PHI,manager,,t
morrj107,BSN188608120,BSN,manager,,t
ansoc101,CHN188608120,CHN,manager,,t
watkb101,DTN188608120,DTN,manager,,t
wrigh101,PHI188608120,PHI,manager,,t
morrj107,BSN188608130,BSN,manager,,t
ansoc101,CHN188608130,CHN,manager,,t
watkb101,DTN188608130,DTN,manager,,t
wrigh101,PHI188608130,PHI,manager,,t
morrj107,BSN188608140,BSN,manager,,t
ansoc101,CHN188608140,CHN,manager,,t
watkb101,DTN188608140,DTN,manager,,t
wrigh101,PHI188608140,PHI,manager,,t
ansoc101,CHN188608160,CHN,manager,,t
watkb101,DTN188608160,DTN,manager,,t
wrigh101,PHI188608160,PHI,manager,,t
ansoc101,CHN188608170,CHN,manager,,t
watkb101,DTN188608170,DTN,manager,,t
wrigh101,PHI188608170,PHI,manager,,t
ansoc101,CHN188608180,CHN,manager,,t
watkb101,DTN188608180,DTN,manager,,t
wrigh101,PHI188608180,PHI,manager,,t
ansoc101,CHN188608190,CHN,manager,,t
wrigh101,PHI188608190,PHI,manager,,t
watkb101,DTN188608200,DTN,manager,,t
wrigh101,PHI188608200,PHI,manager,,t
watkb101,DTN188608210,DTN,manager,,t
wrigh101,PHI188608210,PHI,manager,,t
watkb101,DTN188608230,DTN,manager,,t
ansoc101,CHN188608240,CHN,manager,,t
watkb101,DTN188608240,DTN,manager,,t
rowed102,KCN188608240,KCN,manager,,t
ansoc101,CHN188608250,CHN,manager,,t
watkb101,DTN188608250,DTN,manager,,t
rowed102,KCN188608250,KCN,manager,,t
ansoc101,CHN188608260,CHN,manager,,t
watkb101,DTN188608260,DTN,manager,,t
rowed102,KCN188608260,KCN,manager,,t
ansoc101,CHN188608270,CHN,manager,,t
watkb101,DTN188608270,DTN,manager,,t
rowed102,KCN188608270,KCN,manager,,t
ansoc101,CHN188608280,CHN,manager,,t
watkb101,DTN188608280,DTN,manager,,t
rowed102,KCN188608280,KCN,manager,,t
ansoc101,CHN188608300,CHN,manager,,t
watkb101,DTN188608300,DTN,manager,,t
rowed102,KCN188608300,KCN,manager,,t
rowed102,KCN188608310,KCN,manager,,t
ansoc101,CHN188609010,CHN,manager,,t
watkb101,DTN188609010,DTN,manager,,t
rowed102,KCN188609010,KCN,manager,,t
ansoc101,CHN188609020,CHN,manager,,t
watkb101,DTN188609020,DTN,manager,,t
rowed102,KCN188609020,KCN,manager,,t
rowed102,KCN188609030,KCN,manager,,t
ansoc101,CHN188609040,CHN,manager,,t
watkb101,DTN188609040,DTN,manager,,t
rowed102,KCN188609040,KCN,manager,,t
ansoc101,CHN188609060,CHN,manager,,t
watkb101,DTN188609060,DTN,manager,,t
rowed102,KCN188609060,KCN,manager,,t
ansoc101,CHN188609070,CHN,manager,,t
watkb101,DTN188609070,DTN,manager,,t
rowed102,KCN188609070,KCN,manager,,t
watkb101,DTN188609080,DTN,manager,,t
rowed102,KCN188609080,KCN,manager,,t
ansoc101,CHN188609081,CHN,manager,,t
ansoc101,CHN188609082,CHN,manager,,t
ansoc101,CHN188609090,CHN,manager,,t
rowed102,KCN188609090,KCN,manager,,t
ansoc101,CHN188609100,CHN,manager,,t
rowed102,KCN188609100,KCN,manager,,t
ansoc101,CHN188609110,CHN,manager,,t
rowed102,KCN188609110,KCN,manager,,t
rowed102,KCN188609130,KCN,manager,,t
rowed102,KCN188609140,KCN,manager,,t
morrj107,BSN188609150,BSN,manager,,t
rowed102,KCN188609151,KCN,manager,,t
rowed102,KCN188609152,KCN,manager,,t
rowed102,KCN188609160,KCN,manager,,t
morrj107,BSN188609170,BSN,manager,,t
rowed102,KCN188609171,KCN,manager,,t
rowed102,KCN188609172,KCN,manager,,t
morrj107,BSN188609180,BSN,manager,,t
rowed102,KCN188609180,KCN,manager,,t
morrj107,BSN188609200,BSN,manager,,t
watkb101,DTN188609200,DTN,manager,,t
morrj107,BSN188609210,BSN,manager,,t
morrj107,BSN188609220,BSN,manager,,t
watkb101,DTN188609220,DTN,manager,,t
wrigh101,PHI188609220,PHI,manager,,t
watkb101,DTN188609230,DTN,manager,,t
wrigh101,PHI188609230,PHI,manager,,t
morrj107,BSN188609240,BSN,manager,,t
wrigh101,PHI188609240,PHI,manager,,t
morrj107,BSN188609250,BSN,manager,,t
wrigh101,PHI188609251,PHI,manager,,t
wrigh101,PHI188609252,PHI,manager,,t
morrj107,BSN188609270,BSN,manager,,t
wrigh101,PHI188609270,PHI,manager,,t
wrigh101,PHI188609280,PHI,manager,,t
morrj107,BSN188609290,BSN,manager,,t
wrigh101,PHI188609290,PHI,manager,,t
morrj107,BSN188609300,BSN,manager,,t
wrigh101,PHI188609300,PHI,manager,,t
morrj107,BSN188610010,BSN,manager,,t
wrigh101,PHI188610010,PHI,manager,,t
morrj107,BSN188610020,BSN,manager,,t
wrigh101,PHI188610020,PHI,manager,,t
morrj107,BSN188610040,BSN,manager,,t
wrigh101,PHI188610040,PHI,manager,,t
morrj107,BSN188610050,BSN,manager,,t
wrigh101,PHI188610050,PHI,manager,,t
morrj107,BSN188610060,BSN,manager,,t
wrigh101,PHI188610060,PHI,manager,,t
morrj107,BSN188610070,BSN,manager,,t
wrigh101,PHI188610070,PHI,manager,,t
morrj107,BSN188610080,BSN,manager,,t
wrigh101,PHI188610080,PHI,manager,,t
morrj107,BSN188610090,BSN,manager,,t
wrigh101,PHI188610091,PHI,manager,,t
wrigh101,PHI188610092,PHI,manager,,t
clarj102,KCN188604300,CHN,1,,t
flynj103,KCN188605010,CHN,1,,t
getzp101,KCN188605030,DTN,1,,t
keeft101,PHI188605030,NY1,1,,t
welcm102,PHI188605040,NY1,1,,t
twitl101,KCN188605050,DTN,1,,t
keeft101,PHI188605050,NY1,1,,t
baldl101,CHN188605060,DTN,1,,t
radbc101,PHI188605060,BSN,1,,t
getzp101,CHN188605070,DTN,1,,t
getzp101,CHN188605080,DTN,1,,t
radbc101,CHN188605100,BSN,1,,t
keeft101,DTN188605100,NY1,1,,t
stemb101,CHN188605110,BSN,1,,t
welcm102,DTN188605110,NY1,1,,t
keeft101,DTN188605120,NY1,1,,t
welcm102,CHN188605130,NY1,1,,t
radbc101,DTN188605130,BSN,1,,t
buffc101,DTN188605140,BSN,1,,t
stemb101,DTN188605150,BSN,1,,t
radbc101,CHN188605170,BSN,1,,t
dailh101,CHN188605180,WS8,1,,t
cased103,DTN188605180,PHI,1,,t
keeft101,KCN188605180,NY1,1,,t
shawd101,CHN188605190,WS8,1,,t
fergc101,DTN188605190,PHI,1,,t
welcm102,KCN188605190,NY1,1,,t
dailh101,CHN188605200,WS8,1,,t
cased103,DTN188605200,PHI,1,,t
keeft101,KCN188605200,NY1,1,,t
daile101,CHN188605210,PHI,1,,t
shawd101,DTN188605210,WS8,1,,t
radbc101,KCN188605210,BSN,1,,t
fergc101,CHN188605220,PHI,1,,t
dailh101,DTN188605220,WS8,1,,t
buffc101,KCN188605220,BSN,1,,t
cased103,CHN188605240,PHI,1,,t
shawd101,DTN188605240,WS8,1,,t
radbc101,KCN188605240,BSN,1,,t
conwp101,PHI188605270,KCN,1,,t
baldl101,BSN188605280,DTN,1,,t
wieds101,PHI188605280,KCN,1,,t
getzp101,BSN188605290,DTN,1,,t
whitj102,PHI188605291,KCN,1,,t
conwp101,PHI188605292,KCN,1,,t
flynj103,PHI188605310,CHN,1,,t
sweec101,BSN188605311,SL5,1,,t
bauea101,BSN188605312,SL5,1,,t
boylh102,BSN188606010,SL5,1,,t
clarj102,PHI188606010,CHN,1,,t
mccoj103,BSN188606020,CHN,1,,t
heale101,PHI188606020,SL5,1,,t
clarj102,BSN188606030,CHN,1,,t
sweec101,PHI188606030,SL5,1,,t
flynj103,BSN188606040,CHN,1,,t
boylh102,PHI188606040,SL5,1,,t
wieds101,BSN188606050,KCN,1,,t
baldl101,PHI188606050,DTN,1,,t
whitj102,BSN188606070,KCN,1,,t
getzp101,PHI188606070,DTN,1,,t
conwp101,BSN188606080,KCN,1,,t
baldl101,PHI188606080,DTN,1,,t
keeft101,BSN188606100,NY1,1,,t
barrb101,PHI188606100,WS8,1,,t
richd101,BSN188606110,NY1,1,,t
wieds101,CHN188606110,KCN,1,,t
bauea101,DTN188606110,SL5,1,,t
shawd101,PHI188606110,WS8,1,,t
keeft101,BSN188606120,NY1,1,,t
whitj102,CHN188606120,KCN,1,,t
sweec101,DTN188606120,SL5,1,,t
barrb101,PHI188606120,WS8,1,,t
shawd101,BSN188606140,WS8,1,,t
wieds101,CHN188606140,KCN,1,,t
kirbj101,DTN188606140,SL5,1,,t
barrb101,BSN188606150,WS8,1,,t
whitj102,DTN188606150,KCN,1,,t
shawd101,BSN188606160,WS8,1,,t
wieds101,DTN188606160,KCN,1,,t
cased103,BSN188606170,PHI,1,,t
boylh102,CHN188606170,SL5,1,,t
conwp101,DTN188606170,KCN,1,,t
fergc101,BSN188606180,PHI,1,,t
cased103,BSN188606190,PHI,1,,t
mccoj103,DTN188606190,CHN,1,,t
boylh102,KCN188606190,SL5,1,,t
clarj102,DTN188606210,CHN,1,,t
heale101,KCN188606210,SL5,1,,t
flynj103,DTN188606220,CHN,1,,t
heale101,KCN188606220,SL5,1,,t
shawd101,CHN188606230,WS8,1,,t
cased103,DTN188606230,PHI,1,,t
radbc101,KCN188606230,BSN,1,,t
barrb101,CHN188606240,WS8,1,,t
stemb101,KCN188606240,BSN,1,,t
barrb101,CHN188606250,WS8,1,,t
fergc101,CHN188606260,PHI,1,,t
shawd101,DTN188606260,WS8,1,,t
cased103,CHN188606280,PHI,1,,t
shawd101,DTN188606280,WS8,1,,t
keeft101,KCN188606280,NY1,1,,t
fergc101,CHN188606290,PHI,1,,t
barrb101,DTN188606290,WS8,1,,t
welcm102,KCN188606290,NY1,1,,t
keeft101,KCN188606300,NY1,1,,t
welcm102,CHN188607010,NY1,1,,t
radbc101,DTN188607010,BSN,1,,t
cased103,KCN188607010,PHI,1,,t
keeft101,CHN188607020,NY1,1,,t
stemb101,DTN188607020,BSN,1,,t
fergc101,KCN188607020,PHI,1,,t
welcm102,CHN188607030,NY1,1,,t
radbc101,DTN188607030,BSN,1,,t
cased103,KCN188607030,PHI,1,,t
stemb101,CHN188607051,BSN,1,,t
radbc101,CHN188607052,BSN,1,,t
welcm102,DTN188607051,NY1,1,,t
keeft101,DTN188607052,NY1,1,,t
shawd101,KCN188607051,WS8,1,,t
barrb101,KCN188607052,WS8,1,,t
radbc101,CHN188607060,BSN,1,,t
keeft101,DTN188607060,NY1,1,,t
corcl101,KCN188607060,WS8,1,,t
welcm102,CHN188607070,NY1,1,,t
cased103,DTN188607070,PHI,1,,t
getzp101,CHN188607080,DTN,1,,t
boylh102,KCN188607080,SL5,1,,t
baldl101,CHN188607090,DTN,1,,t
kirbj101,KCN188607090,SL5,1,,t
keeft101,PHI188607090,NY1,1,,t
getzp101,CHN188607100,DTN,1,,t
kirbj101,KCN188607100,SL5,1,,t
welcm102,PHI188607100,NY1,1,,t
baldl101,KCN188607120,DTN,1,,t
keeft101,PHI188607120,NY1,1,,t
getzp101,KCN188607130,DTN,1,,t
stemb101,PHI188607130,BSN,1,,t
schmb104,KCN188607140,DTN,1,,t
mccoj103,KCN188607150,CHN,1,,t
radbc101,PHI188607150,BSN,1,,t
clarj102,KCN188607160,CHN,1,,t
flynj103,KCN188607170,CHN,1,,t
kirbj101,CHN188607190,SL5,1,,t
conwp101,DTN188607190,KCN,1,,t
murpj101,CHN188607200,SL5,1,,t
wieds101,DTN188607200,KCN,1,,t
shawd101,BSN188607210,WS8,1,,t
heale101,CHN188607210,SL5,1,,t
whitj102,DTN188607210,KCN,1,,t
fulle101,BSN188607220,WS8,1,,t
conwp101,CHN188607220,KCN,1,,t
kirbj101,DTN188607220,SL5,1,,t
madit101,BSN188607230,WS8,1,,t
wieds101,CHN188607230,KCN,1,,t
heale101,DTN188607230,SL5,1,,t
cased103,BSN188607240,PHI,1,,t
whitj102,CHN188607240,KCN,1,,t
kirbj101,DTN188607240,SL5,1,,t
daile101,BSN188607260,PHI,1,,t
clarj102,BSN188607280,CHN,1,,t
whitj102,PHI188607280,KCN,1,,t
mccoj103,BSN188607290,CHN,1,,t
wieds101,PHI188607290,KCN,1,,t
clarj102,BSN188607300,CHN,1,,t
conwp101,PHI188607300,KCN,1,,t
heale101,BSN188607310,SL5,1,,t
baldl101,PHI188607310,DTN,1,,t
heale101,BSN188608020,SL5,1,,t
baldl101,PHI188608020,DTN,1,,t
kirbj101,BSN188608030,SL5,1,,t
schmb104,PHI188608030,DTN,1,,t
baldl101,BSN188608040,DTN,1,,t
heale101,PHI188608040,SL5,1,,t
twitl101,BSN188608050,DTN,1,,t
kirbj101,PHI188608050,SL5,1,,t
schmb104,BSN188608060,DTN,1,,t
heale101,PHI188608060,SL5,1,,t
wieds101,BSN188608070,KCN,1,,t
whitj102,BSN188608090,KCN,1,,t
clarj102,PHI188608090,CHN,1,,t
conwp101,BSN188608100,KCN,1,,t
mccoj103,PHI188608100,CHN,1,,t
keeft101,BSN188608120,NY1,1,,t
heale101,CHN188608120,SL5,1,,t
wieds101,DTN188608120,KCN,1,,t
madit101,PHI188608120,WS8,1,,t
welcm102,BSN188608130,NY1,1,,t
kirbj101,CHN188608130,SL5,1,,t
whitj102,DTN188608130,KCN,1,,t
shawd101,PHI188608130,WS8,1,,t
keeft101,BSN188608140,NY1,1,,t
heale101,CHN188608140,SL5,1,,t
conwp101,DTN188608140,KCN,1,,t
madit101,PHI188608140,WS8,1,,t
wieds101,CHN188608160,KCN,1,,t
kirbj101,DTN188608160,SL5,1,,t
stemb101,PHI188608160,BSN,1,,t
whitj102,CHN188608170,KCN,1,,t
heale101,DTN188608170,SL5,1,,t
buffc101,PHI188608170,BSN,1,,t
conwp101,CHN188608180,KCN,1,,t
heale101,DTN188608180,SL5,1,,t
stemb101,PHI188608180,BSN,1,,t
kirbj101,CHN188608190,SL5,1,,t
keeft101,PHI188608190,NY1,1,,t
clarj102,DTN188608200,CHN,1,,t
welcm102,PHI188608200,NY1,1,,t
mccoj103,DTN188608210,CHN,1,,t
keeft101,PHI188608210,NY1,1,,t
clarj102,DTN188608230,CHN,1,,t
radbc101,CHN188608240,BSN,1,,t
fergc101,DTN188608240,PHI,1,,t
welcm102,KCN188608240,NY1,1,,t
buffc101,CHN188608250,BSN,1,,t
daile101,DTN188608250,PHI,1,,t
keeft101,KCN188608250,NY1,1,,t
radbc101,CHN188608260,BSN,1,,t
cased103,DTN188608260,PHI,1,,t
welcm102,KCN188608260,NY1,1,,t
daile101,CHN188608270,PHI,1,,t
stemb101,DTN188608270,BSN,1,,t
shawd101,KCN188608270,WS8,1,,t
cased103,CHN188608280,PHI,1,,t
buffc101,DTN188608280,BSN,1,,t
crane101,KCN188608280,WS8,1,,t
cased103,CHN188608300,PHI,1,,t
stemb101,DTN188608300,BSN,1,,t
shawd101,KCN188608300,WS8,1,,t
madit101,KCN188608310,WS8,1,,t
crane101,CHN188609010,WS8,1,,t
welcm102,DTN188609010,NY1,1,,t
daile101,KCN188609010,PHI,1,,t
shawd101,CHN188609020,WS8,1,,t
keeft101,DTN188609020,NY1,1,,t
cased103,KCN188609020,PHI,1,,t
daile101,KCN188609030,PHI,1,,t
madit101,CHN188609040,WS8,1,,t
keeft101,DTN188609040,NY1,1,,t
cased103,KCN188609040,PHI,1,,t
welcm102,CHN188609060,NY1,1,,t
shawd101,DTN188609060,WS8,1,,t
radbc101,KCN188609060,BSN,1,,t
keeft101,CHN188609070,NY1,1,,t
crane101,DTN188609070,WS8,1,,t
buffc101,KCN188609070,BSN,1,,t
crane101,DTN188609080,WS8,1,,t
stemb101,KCN188609080,BSN,1,,t
welcm102,CHN188609081,NY1,1,,t
keeft101,CHN188609082,NY1,1,,t
baldl101,CHN188609090,DTN,1,,t
kirbj101,KCN188609090,SL5,1,,t
conwp101,CHN188609100,DTN,1,,t
heale101,KCN188609100,SL5,1,,t
baldl101,CHN188609110,DTN,1,,t
kirbj101,KCN188609110,SL5,1,,t
schmb104,KCN188609130,DTN,1,,t
getzp101,KCN188609140,DTN,1,,t
cased103,BSN188609150,PHI,1,,t
conwp101,KCN188609151,DTN,1,,t
schmb104,KCN188609152,DTN,1,,t
clarj102,KCN188609160,CHN,1,,t
fergc101,BSN188609170,PHI,1,,t
flynj103,KCN188609171,CHN,1,,t
mccoj103,KCN188609172,CHN,1,,t
shawd101,BSN188609180,WS8,1,,t
clarj102,KCN188609180,CHN,1,,t
gilmf101,BSN188609200,WS8,1,,t
clarj102,DTN188609200,CHN,1,,t
odayh101,BSN188609210,WS8,1,,t
welcm102,BSN188609220,NY1,1,,t
flynj103,DTN188609220,CHN,1,,t
shawd101,PHI188609220,WS8,1,,t
clarj102,DTN188609230,CHN,1,,t
gilmf101,PHI188609230,WS8,1,,t
welcm102,BSN188609240,NY1,1,,t
odayh101,PHI188609240,WS8,1,,t
getzp101,BSN188609250,DTN,1,,t
flynj103,PHI188609251,CHN,1,,t
mccoj103,PHI188609252,CHN,1,,t
baldl101,BSN188609270,DTN,1,,t
clarj102,PHI188609270,CHN,1,,t
mccoj103,PHI188609280,CHN,1,,t
getzp101,BSN188609290,DTN,1,,t
clarj102,PHI188609290,CHN,1,,t
whitj102,BSN188609300,KCN,1,,t
heale101,PHI188609300,SL5,1,,t
kings103,BSN188610010,KCN,1,,t
boylh102,PHI188610010,SL5,1,,t
wieds101,BSN188610020,KCN,1,,t
kirbj101,PHI188610020,SL5,1,,t
heale101,BSN188610040,SL5,1,,t
whitj102,PHI188610040,KCN,1,,t
boylh102,BSN188610050,SL5,1,,t
kings103,PHI188610050,KCN,1,,t
kirbj101,BSN188610060,SL5,1,,t
wieds101,PHI188610060,KCN,1,,t
clarj102,BSN188610070,CHN,1,,t
smitp106,PHI188610070,DTN,1,,t
mccoj103,BSN188610080,CHN,1,,t
baldl101,PHI188610080,DTN,1,,t
clarj102,BSN188610090,CHN,1,,t
smitp106,PHI188610091,DTN,1,,t
conwp101,PHI188610092,DTN,1,,t
wieds101,KCN188604300,KCN,1,,t
conwp101,KCN188605010,KCN,1,,t
whitj102,KCN188605030,KCN,1,,t
daile101,PHI188605030,PHI,1,,t
cased103,PHI188605040,PHI,1,,t
wieds101,KCN188605050,KCN,1,,t
titcc101,PHI188605050,PHI,1,,t
clarj102,CHN188605060,CHN,1,,t
fergc101,PHI188605060,PHI,1,,t
mccoj103,CHN188605070,CHN,1,,t
clarj102,CHN188605080,CHN,1,,t
mccoj103,CHN188605100,CHN,1,,t
baldl101,DTN188605100,DTN,1,,t
clarj102,CHN188605110,CHN,1,,t
getzp101,DTN188605110,DTN,1,,t
baldl101,DTN188605120,DTN,1,,t
mccoj103,CHN188605130,CHN,1,,t
getzp101,DTN188605130,DTN,1,,t
baldl101,DTN188605140,DTN,1,,t
getzp101,DTN188605150,DTN,1,,t
clarj102,CHN188605170,CHN,1,,t
mccoj103,CHN188605180,CHN,1,,t
baldl101,DTN188605180,DTN,1,,t
whitj102,KCN188605180,KCN,1,,t
clarj102,CHN188605190,CHN,1,,t
getzp101,DTN188605190,DTN,1,,t
wieds101,KCN188605190,KCN,1,,t
flynj103,CHN188605200,CHN,1,,t
baldl101,DTN188605200,DTN,1,,t
conwp101,KCN188605200,KCN,1,,t
mccoj103,CHN188605210,CHN,1,,t
getzp101,DTN188605210,DTN,1,,t
whitj102,KCN188605210,KCN,1,,t
clarj102,CHN188605220,CHN,1,,t
baldl101,DTN188605220,DTN,1,,t
conwp101,KCN188605220,KCN,1,,t
mccoj103,CHN188605240,CHN,1,,t
baldl101,DTN188605240,DTN,1,,t
wieds101,KCN188605240,KCN,1,,t
fergc101,PHI188605270,PHI,1,,t
radbc101,BSN188605280,BSN,1,,t
titcc101,PHI188605280,PHI,1,,t
parsc101,BSN188605290,BSN,1,,t
cased103,PHI188605291,PHI,1,,t
fergc101,PHI188605292,PHI,1,,t
cased103,PHI188605310,PHI,1,,t
parsc101,BSN188605311,BSN,1,,t
radbc101,BSN188605312,BSN,1,,t
stemb101,BSN188606010,BSN,1,,t
fergc101,PHI188606010,PHI,1,,t
radbc101,BSN188606020,BSN,1,,t
daile101,PHI188606020,PHI,1,,t
buffc101,BSN188606030,BSN,1,,t
cased103,PHI188606030,PHI,1,,t
radbc101,BSN188606040,BSN,1,,t
fergc101,PHI188606040,PHI,1,,t
stemb101,BSN188606050,BSN,1,,t
cased103,PHI188606050,PHI,1,,t
radbc101,BSN188606070,BSN,1,,t
cased103,PHI188606070,PHI,1,,t
stemb101,BSN188606080,BSN,1,,t
titcc101,PHI188606080,PHI,1,,t
radbc101,BSN188606100,BSN,1,,t
fergc101,PHI188606100,PHI,1,,t
stemb101,BSN188606110,BSN,1,,t
clarj102,CHN188606110,CHN,1,,t
baldl101,DTN188606110,DTN,1,,t
daile101,PHI188606110,PHI,1,,t
radbc101,BSN188606120,BSN,1,,t
mccoj103,CHN188606120,CHN,1,,t
getzp101,DTN188606120,DTN,1,,t
cased103,PHI188606120,PHI,1,,t
stemb101,BSN188606140,BSN,1,,t
flynj103,CHN188606140,CHN,1,,t
baldl101,DTN188606140,DTN,1,,t
radbc101,BSN188606150,BSN,1,,t
getzp101,DTN188606150,DTN,1,,t
buffc101,BSN188606160,BSN,1,,t
baldl101,DTN188606160,DTN,1,,t
radbc101,BSN188606170,BSN,1,,t
clarj102,CHN188606170,CHN,1,,t
getzp101,DTN188606170,DTN,1,,t
stemb101,BSN188606180,BSN,1,,t
radbc101,BSN188606190,BSN,1,,t
baldl101,DTN188606190,DTN,1,,t
whitj102,KCN188606190,KCN,1,,t
getzp101,DTN188606210,DTN,1,,t
wieds101,KCN188606210,KCN,1,,t
getzp101,DTN188606220,DTN,1,,t
conwp101,KCN188606220,KCN,1,,t
clarj102,CHN188606230,CHN,1,,t
baldl101,DTN188606230,DTN,1,,t
wieds101,KCN188606230,KCN,1,,t
mccoj103,CHN188606240,CHN,1,,t
conwp101,KCN188606240,KCN,1,,t
clarj102,CHN188606250,CHN,1,,t
clarj102,CHN188606260,CHN,1,,t
baldl101,DTN188606260,DTN,1,,t
mccoj103,CHN188606280,CHN,1,,t
getzp101,DTN188606280,DTN,1,,t
conwp101,KCN188606280,KCN,1,,t
clarj102,CHN188606290,CHN,1,,t
baldl101,DTN188606290,DTN,1,,t
whitj102,KCN188606290,KCN,1,,t
whitj102,KCN188606300,KCN,1,,t
mccoj103,CHN188607010,CHN,1,,t
getzp101,DTN188607010,DTN,1,,t
wieds101,KCN188607010,KCN,1,,t
clarj102,CHN188607020,CHN,1,,t
baldl101,DTN188607020,DTN,1,,t
whitj102,KCN188607020,KCN,1,,t
mccoj103,CHN188607030,CHN,1,,t
getzp101,DTN188607030,DTN,1,,t
wieds101,KCN188607030,KCN,1,,t
flynj103,CHN188607051,CHN,1,,t
mccoj103,CHN188607052,CHN,1,,t
baldl101,DTN188607051,DTN,1,,t
getzp101,DTN188607052,DTN,1,,t
wieds101,KCN188607051,KCN,1,,t
whitj102,KCN188607052,KCN,1,,t
flynj103,CHN188607060,CHN,1,,t
schmb104,DTN188607060,DTN,1,,t
wieds101,KCN188607060,KCN,1,,t
mccoj103,CHN188607070,CHN,1,,t
baldl101,DTN188607070,DTN,1,,t
clarj102,CHN188607080,CHN,1,,t
whitj102,KCN188607080,KCN,1,,t
mccoj103,CHN188607090,CHN,1,,t
wieds101,KCN188607090,KCN,1,,t
fergc101,PHI188607090,PHI,1,,t
clarj102,CHN188607100,CHN,1,,t
whitj102,KCN188607100,KCN,1,,t
cased103,PHI188607100,PHI,1,,t
wieds101,KCN188607120,KCN,1,,t
fergc101,PHI188607120,PHI,1,,t
whitj102,KCN188607130,KCN,1,,t
cased103,PHI188607130,PHI,1,,t
wieds101,KCN188607140,KCN,1,,t
wieds101,KCN188607150,KCN,1,,t
fergc101,PHI188607150,PHI,1,,t
conwp101,KCN188607160,KCN,1,,t
wieds101,KCN188607170,KCN,1,,t
clarj102,CHN188607190,CHN,1,,t
getzp101,DTN188607190,DTN,1,,t
mccoj103,CHN188607200,CHN,1,,t
baldl101,DTN188607200,DTN,1,,t
radbc101,BSN188607210,BSN,1,,t
clarj102,CHN188607210,CHN,1,,t
getzp101,DTN188607210,DTN,1,,t
stemb101,BSN188607220,BSN,1,,t
mccoj103,CHN188607220,CHN,1,,t
baldl101,DTN188607220,DTN,1,,t
buffc101,BSN188607230,BSN,1,,t
clarj102,CHN188607230,CHN,1,,t
getzp101,DTN188607230,DTN,1,,t
radbc101,BSN188607240,BSN,1,,t
clarj102,CHN188607240,CHN,1,,t
baldl101,DTN188607240,DTN,1,,t
stemb101,BSN188607260,BSN,1,,t
radbc101,BSN188607280,BSN,1,,t
cased103,PHI188607280,PHI,1,,t
stemb101,BSN188607290,BSN,1,,t
fergc101,PHI188607290,PHI,1,,t
radbc101,BSN188607300,BSN,1,,t
daile101,PHI188607300,PHI,1,,t
stemb101,BSN188607310,BSN,1,,t
cased103,PHI188607310,PHI,1,,t
buffc101,BSN188608020,BSN,1,,t
fergc101,PHI188608020,PHI,1,,t
stemb101,BSN188608030,BSN,1,,t
cased103,PHI188608030,PHI,1,,t
radbc101,BSN188608040,BSN,1,,t
daile101,PHI188608040,PHI,1,,t
buffc101,BSN188608050,BSN,1,,t
cased103,PHI188608050,PHI,1,,t
radbc101,BSN188608060,BSN,1,,t
fergc101,PHI188608060,PHI,1,,t
buffc101,BSN188608070,BSN,1,,t
radbc101,BSN188608090,BSN,1,,t
cased103,PHI188608090,PHI,1,,t
buffc101,BSN188608100,BSN,1,,t
fergc101,PHI188608100,PHI,1,,t
radbc101,BSN188608120,BSN,1,,t
clarj102,CHN188608120,CHN,1,,t
schmb104,DTN188608120,DTN,1,,t
cased103,PHI188608120,PHI,1,,t
radbc101,BSN188608130,BSN,1,,t
mccoj103,CHN188608130,CHN,1,,t
baldl101,DTN188608130,DTN,1,,t
fergc101,PHI188608130,PHI,1,,t
radbc101,BSN188608140,BSN,1,,t
clarj102,CHN188608140,CHN,1,,t
getzp101,DTN188608140,DTN,1,,t
cased103,PHI188608140,PHI,1,,t
flynj103,CHN188608160,CHN,1,,t
baldl101,DTN188608160,DTN,1,,t
fergc101,PHI188608160,PHI,1,,t
mccoj103,CHN188608170,CHN,1,,t
getzp101,DTN188608170,DTN,1,,t
cased103,PHI188608170,PHI,1,,t
clarj102,CHN188608180,CHN,1,,t
schmb104,DTN188608180,DTN,1,,t
fergc101,PHI188608180,PHI,1,,t
flynj103,CHN188608190,CHN,1,,t
cased103,PHI188608190,PHI,1,,t
baldl101,DTN188608200,DTN,1,,t
cased103,PHI188608200,PHI,1,,t
getzp101,DTN188608210,DTN,1,,t
daile101,PHI188608210,PHI,1,,t
baldl101,DTN188608230,DTN,1,,t
flynj103,CHN188608240,CHN,1,,t
conwp101,DTN188608240,DTN,1,,t
whitj102,KCN188608240,KCN,1,,t
mccoj103,CHN188608250,CHN,1,,t
baldl101,DTN188608250,DTN,1,,t
wieds101,KCN188608250,KCN,1,,t
clarj102,CHN188608260,CHN,1,,t
getzp101,DTN188608260,DTN,1,,t
whitj102,KCN188608260,KCN,1,,t
flynj103,CHN188608270,CHN,1,,t
conwp101,DTN188608270,DTN,1,,t
wieds101,KCN188608270,KCN,1,,t
clarj102,CHN188608280,CHN,1,,t
baldl101,DTN188608280,DTN,1,,t
whitj102,KCN188608280,KCN,1,,t
clarj102,CHN188608300,CHN,1,,t
conwp101,DTN188608300,DTN,1,,t
whitj102,KCN188608300,KCN,1,,t
wieds101,KCN188608310,KCN,1,,t
mccoj103,CHN188609010,CHN,1,,t
baldl101,DTN188609010,DTN,1,,t
whitj102,KCN188609010,KCN,1,,t
flynj103,CHN188609020,CHN,1,,t
conwp101,DTN188609020,DTN,1,,t
wieds101,KCN188609020,KCN,1,,t
mckel101,KCN188609030,KCN,1,,t
clarj102,CHN188609040,CHN,1,,t
baldl101,DTN188609040,DTN,1,,t
wieds101,KCN188609040,KCN,1,,t
mccoj103,CHN188609060,CHN,1,,t
baldl101,DTN188609060,DTN,1,,t
whitj102,KCN188609060,KCN,1,,t
flynj103,CHN188609070,CHN,1,,t
schmb104,DTN188609070,DTN,1,,t
wieds101,KCN188609070,KCN,1,,t
conwp101,DTN188609080,DTN,1,,t
whitj102,KCN188609080,KCN,1,,t
mccoj103,CHN188609081,CHN,1,,t
flynj103,CHN188609082,CHN,1,,t
clarj102,CHN188609090,CHN,1,,t
mckel101,KCN188609090,KCN,1,,t
mccoj103,CHN188609100,CHN,1,,t
whitj102,KCN188609100,KCN,1,,t
clarj102,CHN188609110,CHN,1,,t
wieds101,KCN188609110,KCN,1,,t
whitj102,KCN188609130,KCN,1,,t
wieds101,KCN188609140,KCN,1,,t
stemb101,BSN188609150,BSN,1,,t
mckel101,KCN188609151,KCN,1,,t
whitj102,KCN188609152,KCN,1,,t
wieds101,KCN188609160,KCN,1,,t
radbc101,BSN188609170,BSN,1,,t
whitj102,KCN188609171,KCN,1,,t
wieds101,KCN188609172,KCN,1,,t
stemb101,BSN188609180,BSN,1,,t
whitj102,KCN188609180,KCN,1,,t
radbc101,BSN188609200,BSN,1,,t
getzp101,DTN188609200,DTN,1,,t
stemb101,BSN188609210,BSN,1,,t
radbc101,BSN188609220,BSN,1,,t
twitl101,DTN188609220,DTN,1,,t
fergc101,PHI188609220,PHI,1,,t
baldl101,DTN188609230,DTN,1,,t
fergc101,PHI188609230,PHI,1,,t
stemb101,BSN188609240,BSN,1,,t
strij103,PHI188609240,PHI,1,,t
radbc101,BSN188609250,BSN,1,,t
daile101,PHI188609251,PHI,1,,t
fergc101,PHI188609252,PHI,1,,t
stemb101,BSN188609270,BSN,1,,t
fergc101,PHI188609270,PHI,1,,t
daile101,PHI188609280,PHI,1,,t
radbc101,BSN188609290,BSN,1,,t
fergc101,PHI188609290,PHI,1,,t
stemb101,BSN188609300,BSN,1,,t
strij103,PHI188609300,PHI,1,,t
radbc101,BSN188610010,BSN,1,,t
fergc101,PHI188610010,PHI,1,,t
stemb101,BSN188610020,BSN,1,,t
daile101,PHI188610020,PHI,1,,t
radbc101,BSN188610040,BSN,1,,t
fergc101,PHI188610040,PHI,1,,t
stemb101,BSN188610050,BSN,1,,t
cased103,PHI188610050,PHI,1,,t
radbc101,BSN188610060,BSN,1,,t
daile101,PHI188610060,PHI,1,,t
stemb101,BSN188610070,BSN,1,,t
fergc101,PHI188610070,PHI,1,,t
radbc101,BSN188610080,BSN,1,,t
titcc101,PHI188610080,PHI,1,,t
stemb101,BSN188610090,BSN,1,,t
fergc101,PHI188610091,PHI,1,,t
fergc101,PHI188610092,PHI,1,,t
