id,game_id,team_id,field_pos,batt_ord,start
mcdoj902,TRO187204260,UMP,ump_hp,,t
beebw901,TRO187204270,UMP,ump_hp,,t
broww901,MID187205020,UMP,ump_hp,,t
pears901,TRO187205030,UMP,ump_hp,,t
bunch901,MID187205160,UMP,ump_hp,,t
dornd901,TRO187205210,UMP,ump_hp,,t
millc104,MID187205220,UMP,ump_hp,,t
evang901,TRO187205240,UMP,ump_hp,,t
bomet901,TRO187205290,UMP,ump_hp,,t
bomet901,TRO187206030,UMP,ump_hp,,t
swanm101,TRO187206060,UMP,ump_hp,,t
hasts101,TRO187206170,UMP,ump_hp,,t
erbyf901,TRO187206200,UMP,ump_hp,,t
smitg902,MID187206210,UMP,ump_hp,,t
hasts101,TRO187206240,UMP,ump_hp,,t
allia101,MID187207030,UMP,ump_hp,,t
barrf102,MID187207040,UMP,ump_hp,,t
erbyf901,TRO187207040,UMP,ump_hp,,t
howac902,MID187207230,UMP,ump_hp,,t
highd101,MID187207270,UMP,ump_hp,,t
millc104,MID187208090,UMP,ump_hp,,t
clapj101,TRO187204260,MID,manager,,t
clapj101,TRO187204260,MID,2,1.0,t
clapj101,TRO187204270,MID,manager,,t
clapj101,TRO187204270,MID,2,1.0,t
fergb101,MID187205020,BR2,manager,,t
fergb101,MID187205020,BR2,5,5.0,t
fergb101,TRO187205030,BR2,manager,,t
fergb101,TRO187205030,BR2,5,5.0,t
woodj106,MID187205160,TRO,manager,,t
woodj106,MID187205160,TRO,4,9.0,t
allia102,TRO187205210,BR1,manager,,t
allia102,TRO187205210,BR1,3,4.0,t
hasts101,MID187205220,CL1,manager,,t
hasts101,MID187205220,CL1,4,1.0,t
hasts101,TRO187205240,CL1,manager,,t
hasts101,TRO187205240,CL1,2,1.0,t
wrigh101,TRO187205290,BS1,manager,,t
wrigh101,TRO187205290,BS1,8,9.0,t
cravb101,TRO187206030,BL1,manager,,t
cravb101,TRO187206030,BL1,2,2.0,t
peard102,TRO187206060,NY2,manager,,t
peard102,TRO187206060,NY2,6,8.0,t
hatfj101,TRO187206170,NY2,manager,,t
hatfj101,TRO187206170,NY2,4,2.0,t
hatfj101,TRO187206200,NY2,manager,,t
hatfj101,TRO187206200,NY2,4,2.0,t
allia102,MID187206210,BR1,manager,,t
allia102,MID187206210,BR1,3,4.0,t
mcbrd101,TRO187206240,PH1,manager,,t
mcbrd101,TRO187206240,PH1,1,,t
mcbrd101,TRO187206240,PH1,1,2.0,t
wrigh101,MID187207030,BS1,manager,,t
wrigh101,MID187207030,BS1,8,9.0,t
wrigh101,MID187207040,BS1,manager,,t
wrigh101,MID187207040,BS1,8,9.0,t
cravb101,TRO187207040,BL1,manager,,t
cravb101,TRO187207040,BL1,9,9.0,t
woodj106,MID187207230,TRO,manager,,t
woodj106,MID187207230,TRO,4,5.0,t
hatfj101,MID187207270,NY2,manager,,t
hatfj101,MID187207270,NY2,4,2.0,t
fergb101,MID187208090,BR2,manager,,t
fergb101,MID187208090,BR2,5,4.0,t
woodj106,TRO187204260,TRO,manager,,t
woodj106,TRO187204260,TRO,4,9.0,t
woodj106,TRO187204270,TRO,manager,,t
woodj106,TRO187204270,TRO,4,9.0,t
clapj101,MID187205020,MID,manager,,t
clapj101,MID187205020,MID,2,1.0,t
woodj106,TRO187205030,TRO,manager,,t
woodj106,TRO187205030,TRO,4,9.0,t
clapj101,MID187205160,MID,manager,,t
clapj101,MID187205160,MID,2,1.0,t
woodj106,TRO187205210,TRO,manager,,t
woodj106,TRO187205210,TRO,4,9.0,t
clapj101,MID187205220,MID,manager,,t
clapj101,MID187205220,MID,2,1.0,t
woodj106,TRO187205240,TRO,manager,,t
woodj106,TRO187205240,TRO,4,9.0,t
woodj106,TRO187205290,TRO,manager,,t
woodj106,TRO187205290,TRO,4,9.0,t
woodj106,TRO187206030,TRO,manager,,t
woodj106,TRO187206030,TRO,4,6.0,t
woodj106,TRO187206060,TRO,manager,,t
woodj106,TRO187206060,TRO,4,5.0,t
woodj106,TRO187206170,TRO,manager,,t
woodj106,TRO187206170,TRO,4,5.0,t
woodj106,TRO187206200,TRO,manager,,t
woodj106,TRO187206200,TRO,4,5.0,t
clapj101,MID187206210,MID,manager,,t
clapj101,MID187206210,MID,2,1.0,t
woodj106,TRO187206240,TRO,manager,,t
woodj106,TRO187206240,TRO,4,5.0,t
clapj101,MID187207030,MID,manager,,t
clapj101,MID187207040,MID,manager,,t
woodj106,TRO187207040,TRO,manager,,t
woodj106,TRO187207040,TRO,4,5.0,t
clapj101,MID187207230,MID,manager,,t
clapj101,MID187207270,MID,manager,,t
clapj101,MID187207270,MID,2,1.0,t
clapj101,MID187208090,MID,manager,,t
clapj101,MID187208090,MID,2,1.0,t
bentc101,TRO187204260,MID,1,,t
bentc101,TRO187204260,MID,1,3.0,t
bentc101,TRO187204270,MID,1,,t
bentc101,TRO187204270,MID,1,3.0,t
britj103,MID187205020,BR2,1,,t
britj103,MID187205020,BR2,1,6.0,t
britj103,TRO187205030,BR2,1,,t
britj103,TRO187205030,BR2,1,6.0,t
zettg101,MID187205160,TRO,1,,t
zettg101,MID187205160,TRO,1,8.0,t
mcdej101,TRO187205210,BR1,1,,t
mcdej101,TRO187205210,BR1,1,2.0,t
woltr101,MID187205220,CL1,1,,t
woltr101,MID187205220,CL1,1,5.0,t
woltr101,TRO187205240,CL1,1,,t
woltr101,TRO187205240,CL1,1,5.0,t
spala101,TRO187205290,BS1,1,,t
spala101,TRO187205290,BS1,1,5.0,t
mathb101,TRO187206030,BL1,1,,t
mathb101,TRO187206030,BL1,1,9.0,t
cummc101,TRO187206060,NY2,1,,t
cummc101,TRO187206060,NY2,1,9.0,t
cummc101,TRO187206170,NY2,1,,t
cummc101,TRO187206170,NY2,1,9.0,t
cummc101,TRO187206200,NY2,1,,t
cummc101,TRO187206200,NY2,1,9.0,t
malom101,MID187206210,BR1,1,,t
malom101,MID187206210,BR1,1,6.0,t
spala101,MID187207030,BS1,1,,t
spala101,MID187207030,BS1,1,5.0,t
spala101,MID187207040,BS1,1,,t
spala101,MID187207040,BS1,1,5.0,t
fishc102,TRO187207040,BL1,1,,t
fishc102,TRO187207040,BL1,1,5.0,t
zettg101,MID187207230,TRO,1,,t
zettg101,MID187207230,TRO,1,9.0,t
cummc101,MID187207270,NY2,1,,t
cummc101,MID187207270,NY2,1,9.0,t
britj103,MID187208090,BR2,1,,t
britj103,MID187208090,BR2,1,6.0,t
zettg101,TRO187204260,TRO,1,,t
zettg101,TRO187204260,TRO,1,8.0,t
zettg101,TRO187204270,TRO,1,,t
zettg101,TRO187204270,TRO,1,8.0,t
buttf101,MID187205020,MID,1,,t
buttf101,MID187205020,MID,1,2.0,t
zettg101,TRO187205030,TRO,1,,t
zettg101,TRO187205030,TRO,1,8.0,t
bentc101,MID187205160,MID,1,,t
bentc101,MID187205160,MID,1,3.0,t
zettg101,TRO187205210,TRO,1,,t
zettg101,TRO187205210,TRO,1,8.0,t
bentc101,MID187205220,MID,1,,t
bentc101,MID187205220,MID,1,3.0,t
zettg101,TRO187205240,TRO,1,,t
zettg101,TRO187205240,TRO,1,8.0,t
zettg101,TRO187205290,TRO,1,,t
zettg101,TRO187205290,TRO,1,8.0,t
zettg101,TRO187206030,TRO,1,,t
zettg101,TRO187206030,TRO,1,9.0,t
zettg101,TRO187206060,TRO,1,,t
zettg101,TRO187206060,TRO,1,9.0,t
martp104,TRO187206170,TRO,1,,t
martp104,TRO187206170,TRO,1,8.0,t
zettg101,TRO187206200,TRO,1,,t
zettg101,TRO187206200,TRO,1,9.0,t
buttf101,MID187206210,MID,1,,t
buttf101,MID187206210,MID,1,2.0,t
zettg101,TRO187206240,TRO,1,,t
zettg101,TRO187206240,TRO,1,9.0,t
buttf101,MID187207030,MID,1,,t
buttf101,MID187207030,MID,1,2.0,t
buttf101,MID187207040,MID,1,,t
buttf101,MID187207040,MID,1,2.0,t
zettg101,TRO187207040,TRO,1,,t
zettg101,TRO187207040,TRO,1,9.0,t
bentc101,MID187207230,MID,1,,t
bentc101,MID187207230,MID,1,3.0,t
bentc101,MID187207270,MID,1,,t
bentc101,MID187207270,MID,1,3.0,t
bentc101,MID187208090,MID,1,,t
bentc101,MID187208090,MID,1,3.0,t
remsj101,MID187205020,BR2,8,1.0,t
remsj101,TRO187205030,BR2,8,1.0,t
forcd101,MID187205160,TRO,5,1.0,t
huntd101,TRO187205210,BR1,9,1.0,t
wrigg101,TRO187205290,BS1,6,1.0,t
radcj101,TRO187206030,BL1,6,1.0,t
eggld101,TRO187206060,NY2,8,1.0,t
eggld101,TRO187206170,NY2,8,1.0,t
eggld101,TRO187206200,NY2,8,1.0,t
huntd101,MID187206210,BR1,4,1.0,t
cuthn101,TRO187206240,PH1,7,1.0,t
wrigg101,MID187207030,BS1,6,1.0,t
wrigg101,MID187207040,BS1,6,1.0,t
radcj101,TRO187207040,BL1,6,1.0,t
forcd101,MID187207230,TRO,5,1.0,t
eggld101,MID187207270,NY2,8,1.0,t
remsj101,MID187208090,BR2,8,1.0,t
forcd101,TRO187204260,TRO,6,1.0,t
forcd101,TRO187204270,TRO,6,1.0,t
forcd101,TRO187205030,TRO,6,1.0,t
forcd101,TRO187205210,TRO,5,1.0,t
forcd101,TRO187205240,TRO,5,1.0,t
forcd101,TRO187205290,TRO,5,1.0,t
forcd101,TRO187206030,TRO,5,1.0,t
forcd101,TRO187206060,TRO,5,1.0,t
forcd101,TRO187206170,TRO,5,1.0,t
forcd101,TRO187206200,TRO,5,1.0,t
forcd101,TRO187206240,TRO,5,1.0,t
alleh102,MID187207030,MID,6,1.0,t
boote101,MID187207040,MID,4,1.0,t
forcd101,TRO187207040,TRO,5,1.0,t
boote101,MID187207230,MID,4,1.0,t
buttf101,TRO187204260,MID,5,2.0,t
buttf101,TRO187204270,MID,5,2.0,t
burdj101,MID187205020,BR2,6,2.0,t
burdj101,TRO187205030,BR2,6,2.0,t
mcatb101,MID187205160,TRO,3,2.0,t
sutte101,MID187205220,CL1,5,2.0,t
sutte101,TRO187205240,CL1,5,2.0,t
barnr102,TRO187205290,BS1,4,2.0,t
hatfj101,TRO187206060,NY2,4,2.0,t
clinj101,MID187206210,BR1,8,2.0,t
barnr102,MID187207030,BS1,4,2.0,t
barnr102,MID187207040,BS1,4,2.0,t
highd101,TRO187207040,BL1,2,2.0,t
allid101,MID187207230,TRO,2,2.0,t
burdj101,MID187208090,BR2,6,2.0,t
mcatb101,TRO187204260,TRO,3,2.0,t
mcatb101,TRO187204270,TRO,3,2.0,t
mcatb101,TRO187205030,TRO,3,2.0,t
buttf101,MID187205160,MID,5,2.0,t
mcatb101,TRO187205210,TRO,3,2.0,t
buttf101,MID187205220,MID,9,2.0,t
mcatb101,TRO187205240,TRO,3,2.0,t
mcatb101,TRO187205290,TRO,3,2.0,t
allid101,TRO187206030,TRO,2,2.0,t
allid101,TRO187206060,TRO,2,2.0,t
allid101,TRO187206170,TRO,2,2.0,t
allid101,TRO187206200,TRO,2,2.0,t
allid101,TRO187206240,TRO,2,2.0,t
allid101,TRO187207040,TRO,2,2.0,t
buttf101,MID187207230,MID,9,2.0,t
buttf101,MID187207270,MID,9,2.0,t
braia102,MID187208090,MID,4,2.0,t
barlt101,MID187205020,BR2,2,3.0,t
barlt101,TRO187205030,BR2,2,3.0,t
allid101,MID187205160,TRO,2,3.0,t
clinj101,TRO187205210,BR1,4,3.0,t
carlj102,MID187205220,CL1,3,3.0,t
simmj101,TRO187205240,CL1,3,3.0,t
leona101,TRO187205290,BS1,7,3.0,t
highd101,TRO187206030,BL1,9,3.0,t
starj101,TRO187206060,NY2,3,3.0,t
starj101,TRO187206170,NY2,3,3.0,t
starj101,TRO187206200,NY2,3,3.0,t
snydj104,MID187206210,BR1,6,3.0,t
meyel102,TRO187206240,PH1,9,3.0,t
leona101,MID187207030,BS1,7,3.0,t
leona101,MID187207040,BS1,7,3.0,t
pikel101,TRO187207040,BL1,5,3.0,t
kings101,MID187207230,TRO,7,3.0,t
starj101,MID187207270,NY2,3,3.0,t
barlt101,MID187208090,BR2,2,3.0,t
allid101,TRO187204260,TRO,2,3.0,t
gednc101,TRO187204270,TRO,8,3.0,t
fielg101,MID187205020,MID,6,3.0,t
allid101,TRO187205030,TRO,2,3.0,t
allid101,TRO187205210,TRO,6,3.0,t
allid101,TRO187205240,TRO,2,3.0,t
allid101,TRO187205290,TRO,2,3.0,t
kings101,TRO187206030,TRO,7,3.0,t
kings101,TRO187206060,TRO,7,3.0,t
kings101,TRO187206170,TRO,7,3.0,t
kings101,TRO187206200,TRO,7,3.0,t
bentc101,MID187206210,MID,9,3.0,t
kings101,TRO187206240,TRO,7,3.0,t
bentc101,MID187207030,MID,9,3.0,t
bentc101,MID187207040,MID,9,3.0,t
kings101,TRO187207040,TRO,7,3.0,t
murnt101,TRO187204260,MID,3,4.0,t
murnt101,TRO187204270,MID,3,4.0,t
dehlh101,MID187205020,BR2,3,4.0,t
dehlh101,TRO187205030,BR2,3,4.0,t
kings101,MID187205160,TRO,7,4.0,t
whitd102,MID187205220,CL1,2,4.0,t
whitd102,TRO187205240,CL1,4,4.0,t
mcvec101,TRO187205290,BS1,2,4.0,t
yorkt101,TRO187206030,BL1,7,4.0,t
bechg101,TRO187206060,NY2,7,4.0,t
bechg101,TRO187206170,NY2,9,4.0,t
bechg101,TRO187206200,NY2,9,4.0,t
malof101,TRO187206240,PH1,2,4.0,t
mcvec101,MID187207030,BS1,9,4.0,t
mcvec101,MID187207040,BS1,2,4.0,t
yorkt101,TRO187207040,BL1,7,4.0,t
mcatb101,MID187207230,TRO,3,4.0,t
peard102,MID187207270,NY2,9,4.0,t
kings101,TRO187204260,TRO,7,4.0,t
kings101,TRO187204270,TRO,7,4.0,t
murnt101,MID187205020,MID,3,4.0,t
kings101,TRO187205030,TRO,7,4.0,t
murnt101,MID187205160,MID,3,4.0,t
kings101,TRO187205210,TRO,7,4.0,t
murnt101,MID187205220,MID,3,4.0,t
kings101,TRO187205240,TRO,7,4.0,t
kings101,TRO187205290,TRO,7,4.0,t
mcatb101,TRO187206030,TRO,3,4.0,t
mcatb101,TRO187206060,TRO,3,4.0,t
mcatb101,TRO187206170,TRO,3,4.0,t
mcatb101,TRO187206200,TRO,3,4.0,t
murnt101,MID187206210,MID,3,4.0,t
mcatb101,TRO187206240,TRO,3,4.0,t
murnt101,MID187207030,MID,3,4.0,t
murnt101,MID187207040,MID,3,4.0,t
mcatb101,TRO187207040,TRO,3,4.0,t
murnt101,MID187207230,MID,3,4.0,t
murnt101,MID187207270,MID,3,4.0,t
murnt101,MID187208090,MID,3,4.0,t
boote101,TRO187204260,MID,4,5.0,t
boote101,TRO187204270,MID,4,5.0,t
bells101,MID187205160,TRO,6,5.0,t
snydj101,TRO187205210,BR1,7,5.0,t
fishc102,TRO187206030,BL1,5,5.0,t
hickn101,TRO187206060,NY2,2,5.0,t
hickn101,TRO187206170,NY2,2,5.0,t
hickn101,TRO187206200,NY2,2,5.0,t
fleef101,MID187206210,BR1,5,5.0,t
fislw101,TRO187206240,PH1,4,5.0,t
hickn101,MID187207270,NY2,2,5.0,t
dehlh101,MID187208090,BR2,3,5.0,t
bells101,TRO187204260,TRO,5,5.0,t
bells101,TRO187204270,TRO,5,5.0,t
boote101,MID187205020,MID,4,5.0,t
bells101,TRO187205030,TRO,5,5.0,t
boote101,MID187205160,MID,4,5.0,t
bells101,TRO187205210,TRO,8,5.0,t
boote101,MID187205220,MID,4,5.0,t
bells101,TRO187205240,TRO,8,5.0,t
bells101,TRO187205290,TRO,8,5.0,t
hodec101,TRO187206030,TRO,6,5.0,t
boote101,MID187206210,MID,4,5.0,t
boote101,MID187207030,MID,4,5.0,t
alleh102,MID187207040,MID,6,5.0,t
alleh102,MID187207230,MID,6,5.0,t
boote101,MID187207270,MID,4,5.0,t
boote101,MID187208090,MID,8,5.0,t
tippj101,TRO187204260,MID,7,6.0,t
tippj101,TRO187204270,MID,7,6.0,t
martp104,MID187205160,TRO,9,6.0,t
snydj104,TRO187205210,BR1,6,6.0,t
holdj101,MID187205220,CL1,6,6.0,t
holdj101,TRO187205240,CL1,6,6.0,t
goulc101,TRO187205290,BS1,3,6.0,t
pikel101,TRO187206030,BL1,4,6.0,t
boydb101,TRO187206060,NY2,5,6.0,t
boydb101,TRO187206170,NY2,5,6.0,t
boydb101,TRO187206200,NY2,5,6.0,t
treaf101,TRO187206240,PH1,8,6.0,t
birdd102,MID187207030,BS1,2,6.0,t
goulc101,MID187207040,BS1,3,6.0,t
caret101,TRO187207040,BL1,4,6.0,t
bells101,MID187207230,TRO,6,6.0,t
boydb101,MID187207270,NY2,5,6.0,t
martp104,TRO187204260,TRO,9,6.0,t
martp104,TRO187204270,TRO,9,6.0,t
tippj101,MID187205020,MID,5,6.0,t
martp104,TRO187205030,TRO,9,6.0,t
tippj101,MID187205160,MID,7,6.0,t
martp104,TRO187205210,TRO,9,6.0,t
tippj101,MID187205220,MID,5,6.0,t
martp104,TRO187205240,TRO,9,6.0,t
martp104,TRO187205290,TRO,9,6.0,t
bells101,TRO187206060,TRO,6,6.0,t
bells101,TRO187206170,TRO,6,6.0,t
bells101,TRO187206200,TRO,6,6.0,t
tippj101,MID187206210,MID,7,6.0,t
bells101,TRO187206240,TRO,6,6.0,t
tippj101,MID187207030,MID,7,6.0,t
tippj101,MID187207040,MID,7,6.0,t
bells101,TRO187207040,TRO,6,6.0,t
tippj101,MID187207230,MID,7,6.0,t
tippj101,MID187207270,MID,7,6.0,t
tippj101,MID187208090,MID,7,6.0,t
orouj103,TRO187204260,MID,6,7.0,t
orouj103,TRO187204270,MID,6,7.0,t
kennj102,MID187205020,BR2,4,7.0,t
kennj102,TRO187205030,BR2,4,7.0,t
hodec101,MID187205160,TRO,8,7.0,t
allib102,TRO187205210,BR1,8,7.0,t
prata101,MID187205220,CL1,9,7.0,t
prata101,TRO187205240,CL1,9,7.0,t
schah101,TRO187205290,BS1,5,7.0,t
mille105,TRO187206030,BL1,3,7.0,t
mcmuj101,TRO187206060,NY2,9,7.0,t
mcmuj101,TRO187206170,NY2,7,7.0,t
mcmuj101,TRO187206200,NY2,7,7.0,t
snydj101,MID187206210,BR1,7,7.0,t
ansoc101,TRO187206240,PH1,5,7.0,t
schah101,MID187207030,BS1,5,7.0,t
schah101,MID187207040,BS1,5,7.0,t
mille105,TRO187207040,BL1,3,7.0,t
gednc101,MID187207230,TRO,8,7.0,t
mcmuj101,MID187207270,NY2,7,7.0,t
beave101,MID187208090,BR2,4,7.0,t
hodec101,TRO187204260,TRO,8,7.0,t
hodec101,TRO187204270,TRO,2,7.0,t
arnob101,MID187205020,MID,9,7.0,t
hodec101,TRO187205030,TRO,8,7.0,t
orouj103,MID187205160,MID,6,7.0,t
hodec101,TRO187205210,TRO,2,7.0,t
orouj103,MID187205220,MID,6,7.0,t
hodec101,TRO187205240,TRO,6,7.0,t
hodec101,TRO187205290,TRO,6,7.0,t
bells101,TRO187206030,TRO,8,7.0,t
kingm101,TRO187206060,TRO,8,7.0,t
kingm101,TRO187206170,TRO,8,7.0,t
nelsc101,TRO187206200,TRO,8,7.0,t
orouj103,MID187206210,MID,6,7.0,t
nelsc101,TRO187206240,TRO,8,7.0,t
orouj103,MID187207030,MID,2,7.0,t
orouj103,MID187207040,MID,2,7.0,t
gednc101,TRO187207040,TRO,8,7.0,t
orouj103,MID187207230,MID,2,7.0,t
orouj103,MID187207270,MID,6,7.0,t
orouj103,MID187208090,MID,5,7.0,t
mccaf101,TRO187204260,MID,8,8.0,t
mccaf101,TRO187204270,MID,8,8.0,t
jacks101,MID187205020,BR2,7,8.0,t
jacks101,TRO187205030,BR2,7,8.0,t
fleef101,TRO187205210,BR1,5,8.0,t
allia101,MID187205220,CL1,8,8.0,t
allia101,TRO187205240,CL1,8,8.0,t
rogef101,TRO187205290,BS1,9,8.0,t
hallg101,TRO187206030,BL1,8,8.0,t
peard102,TRO187206170,NY2,6,8.0,t
peard102,TRO187206200,NY2,6,8.0,t
fletg101,MID187206210,BR1,9,8.0,t
mcgem101,TRO187206240,PH1,6,8.0,t
rogef101,MID187207030,BS1,3,8.0,t
rogef101,MID187207040,BS1,9,8.0,t
hallg101,TRO187207040,BL1,8,8.0,t
martp104,MID187207230,TRO,9,8.0,t
fulmc102,MID187207270,NY2,6,8.0,t
thaka101,MID187208090,BR2,7,8.0,t
mccaf101,MID187205020,MID,8,8.0,t
mccaf101,MID187205160,MID,8,8.0,t
mccaf101,MID187205220,MID,8,8.0,t
martp104,TRO187206030,TRO,9,8.0,t
martp104,TRO187206060,TRO,9,8.0,t
martp104,TRO187206200,TRO,9,8.0,t
mccaf101,MID187206210,MID,8,8.0,t
martp104,TRO187206240,TRO,9,8.0,t
mccaf101,MID187207030,MID,8,8.0,t
mccaf101,MID187207040,MID,8,8.0,t
martp104,TRO187207040,TRO,9,8.0,t
mccaf101,MID187207230,MID,8,8.0,t
alleh102,MID187207270,MID,8,8.0,t
alleh102,MID187208090,MID,6,8.0,t
arnob101,TRO187204260,MID,9,9.0,t
alleh102,TRO187204270,MID,9,9.0,t
mcdoj107,MID187205020,BR2,9,9.0,t
mcdoj107,TRO187205030,BR2,9,9.0,t
leutu101,TRO187205210,BR1,2,9.0,t
paboc101,MID187205220,CL1,7,9.0,t
paboc101,TRO187205240,CL1,7,9.0,t
bestu101,MID187206210,BR1,2,9.0,t
mackd101,TRO187206240,PH1,3,9.0,t
mcdoj107,MID187208090,BR2,9,9.0,t
alleh102,MID187205020,MID,7,9.0,t
fielg101,MID187205160,MID,9,9.0,t
fielg101,MID187205220,MID,7,9.0,t
zettg101,TRO187206170,TRO,9,9.0,t
fielg101,MID187206210,MID,5,9.0,t
fielg101,MID187207030,MID,5,9.0,t
fielg101,MID187207040,MID,5,9.0,t
fielg101,MID187207230,MID,5,9.0,t
fielg101,MID187207270,MID,5,9.0,t
fielg101,MID187208090,MID,9,9.0,t
