id,game_id,team_id,field_pos,batt_ord,start
leroi901,TRO187105090,UMP,ump_hp,,t
tighe901,TRO187105180,UMP,ump_hp,,t
tighe901,TRO187105220,UMP,ump_hp,,t
tighe901,TRO187105260,UMP,ump_hp,,t
leroi901,TRO187106120,UMP,ump_hp,,t
leroi901,TRO187106190,UMP,ump_hp,,t
tighe901,TRO187106280,UMP,ump_hp,,t
chapj102,TRO187107030,UMP,ump_hp,,t
younn801,TRO187107270,UMP,ump_hp,,t
sweac101,TRO187108030,UMP,ump_hp,,t
rogem901,TRO187109040,UMP,ump_hp,,t
bomet901,TRO187109050,UMP,ump_hp,,t
daubt901,TRO187109060,UMP,ump_hp,,t
noxoh901,TRO187109270,UMP,ump_hp,,t
hegew901,TRO187109290,UMP,ump_hp,,t
scofj901,TRO187110210,UMP,ump_hp,,t
fishc102,TRO187110230,UMP,ump_hp,,t
holls901,TRO187106280,UMP,ump_1b,,t
fellt901,TRO187110210,UMP,ump_1b,,t
wrigh101,TRO187105090,BS1,manager,,t
wrigh101,TRO187105090,BS1,8,5.0,t
fergb101,TRO187105180,NY2,manager,,t
fergb101,TRO187105180,NY2,4,5.0,t
younn801,TRO187105220,WS3,manager,,t
hasts101,TRO187105260,RC1,manager,,t
hasts101,TRO187105260,RC1,2,4.0,t
paboc101,TRO187106120,CL1,manager,,t
paboc101,TRO187106120,CL1,7,3.0,t
lennb101,TRO187106190,FW1,manager,,t
lennb101,TRO187106190,FW1,2,5.0,t
mcbrd101,TRO187106280,PH1,manager,,t
mcbrd101,TRO187106280,PH1,1,,t
mcbrd101,TRO187106280,PH1,1,2.0,t
fergb101,TRO187107030,NY2,manager,,t
fergb101,TRO187107030,NY2,5,5.0,t
younn801,TRO187107270,WS3,manager,,t
wrigh101,TRO187108030,BS1,manager,,t
wrigh101,TRO187108030,BS1,8,5.0,t
paboc101,TRO187109040,CL1,manager,,t
paboc101,TRO187109040,CL1,7,2.0,t
hasts101,TRO187109050,RC1,manager,,t
hasts101,TRO187109050,RC1,2,4.0,t
hasts101,TRO187109060,RC1,manager,,t
hasts101,TRO187109060,RC1,2,4.0,t
younn801,TRO187109270,WS3,manager,,t
younn801,TRO187109290,WS3,manager,,t
woodj106,TRO187110210,CH1,manager,,t
woodj106,TRO187110210,CH1,4,2.0,t
woodj106,TRO187110230,CH1,manager,,t
woodj106,TRO187110230,CH1,4,2.0,t
pikel101,TRO187105090,TRO,manager,,t
pikel101,TRO187105090,TRO,3,8.0,t
pikel101,TRO187105180,TRO,manager,,t
pikel101,TRO187105180,TRO,3,8.0,t
pikel101,TRO187105220,TRO,manager,,t
pikel101,TRO187105220,TRO,3,8.0,t
cravb101,TRO187105260,TRO,manager,,t
cravb101,TRO187105260,TRO,2,9.0,t
cravb101,TRO187106120,TRO,manager,,t
cravb101,TRO187106120,TRO,3,9.0,t
cravb101,TRO187106190,TRO,manager,,t
cravb101,TRO187106190,TRO,4,9.0,t
cravb101,TRO187106280,TRO,manager,,t
cravb101,TRO187106280,TRO,4,9.0,t
cravb101,TRO187107030,TRO,manager,,t
cravb101,TRO187107030,TRO,4,9.0,t
cravb101,TRO187107270,TRO,manager,,t
cravb101,TRO187107270,TRO,4,9.0,t
cravb101,TRO187108030,TRO,manager,,t
cravb101,TRO187108030,TRO,4,9.0,t
cravb101,TRO187109040,TRO,manager,,t
cravb101,TRO187109040,TRO,4,9.0,t
cravb101,TRO187109050,TRO,manager,,t
cravb101,TRO187109050,TRO,9,9.0,t
cravb101,TRO187109060,TRO,manager,,t
cravb101,TRO187109060,TRO,4,9.0,t
cravb101,TRO187109270,TRO,manager,,t
cravb101,TRO187109270,TRO,4,9.0,t
cravb101,TRO187109290,TRO,manager,,t
cravb101,TRO187109290,TRO,4,9.0,t
cravb101,TRO187110210,TRO,manager,,t
cravb101,TRO187110230,TRO,manager,,t
spala101,TRO187105090,BS1,1,,t
spala101,TRO187105090,BS1,1,9.0,t
woltr101,TRO187105180,NY2,1,,t
woltr101,TRO187105180,NY2,1,8.0,t
braia102,TRO187105220,WS3,1,,t
braia102,TRO187105220,WS3,1,7.0,t
fishc102,TRO187105260,RC1,1,,t
fishc102,TRO187105260,RC1,1,3.0,t
prata101,TRO187106120,CL1,1,,t
prata101,TRO187106120,CL1,1,6.0,t
mathb101,TRO187106190,FW1,1,,t
mathb101,TRO187106190,FW1,1,2.0,t
woltr101,TRO187107030,NY2,1,,t
woltr101,TRO187107030,NY2,1,8.0,t
braia102,TRO187107270,WS3,1,,t
braia102,TRO187107270,WS3,1,7.0,t
spala101,TRO187108030,BS1,1,,t
spala101,TRO187108030,BS1,1,9.0,t
prata101,TRO187109040,CL1,1,,t
prata101,TRO187109040,CL1,1,8.0,t
fishc102,TRO187109050,RC1,1,,t
fishc102,TRO187109050,RC1,1,3.0,t
fishc102,TRO187109060,RC1,1,,t
fishc102,TRO187109060,RC1,1,3.0,t
braia102,TRO187109270,WS3,1,,t
braia102,TRO187109270,WS3,1,4.0,t
braia102,TRO187109290,WS3,1,,t
braia102,TRO187109290,WS3,1,4.0,t
zettg101,TRO187110210,CH1,1,,t
zettg101,TRO187110210,CH1,1,9.0,t
zettg101,TRO187110230,CH1,1,,t
zettg101,TRO187110230,CH1,1,9.0,t
mcmuj101,TRO187105090,TRO,1,,t
mcmuj101,TRO187105090,TRO,1,4.0,t
mcmuj101,TRO187105180,TRO,1,,t
mcmuj101,TRO187105180,TRO,1,4.0,t
mcmuj101,TRO187105220,TRO,1,,t
mcmuj101,TRO187105220,TRO,1,4.0,t
mcmuj101,TRO187105260,TRO,1,,t
mcmuj101,TRO187105260,TRO,1,4.0,t
mcmuj101,TRO187106120,TRO,1,,t
mcmuj101,TRO187106120,TRO,1,6.0,t
mcmuj101,TRO187106190,TRO,1,,t
mcmuj101,TRO187106190,TRO,1,6.0,t
mcmuj101,TRO187106280,TRO,1,,t
mcmuj101,TRO187106280,TRO,1,6.0,t
mcmuj101,TRO187107030,TRO,1,,t
mcmuj101,TRO187107030,TRO,1,6.0,t
mcmuj101,TRO187107270,TRO,1,,t
mcmuj101,TRO187107270,TRO,1,6.0,t
mcmuj101,TRO187108030,TRO,1,,t
mcmuj101,TRO187108030,TRO,1,6.0,t
mcmuj101,TRO187109040,TRO,1,,t
mcmuj101,TRO187109040,TRO,1,6.0,t
mcmuj101,TRO187109050,TRO,1,,t
mcmuj101,TRO187109050,TRO,1,6.0,t
mcmuj101,TRO187109060,TRO,1,,t
mcmuj101,TRO187109060,TRO,1,6.0,t
mcmuj101,TRO187109270,TRO,1,,t
mcmuj101,TRO187109270,TRO,1,6.0,t
mcmuj101,TRO187109290,TRO,1,,t
mcmuj101,TRO187109290,TRO,1,6.0,t
mcmuj101,TRO187110210,TRO,1,,t
mcmuj101,TRO187110210,TRO,1,6.0,t
mcmuj101,TRO187110230,TRO,1,,t
mcmuj101,TRO187110230,TRO,1,6.0,t
wrigg101,TRO187105090,BS1,6,1.0,t
peard102,TRO187105180,NY2,6,1.0,t
watef102,TRO187105220,WS3,5,1.0,t
mackd101,TRO187105260,RC1,3,1.0,t
whitd102,TRO187106120,CL1,2,1.0,t
selmf101,TRO187106190,FW1,5,1.0,t
cuthn101,TRO187106280,PH1,7,1.0,t
peard102,TRO187107030,NY2,6,1.0,t
watef102,TRO187107270,WS3,5,1.0,t
wrigg101,TRO187108030,BS1,6,1.0,t
whitd102,TRO187109040,CL1,2,1.0,t
mackd101,TRO187109050,RC1,3,1.0,t
mackd101,TRO187109060,RC1,3,1.0,t
forcd101,TRO187109270,WS3,6,1.0,t
forcd101,TRO187109290,WS3,6,1.0,t
mcatb101,TRO187110210,CH1,3,1.0,t
mcatb101,TRO187110230,CH1,3,1.0,t
flync101,TRO187105090,TRO,9,1.0,t
flync101,TRO187105180,TRO,4,1.0,t
flync101,TRO187105220,TRO,9,1.0,t
mcgem101,TRO187105260,TRO,6,1.0,t
mcgem101,TRO187106120,TRO,2,1.0,t
mcgem101,TRO187106190,TRO,2,1.0,t
mcgem101,TRO187106280,TRO,2,1.0,t
mcgem101,TRO187107030,TRO,2,1.0,t
mcgem101,TRO187107270,TRO,2,1.0,t
mcgem101,TRO187108030,TRO,2,1.0,t
mcgem101,TRO187109040,TRO,2,1.0,t
mcgem101,TRO187109050,TRO,2,1.0,t
mcgem101,TRO187109060,TRO,2,1.0,t
mcgem101,TRO187109270,TRO,2,1.0,t
mcgem101,TRO187109290,TRO,2,1.0,t
mcgem101,TRO187110210,TRO,2,1.0,t
mcgem101,TRO187110230,TRO,2,1.0,t
barnr102,TRO187105090,BS1,4,2.0,t
smitc106,TRO187105180,NY2,5,2.0,t
forcd101,TRO187105220,WS3,6,2.0,t
addyb101,TRO187105260,RC1,4,2.0,t
allia101,TRO187106120,CL1,8,2.0,t
highd101,TRO187107030,NY2,4,2.0,t
forcd101,TRO187107270,WS3,6,2.0,t
barnr102,TRO187108030,BS1,4,2.0,t
ansoc101,TRO187109050,RC1,5,2.0,t
ansoc101,TRO187109060,RC1,5,2.0,t
leona101,TRO187109270,WS3,7,2.0,t
leona101,TRO187109290,WS3,7,2.0,t
mcgem101,TRO187105090,TRO,2,2.0,t
mcgem101,TRO187105180,TRO,2,2.0,t
mcgem101,TRO187105220,TRO,2,2.0,t
yorkt101,TRO187105260,TRO,8,2.0,t
yorkt101,TRO187106120,TRO,8,2.0,t
yorkt101,TRO187106190,TRO,8,2.0,t
yorkt101,TRO187106280,TRO,8,2.0,t
yorkt101,TRO187107030,TRO,8,2.0,t
yorkt101,TRO187107270,TRO,8,2.0,t
yorkt101,TRO187108030,TRO,8,2.0,t
yorkt101,TRO187109040,TRO,8,2.0,t
yorkt101,TRO187109050,TRO,8,2.0,t
yorkt101,TRO187109060,TRO,8,2.0,t
yorkt101,TRO187109270,TRO,8,2.0,t
yorkt101,TRO187109290,TRO,8,2.0,t
yorkt101,TRO187110210,TRO,8,2.0,t
yorkt101,TRO187110230,TRO,8,2.0,t
birdd102,TRO187105090,BS1,9,3.0,t
starj101,TRO187105180,NY2,3,3.0,t
mille105,TRO187105220,WS3,3,3.0,t
foraj101,TRO187106190,FW1,3,3.0,t
radcj101,TRO187106280,PH1,6,3.0,t
starj101,TRO187107030,NY2,3,3.0,t
mille105,TRO187107270,WS3,3,3.0,t
birdd102,TRO187108030,BS1,9,3.0,t
allia101,TRO187109040,CL1,8,3.0,t
watef102,TRO187109270,WS3,5,3.0,t
watef102,TRO187109290,WS3,5,3.0,t
treaf101,TRO187110210,CH1,7,3.0,t
treaf101,TRO187110230,CH1,7,3.0,t
yorkt101,TRO187105090,TRO,8,3.0,t
yorkt101,TRO187105180,TRO,8,3.0,t
yorkt101,TRO187105220,TRO,8,3.0,t
flync101,TRO187105260,TRO,9,3.0,t
flowd101,TRO187106120,TRO,6,3.0,t
flowd101,TRO187106190,TRO,6,3.0,t
flowd101,TRO187106280,TRO,6,3.0,t
flowd101,TRO187107030,TRO,6,3.0,t
flowd101,TRO187107270,TRO,6,3.0,t
flowd101,TRO187108030,TRO,6,3.0,t
flowd101,TRO187109040,TRO,6,3.0,t
flowd101,TRO187109050,TRO,6,3.0,t
connn101,TRO187109060,TRO,3,3.0,t
flowd101,TRO187109270,TRO,6,3.0,t
flowd101,TRO187109290,TRO,6,3.0,t
flowd101,TRO187110210,TRO,4,3.0,t
flowd101,TRO187110230,TRO,6,3.0,t
mcvec101,TRO187105090,BS1,2,4.0,t
hatfj101,TRO187105180,NY2,7,4.0,t
allid101,TRO187105220,WS3,2,4.0,t
carlj102,TRO187106120,CL1,3,4.0,t
goldw101,TRO187106190,FW1,6,4.0,t
malof101,TRO187106280,PH1,2,4.0,t
hatfj101,TRO187107030,NY2,7,4.0,t
allid101,TRO187107270,WS3,2,4.0,t
mcvec101,TRO187108030,BS1,2,4.0,t
carlj102,TRO187109040,CL1,3,4.0,t
duffe101,TRO187110210,CH1,6,4.0,t
duffe101,TRO187110230,CH1,6,4.0,t
flync101,TRO187106120,TRO,9,4.0,t
flync101,TRO187106190,TRO,3,4.0,t
flync101,TRO187106280,TRO,3,4.0,t
flync101,TRO187107030,TRO,3,4.0,t
flync101,TRO187107270,TRO,3,4.0,t
flync101,TRO187108030,TRO,3,4.0,t
flync101,TRO187109040,TRO,3,4.0,t
flync101,TRO187109050,TRO,3,4.0,t
flync101,TRO187109060,TRO,5,4.0,t
flync101,TRO187109270,TRO,3,4.0,t
flync101,TRO187109290,TRO,3,4.0,t
flync101,TRO187110210,TRO,3,4.0,t
flync101,TRO187110230,TRO,3,4.0,t
glenj102,TRO187105220,WS3,9,5.0,t
stirg101,TRO187105260,RC1,9,5.0,t
kimbg101,TRO187106120,CL1,4,5.0,t
fislw101,TRO187106280,PH1,3,5.0,t
glenj102,TRO187107270,WS3,9,5.0,t
sutte101,TRO187109040,CL1,5,5.0,t
addyb101,TRO187109050,RC1,4,5.0,t
addyb101,TRO187109060,RC1,4,5.0,t
mille105,TRO187109270,WS3,3,5.0,t
mille105,TRO187109290,WS3,3,5.0,t
simmj101,TRO187110210,CH1,9,5.0,t
simmj101,TRO187110230,CH1,9,5.0,t
kings101,TRO187105090,TRO,7,5.0,t
kings101,TRO187105180,TRO,7,5.0,t
kings101,TRO187105220,TRO,7,5.0,t
kings101,TRO187105260,TRO,7,5.0,t
kings101,TRO187106120,TRO,7,5.0,t
kings101,TRO187106190,TRO,7,5.0,t
kings101,TRO187106280,TRO,7,5.0,t
kings101,TRO187107030,TRO,7,5.0,t
kings101,TRO187107270,TRO,7,5.0,t
kings101,TRO187108030,TRO,7,5.0,t
kings101,TRO187109040,TRO,7,5.0,t
kings101,TRO187109050,TRO,7,5.0,t
kings101,TRO187109060,TRO,7,5.0,t
kings101,TRO187109270,TRO,7,5.0,t
kings101,TRO187109290,TRO,7,5.0,t
kings101,TRO187110210,TRO,7,5.0,t
kings101,TRO187110230,TRO,7,5.0,t
goulc101,TRO187105090,BS1,3,6.0,t
millc104,TRO187105180,NY2,2,6.0,t
leona101,TRO187105220,WS3,4,6.0,t
ham-r101,TRO187105260,RC1,6,6.0,t
caret101,TRO187106190,FW1,4,6.0,t
reaca101,TRO187106280,PH1,4,6.0,t
millc104,TRO187107030,NY2,2,6.0,t
leona101,TRO187107270,WS3,4,6.0,t
goulc101,TRO187108030,BS1,3,6.0,t
white104,TRO187109040,CL1,9,6.0,t
stirg101,TRO187109050,RC1,9,6.0,t
stirg101,TRO187109060,RC1,9,6.0,t
allid101,TRO187109270,WS3,2,6.0,t
allid101,TRO187109290,WS3,2,6.0,t
branm102,TRO187110210,CH1,5,6.0,t
folet101,TRO187110230,CH1,8,6.0,t
beave101,TRO187105090,TRO,4,6.0,t
connn101,TRO187105180,TRO,9,6.0,t
beave101,TRO187105220,TRO,4,6.0,t
pikel101,TRO187105260,TRO,4,6.0,t
schah101,TRO187105090,BS1,5,7.0,t
eggld101,TRO187105180,NY2,8,7.0,t
ansoc101,TRO187105260,RC1,5,7.0,t
sutte101,TRO187106120,CL1,5,7.0,t
mince101,TRO187106190,FW1,7,7.0,t
sensc101,TRO187106280,PH1,8,7.0,t
eggld101,TRO187107030,NY2,8,7.0,t
schah101,TRO187108030,BS1,5,7.0,t
johnc105,TRO187109040,CL1,4,7.0,t
ham-r101,TRO187109050,RC1,7,7.0,t
ham-r101,TRO187109060,RC1,7,7.0,t
hallg101,TRO187109270,WS3,8,7.0,t
hallg101,TRO187109290,WS3,8,7.0,t
folet101,TRO187110210,CH1,8,7.0,t
branm102,TRO187110230,CH1,5,7.0,t
bells101,TRO187105090,TRO,5,7.0,t
bells101,TRO187105180,TRO,5,7.0,t
bells101,TRO187105220,TRO,5,7.0,t
bells101,TRO187105260,TRO,5,7.0,t
pikel101,TRO187106120,TRO,4,7.0,t
pikel101,TRO187106190,TRO,9,7.0,t
pikel101,TRO187106280,TRO,9,7.0,t
pikel101,TRO187107030,TRO,9,7.0,t
pikel101,TRO187107270,TRO,9,7.0,t
pikel101,TRO187108030,TRO,9,7.0,t
pikel101,TRO187109040,TRO,9,7.0,t
pikel101,TRO187109050,TRO,4,7.0,t
pikel101,TRO187109060,TRO,9,7.0,t
pikel101,TRO187109270,TRO,9,7.0,t
pikel101,TRO187109290,TRO,9,7.0,t
aberd101,TRO187110210,TRO,6,7.0,t
pikel101,TRO187110230,TRO,4,7.0,t
conef101,TRO187105090,BS1,7,8.0,t
hallg101,TRO187105220,WS3,8,8.0,t
sagep101,TRO187105260,RC1,7,8.0,t
white104,TRO187106120,CL1,9,8.0,t
donnp101,TRO187106190,FW1,9,8.0,t
meyel102,TRO187106280,PH1,5,8.0,t
hallg101,TRO187107270,WS3,8,8.0,t
conef101,TRO187108030,BS1,7,8.0,t
fulmc102,TRO187109050,RC1,6,8.0,t
fulmc102,TRO187109060,RC1,6,8.0,t
sweac101,TRO187109270,WS3,4,8.0,t
sweac101,TRO187109290,WS3,4,8.0,t
hodec101,TRO187110210,CH1,2,8.0,t
hodec101,TRO187110230,CH1,2,8.0,t
connn101,TRO187105260,TRO,3,8.0,t
bells101,TRO187106120,TRO,5,8.0,t
bells101,TRO187106190,TRO,5,8.0,t
bells101,TRO187106280,TRO,5,8.0,t
bells101,TRO187107030,TRO,5,8.0,t
bells101,TRO187107270,TRO,5,8.0,t
bells101,TRO187108030,TRO,5,8.0,t
bells101,TRO187109040,TRO,5,8.0,t
bells101,TRO187109050,TRO,5,8.0,t
bells101,TRO187109060,TRO,6,8.0,t
bells101,TRO187109270,TRO,5,8.0,t
bells101,TRO187109290,TRO,5,8.0,t
bells101,TRO187110210,TRO,5,8.0,t
bells101,TRO187110230,TRO,5,8.0,t
pattd103,TRO187105180,NY2,9,9.0,t
berth101,TRO187105220,WS3,7,9.0,t
birdg101,TRO187105260,RC1,8,9.0,t
bassj101,TRO187106120,CL1,6,9.0,t
kellb105,TRO187106190,FW1,8,9.0,t
heubg101,TRO187106280,PH1,9,9.0,t
pattd103,TRO187107030,NY2,9,9.0,t
bealt101,TRO187107270,WS3,7,9.0,t
kimbg101,TRO187109040,CL1,6,9.0,t
birdg101,TRO187109050,RC1,8,9.0,t
birdg101,TRO187109060,RC1,8,9.0,t
bealt101,TRO187109270,WS3,9,9.0,t
bealt101,TRO187109290,WS3,9,9.0,t
cravb101,TRO187105090,TRO,6,9.0,t
cravb101,TRO187105180,TRO,6,9.0,t
cravb101,TRO187105220,TRO,6,9.0,t
connn101,TRO187110210,TRO,9,9.0,t
connn101,TRO187110230,TRO,9,9.0,t
