id,game_id,team_id,field_pos,batt_ord,start
lanef901,DTN188305010,UMP,ump_hp,,t
odlia901,PHI188305010,UMP,ump_hp,,t
lanef901,DTN188305020,UMP,ump_hp,,t
odlia901,PHI188305020,UMP,ump_hp,,t
lanef901,DTN188305030,UMP,ump_hp,,t
odlia901,PHI188305030,UMP,ump_hp,,t
decks901,PHI188305040,UMP,ump_hp,,t
furlb901,BFN188305050,UMP,ump_hp,,t
lanef901,CHN188305050,UMP,ump_hp,,t
decks901,PHI188305050,UMP,ump_hp,,t
furlb901,BFN188305070,UMP,ump_hp,,t
lanef901,CHN188305070,UMP,ump_hp,,t
buffc101,PHI188305070,UMP,ump_hp,,t
furlb901,BFN188305080,UMP,ump_hp,,t
lanef901,CHN188305090,UMP,ump_hp,,t
odlia901,BFN188305110,UMP,ump_hp,,t
decks901,CHN188305110,UMP,ump_hp,,t
furlb901,DTN188305110,UMP,ump_hp,,t
odlia901,BFN188305120,UMP,ump_hp,,t
decks901,CHN188305120,UMP,ump_hp,,t
furlb901,DTN188305120,UMP,ump_hp,,t
decks901,CHN188305140,UMP,ump_hp,,t
lanef901,BFN188305150,UMP,ump_hp,,t
furlb901,CHN188305150,UMP,ump_hp,,t
odlia901,DTN188305150,UMP,ump_hp,,t
lanef901,BFN188305160,UMP,ump_hp,,t
furlb901,CHN188305160,UMP,ump_hp,,t
odlia901,DTN188305160,UMP,ump_hp,,t
lanef901,BFN188305170,UMP,ump_hp,,t
furlb901,CHN188305170,UMP,ump_hp,,t
odlia901,DTN188305170,UMP,ump_hp,,t
furlb901,DTN188305180,UMP,ump_hp,,t
lanef901,BFN188305190,UMP,ump_hp,,t
odlia901,CHN188305190,UMP,ump_hp,,t
decks901,DTN188305190,UMP,ump_hp,,t
odlia901,CHN188305220,UMP,ump_hp,,t
sulld901,CHN188305230,UMP,ump_hp,,t
decks901,DTN188305230,UMP,ump_hp,,t
decks901,BFN188305240,UMP,ump_hp,,t
furlb901,CHN188305240,UMP,ump_hp,,t
lanef901,DTN188305240,UMP,ump_hp,,t
decks901,BFN188305250,UMP,ump_hp,,t
furlb901,CHN188305250,UMP,ump_hp,,t
lanef901,DTN188305250,UMP,ump_hp,,t
furlb901,CHN188305260,UMP,ump_hp,,t
decks901,BFN188305280,UMP,ump_hp,,t
lanef901,DTN188305280,UMP,ump_hp,,t
lanef901,PHI188305301,UMP,ump_hp,,t
lanef901,PHI188305302,UMP,ump_hp,,t
burnw801,BSN188305301,UMP,ump_hp,,t
burnw801,BSN188305302,UMP,ump_hp,,t
decks901,PRO188305301,UMP,ump_hp,,t
decks901,PRO188305302,UMP,ump_hp,,t
lanef901,PHI188305310,UMP,ump_hp,,t
decks901,PRO188305310,UMP,ump_hp,,t
burnw801,BSN188306010,UMP,ump_hp,,t
lanef901,PHI188306010,UMP,ump_hp,,t
decks901,PRO188306010,UMP,ump_hp,,t
burnw801,BSN188306020,UMP,ump_hp,,t
furlb901,PHI188306020,UMP,ump_hp,,t
decks901,PRO188306020,UMP,ump_hp,,t
decks901,BSN188306040,UMP,ump_hp,,t
furlb901,PHI188306040,UMP,ump_hp,,t
burnw801,PRO188306040,UMP,ump_hp,,t
decks901,BSN188306050,UMP,ump_hp,,t
furlb901,PHI188306050,UMP,ump_hp,,t
burnw801,PRO188306050,UMP,ump_hp,,t
decks901,BSN188306060,UMP,ump_hp,,t
furlb901,PHI188306060,UMP,ump_hp,,t
burnw801,PRO188306060,UMP,ump_hp,,t
lanef901,BSN188306080,UMP,ump_hp,,t
burnw801,PHI188306080,UMP,ump_hp,,t
furlb901,PRO188306080,UMP,ump_hp,,t
lanef901,BSN188306090,UMP,ump_hp,,t
burnw801,PHI188306090,UMP,ump_hp,,t
furlb901,PRO188306090,UMP,ump_hp,,t
lanef901,BSN188306110,UMP,ump_hp,,t
burnw801,PHI188306110,UMP,ump_hp,,t
furlb901,PRO188306110,UMP,ump_hp,,t
lanef901,BSN188306120,UMP,ump_hp,,t
burnw801,PHI188306120,UMP,ump_hp,,t
furlb901,PRO188306120,UMP,ump_hp,,t
furlb901,BSN188306140,UMP,ump_hp,,t
decks901,PHI188306140,UMP,ump_hp,,t
lanef901,PRO188306140,UMP,ump_hp,,t
furlb901,BSN188306150,UMP,ump_hp,,t
decks901,PHI188306150,UMP,ump_hp,,t
lanef901,PRO188306150,UMP,ump_hp,,t
furlb901,BSN188306160,UMP,ump_hp,,t
decks901,PHI188306160,UMP,ump_hp,,t
lanef901,PRO188306160,UMP,ump_hp,,t
decks901,PHI188306180,UMP,ump_hp,,t
lanef901,PRO188306180,UMP,ump_hp,,t
lanef901,BSN188306190,UMP,ump_hp,,t
decks901,PRO188306190,UMP,ump_hp,,t
lanef901,BSN188306200,UMP,ump_hp,,t
decks901,PRO188306200,UMP,ump_hp,,t
lanef901,BSN188306210,UMP,ump_hp,,t
furlb901,BFN188306210,UMP,ump_hp,,t
decks901,PRO188306210,UMP,ump_hp,,t
lanef901,BSN188306220,UMP,ump_hp,,t
furlb901,BFN188306220,UMP,ump_hp,,t
decks901,PRO188306220,UMP,ump_hp,,t
lanef901,BSN188306230,UMP,ump_hp,,t
furlb901,BFN188306230,UMP,ump_hp,,t
decks901,PRO188306230,UMP,ump_hp,,t
decks901,BSN188306250,UMP,ump_hp,,t
furlb901,BFN188306250,UMP,ump_hp,,t
lanef901,PRO188306250,UMP,ump_hp,,t
decks901,BSN188306260,UMP,ump_hp,,t
furlb901,BFN188306260,UMP,ump_hp,,t
lanef901,PRO188306260,UMP,ump_hp,,t
burnw801,DTN188306270,UMP,ump_hp,,t
lanef901,PRO188306270,UMP,ump_hp,,t
decks901,BSN188306280,UMP,ump_hp,,t
furlb901,DTN188306280,UMP,ump_hp,,t
burnw801,CHN188306290,UMP,ump_hp,,t
furlb901,DTN188306290,UMP,ump_hp,,t
decks901,PRO188306290,UMP,ump_hp,,t
decks901,BSN188306300,UMP,ump_hp,,t
burnw801,CHN188306300,UMP,ump_hp,,t
furlb901,DTN188306300,UMP,ump_hp,,t
lanef901,PHI188306300,UMP,ump_hp,,t
decks901,BSN188307020,UMP,ump_hp,,t
burnw801,CHN188307020,UMP,ump_hp,,t
furlb901,DTN188307020,UMP,ump_hp,,t
lanef901,PHI188307020,UMP,ump_hp,,t
burnw801,CHN188307030,UMP,ump_hp,,t
decks901,PRO188307030,UMP,ump_hp,,t
furlb901,DTN188307040,UMP,ump_hp,,t
burnw801,CHN188307041,UMP,ump_hp,,t
burnw801,CHN188307042,UMP,ump_hp,,t
lanef901,PHI188307041,UMP,ump_hp,,t
lanef901,PHI188307042,UMP,ump_hp,,t
furlb901,DTN188307050,UMP,ump_hp,,t
burnw801,CHN188307060,UMP,ump_hp,,t
furlb901,DTN188307060,UMP,ump_hp,,t
lanef901,PHI188307060,UMP,ump_hp,,t
burnw801,CHN188307070,UMP,ump_hp,,t
lanef901,PHI188307070,UMP,ump_hp,,t
decks901,BFN188307090,UMP,ump_hp,,t
burnw801,DTN188307090,UMP,ump_hp,,t
decks901,BFN188307100,UMP,ump_hp,,t
furlb901,CHN188307100,UMP,ump_hp,,t
burnw801,DTN188307100,UMP,ump_hp,,t
decks901,BFN188307110,UMP,ump_hp,,t
furlb901,CHN188307110,UMP,ump_hp,,t
burnw801,DTN188307110,UMP,ump_hp,,t
decks901,BFN188307120,UMP,ump_hp,,t
furlb901,CHN188307120,UMP,ump_hp,,t
decks901,BFN188307130,UMP,ump_hp,,t
burnw801,DTN188307130,UMP,ump_hp,,t
decks901,BFN188307140,UMP,ump_hp,,t
furlb901,CHN188307140,UMP,ump_hp,,t
burnw801,DTN188307140,UMP,ump_hp,,t
decks901,BFN188307170,UMP,ump_hp,,t
furlb901,CHN188307170,UMP,ump_hp,,t
burnw801,DTN188307170,UMP,ump_hp,,t
decks901,BFN188307180,UMP,ump_hp,,t
furlb901,CHN188307180,UMP,ump_hp,,t
burnw801,DTN188307180,UMP,ump_hp,,t
decks901,BFN188307190,UMP,ump_hp,,t
furlb901,CHN188307190,UMP,ump_hp,,t
burnw801,DTN188307190,UMP,ump_hp,,t
decks901,BFN188307210,UMP,ump_hp,,t
furlb901,CHN188307210,UMP,ump_hp,,t
burnw801,DTN188307210,UMP,ump_hp,,t
smite109,BFN188307230,UMP,ump_hp,,t
furlb901,BFN188307240,UMP,ump_hp,,t
lanef901,CHN188307240,UMP,ump_hp,,t
furlb901,BFN188307250,UMP,ump_hp,,t
lanef901,CHN188307250,UMP,ump_hp,,t
decks901,DTN188307250,UMP,ump_hp,,t
furlb901,BFN188307260,UMP,ump_hp,,t
lanef901,CHN188307260,UMP,ump_hp,,t
decks901,DTN188307260,UMP,ump_hp,,t
decks901,DTN188307270,UMP,ump_hp,,t
furlb901,BFN188307280,UMP,ump_hp,,t
lanef901,CHN188307280,UMP,ump_hp,,t
decks901,DTN188307280,UMP,ump_hp,,t
furlb901,BFN188307310,UMP,ump_hp,,t
lanef901,CHN188307310,UMP,ump_hp,,t
decks901,DTN188307310,UMP,ump_hp,,t
furlb901,BFN188308010,UMP,ump_hp,,t
lanef901,CHN188308010,UMP,ump_hp,,t
decks901,DTN188308010,UMP,ump_hp,,t
furlb901,BFN188308020,UMP,ump_hp,,t
lanef901,CHN188308020,UMP,ump_hp,,t
decks901,DTN188308020,UMP,ump_hp,,t
furlb901,BFN188308040,UMP,ump_hp,,t
lanef901,CHN188308040,UMP,ump_hp,,t
decks901,DTN188308040,UMP,ump_hp,,t
lanef901,DTN188308070,UMP,ump_hp,,t
furlb901,PHI188308070,UMP,ump_hp,,t
bradf101,PRO188308070,UMP,ump_hp,,t
bradf101,BSN188308080,UMP,ump_hp,,t
lanef901,DTN188308080,UMP,ump_hp,,t
lanef901,DTN188308090,UMP,ump_hp,,t
furlb901,PHI188308090,UMP,ump_hp,,t
bradf101,PRO188308090,UMP,ump_hp,,t
bradf101,BSN188308110,UMP,ump_hp,,t
lanef901,BFN188308110,UMP,ump_hp,,t
lanef901,BFN188308130,UMP,ump_hp,,t
furlb901,BSN188308140,UMP,ump_hp,,t
lanef901,BFN188308140,UMP,ump_hp,,t
bradf101,PRO188308140,UMP,ump_hp,,t
furlb901,BSN188308150,UMP,ump_hp,,t
lanef901,BFN188308150,UMP,ump_hp,,t
bradf101,PRO188308150,UMP,ump_hp,,t
lanef901,BFN188308160,UMP,ump_hp,,t
furlb901,BSN188308170,UMP,ump_hp,,t
decks901,BFN188308170,UMP,ump_hp,,t
bradf101,PRO188308170,UMP,ump_hp,,t
bradf101,BSN188308180,UMP,ump_hp,,t
decks901,BFN188308180,UMP,ump_hp,,t
furlb901,PRO188308180,UMP,ump_hp,,t
decks901,BFN188308200,UMP,ump_hp,,t
bradf101,BSN188308210,UMP,ump_hp,,t
decks901,BFN188308210,UMP,ump_hp,,t
furlb901,PRO188308210,UMP,ump_hp,,t
bradf101,BSN188308220,UMP,ump_hp,,t
decks901,DTN188308220,UMP,ump_hp,,t
furlb901,PRO188308220,UMP,ump_hp,,t
decks901,CHN188308230,UMP,ump_hp,,t
lanef901,DTN188308230,UMP,ump_hp,,t
decks901,CHN188308240,UMP,ump_hp,,t
lanef901,DTN188308240,UMP,ump_hp,,t
furlb901,PRO188308240,UMP,ump_hp,,t
furlb901,BSN188308250,UMP,ump_hp,,t
decks901,CHN188308250,UMP,ump_hp,,t
lanef901,DTN188308250,UMP,ump_hp,,t
bradf101,PHI188308250,UMP,ump_hp,,t
lanef901,DTN188308270,UMP,ump_hp,,t
furlb901,BSN188308280,UMP,ump_hp,,t
decks901,CHN188308290,UMP,ump_hp,,t
lanef901,DTN188308290,UMP,ump_hp,,t
decks901,CHN188308300,UMP,ump_hp,,t
lanef901,DTN188308300,UMP,ump_hp,,t
furlb901,PHI188308300,UMP,ump_hp,,t
furlb901,PHI188308310,UMP,ump_hp,,t
decks901,CHN188309010,UMP,ump_hp,,t
lanef901,DTN188309010,UMP,ump_hp,,t
furlb901,PHI188309010,UMP,ump_hp,,t
chiph901,DTN188309030,UMP,ump_hp,,t
furlb901,PHI188309030,UMP,ump_hp,,t
mcleb901,BFN188309040,UMP,ump_hp,,t
decks901,CHN188309040,UMP,ump_hp,,t
mcleb901,BFN188309050,UMP,ump_hp,,t
decks901,CHN188309050,UMP,ump_hp,,t
mcleb901,BFN188309060,UMP,ump_hp,,t
decks901,CHN188309060,UMP,ump_hp,,t
bondt101,PRO188309060,UMP,ump_hp,,t
bradf101,PHI188309070,UMP,ump_hp,,t
bondt101,PRO188309070,UMP,ump_hp,,t
bondt101,BSN188309080,UMP,ump_hp,,t
mcleb901,BFN188309080,UMP,ump_hp,,t
decks901,CHN188309080,UMP,ump_hp,,t
bradf101,PHI188309080,UMP,ump_hp,,t
bradf101,BSN188309100,UMP,ump_hp,,t
bradf101,BSN188309110,UMP,ump_hp,,t
decks901,PRO188309110,UMP,ump_hp,,t
bradf101,BSN188309120,UMP,ump_hp,,t
bradf101,BSN188309130,UMP,ump_hp,,t
mcleb901,PHI188309130,UMP,ump_hp,,t
decks901,PRO188309130,UMP,ump_hp,,t
decks901,PRO188309140,UMP,ump_hp,,t
mcleb901,PHI188309141,UMP,ump_hp,,t
mcleb901,PHI188309142,UMP,ump_hp,,t
mcleb901,BSN188309150,UMP,ump_hp,,t
chiph901,PHI188309150,UMP,ump_hp,,t
bradf101,PRO188309150,UMP,ump_hp,,t
mcleb901,BSN188309180,UMP,ump_hp,,t
chiph901,PHI188309180,UMP,ump_hp,,t
bradf101,PRO188309180,UMP,ump_hp,,t
mcleb901,BSN188309190,UMP,ump_hp,,t
chiph901,PHI188309190,UMP,ump_hp,,t
bradf101,PRO188309190,UMP,ump_hp,,t
chiph901,BSN188309210,UMP,ump_hp,,t
mcleb901,PHI188309210,UMP,ump_hp,,t
bradf101,PRO188309210,UMP,ump_hp,,t
bondt101,BSN188309220,UMP,ump_hp,,t
mcleb901,PHI188309220,UMP,ump_hp,,t
bradf101,PRO188309220,UMP,ump_hp,,t
mcleb901,BSN188309250,UMP,ump_hp,,t
guinb102,PHI188309250,UMP,ump_hp,,t
bondt101,PRO188309250,UMP,ump_hp,,t
mcleb901,BSN188309260,UMP,ump_hp,,t
bradf101,PHI188309260,UMP,ump_hp,,t
mcleb901,BSN188309270,UMP,ump_hp,,t
bradf101,PHI188309270,UMP,ump_hp,,t
bondt101,PRO188309270,UMP,ump_hp,,t
mcleb901,BSN188309280,UMP,ump_hp,,t
bradf101,PHI188309280,UMP,ump_hp,,t
bondt101,PRO188309280,UMP,ump_hp,,t
mcleb901,BSN188309290,UMP,ump_hp,,t
bradf101,PHI188309290,UMP,ump_hp,,t
bondt101,PRO188309290,UMP,ump_hp,,t
ansoc101,DTN188305010,CHN,manager,,t
wrigh101,PHI188305010,PRO,manager,,t
ansoc101,DTN188305020,CHN,manager,,t
wrigh101,PHI188305020,PRO,manager,,t
ansoc101,DTN188305030,CHN,manager,,t
wrigh101,PHI188305030,PRO,manager,,t
burdj101,PHI188305040,BSN,manager,,t
bancf801,BFN188305050,CL2,manager,,t
chapj102,CHN188305050,DTN,manager,,t
burdj101,PHI188305050,BSN,manager,,t
bancf801,BFN188305070,CL2,manager,,t
chapj102,CHN188305070,DTN,manager,,t
burdj101,PHI188305070,BSN,manager,,t
bancf801,BFN188305080,CL2,manager,,t
chapj102,CHN188305090,DTN,manager,,t
burdj101,BFN188305110,BSN,manager,,t
fergb101,CHN188305110,PHI,manager,,t
clapj101,DTN188305110,NY1,manager,,t
burdj101,BFN188305120,BSN,manager,,t
fergb101,CHN188305120,PHI,manager,,t
clapj101,DTN188305120,NY1,manager,,t
fergb101,CHN188305140,PHI,manager,,t
wrigh101,BFN188305150,PRO,manager,,t
clapj101,CHN188305150,NY1,manager,,t
fergb101,DTN188305150,PHI,manager,,t
wrigh101,BFN188305160,PRO,manager,,t
clapj101,CHN188305160,NY1,manager,,t
fergb101,DTN188305160,PHI,manager,,t
wrigh101,BFN188305170,PRO,manager,,t
clapj101,CHN188305170,NY1,manager,,t
fergb101,DTN188305170,PHI,manager,,t
clapj101,DTN188305180,NY1,manager,,t
clapj101,BFN188305190,NY1,manager,,t
burdj101,CHN188305190,BSN,manager,,t
wrigh101,DTN188305190,PRO,manager,,t
burdj101,CHN188305220,BSN,manager,,t
burdj101,CHN188305230,BSN,manager,,t
wrigh101,DTN188305230,PRO,manager,,t
fergb101,BFN188305240,PHI,manager,,t
wrigh101,CHN188305240,PRO,manager,,t
burdj101,DTN188305240,BSN,manager,,t
fergb101,BFN188305250,PHI,manager,,t
wrigh101,CHN188305250,PRO,manager,,t
burdj101,DTN188305250,BSN,manager,,t
wrigh101,CHN188305260,PRO,manager,,t
fergb101,BFN188305280,PHI,manager,,t
burdj101,DTN188305280,BSN,manager,,t
ansoc101,PHI188305301,CHN,manager,,t
ansoc101,PHI188305302,CHN,manager,,t
bancf801,BSN188305301,CL2,manager,,t
orouj103,BSN188305302,BFN,manager,,t
orouj103,PRO188305301,BFN,manager,,t
bancf801,PRO188305302,CL2,manager,,t
ansoc101,PHI188305310,CHN,manager,,t
bancf801,PRO188305310,CL2,manager,,t
orouj103,BSN188306010,BFN,manager,,t
ansoc101,PHI188306010,CHN,manager,,t
bancf801,PRO188306010,CL2,manager,,t
orouj103,BSN188306020,BFN,manager,,t
chapj102,PHI188306020,DTN,manager,,t
bancf801,PRO188306020,CL2,manager,,t
bancf801,BSN188306040,CL2,manager,,t
chapj102,PHI188306040,DTN,manager,,t
orouj103,PRO188306040,BFN,manager,,t
bancf801,BSN188306050,CL2,manager,,t
chapj102,PHI188306050,DTN,manager,,t
orouj103,PRO188306050,BFN,manager,,t
bancf801,BSN188306060,CL2,manager,,t
chapj102,PHI188306060,DTN,manager,,t
orouj103,PRO188306060,BFN,manager,,t
chapj102,BSN188306080,DTN,manager,,t
bancf801,PHI188306080,CL2,manager,,t
ansoc101,PRO188306080,CHN,manager,,t
chapj102,BSN188306090,DTN,manager,,t
bancf801,PHI188306090,CL2,manager,,t
ansoc101,PRO188306090,CHN,manager,,t
chapj102,BSN188306110,DTN,manager,,t
bancf801,PHI188306110,CL2,manager,,t
ansoc101,PRO188306110,CHN,manager,,t
chapj102,BSN188306120,DTN,manager,,t
bancf801,PHI188306120,CL2,manager,,t
ansoc101,PRO188306120,CHN,manager,,t
ansoc101,BSN188306140,CHN,manager,,t
orouj103,PHI188306140,BFN,manager,,t
chapj102,PRO188306140,DTN,manager,,t
ansoc101,BSN188306150,CHN,manager,,t
orouj103,PHI188306150,BFN,manager,,t
chapj102,PRO188306150,DTN,manager,,t
ansoc101,BSN188306160,CHN,manager,,t
orouj103,PHI188306160,BFN,manager,,t
chapj102,PRO188306160,DTN,manager,,t
orouj103,PHI188306180,BFN,manager,,t
chapj102,PRO188306180,DTN,manager,,t
purcb101,BSN188306190,PHI,manager,,t
clapj101,PRO188306190,NY1,manager,,t
purcb101,BSN188306200,PHI,manager,,t
clapj101,PRO188306200,NY1,manager,,t
clapj101,BSN188306210,NY1,manager,,t
ansoc101,BFN188306210,CHN,manager,,t
purcb101,PRO188306210,PHI,manager,,t
clapj101,BSN188306220,NY1,manager,,t
ansoc101,BFN188306220,CHN,manager,,t
purcb101,PRO188306220,PHI,manager,,t
purcb101,BSN188306230,PHI,manager,,t
chapj102,BFN188306230,DTN,manager,,t
clapj101,PRO188306230,NY1,manager,,t
purcb101,BSN188306250,PHI,manager,,t
chapj102,BFN188306250,DTN,manager,,t
clapj101,PRO188306250,NY1,manager,,t
clapj101,BSN188306260,NY1,manager,,t
chapj102,BFN188306260,DTN,manager,,t
purcb101,PRO188306260,PHI,manager,,t
ansoc101,DTN188306270,CHN,manager,,t
purcb101,PRO188306270,PHI,manager,,t
clapj101,BSN188306280,NY1,manager,,t
bancf801,DTN188306280,CL2,manager,,t
orouj103,CHN188306290,BFN,manager,,t
bancf801,DTN188306290,CL2,manager,,t
burdj101,PRO188306290,BSN,manager,,t
wrigh101,BSN188306300,PRO,manager,,t
orouj103,CHN188306300,BFN,manager,,t
bancf801,DTN188306300,CL2,manager,,t
clapj101,PHI188306300,NY1,manager,,t
wrigh101,BSN188307020,PRO,manager,,t
orouj103,CHN188307020,BFN,manager,,t
bancf801,DTN188307020,CL2,manager,,t
clapj101,PHI188307020,NY1,manager,,t
orouj103,CHN188307030,BFN,manager,,t
burdj101,PRO188307030,BSN,manager,,t
orouj103,DTN188307040,BFN,manager,,t
bancf801,CHN188307041,CL2,manager,,t
bancf801,CHN188307042,CL2,manager,,t
wrigh101,PHI188307041,PRO,manager,,t
burdj101,PHI188307042,BSN,manager,,t
orouj103,DTN188307050,BFN,manager,,t
bancf801,CHN188307060,CL2,manager,,t
orouj103,DTN188307060,BFN,manager,,t
burdj101,PHI188307060,BSN,manager,,t
bancf801,CHN188307070,CL2,manager,,t
burdj101,PHI188307070,BSN,manager,,t
clapj101,BFN188307090,NY1,manager,,t
wrigh101,DTN188307090,PRO,manager,,t
clapj101,BFN188307100,NY1,manager,,t
wrigh101,CHN188307100,PRO,manager,,t
burdj101,DTN188307100,BSN,manager,,t
clapj101,BFN188307110,NY1,manager,,t
wrigh101,CHN188307110,PRO,manager,,t
burdj101,DTN188307110,BSN,manager,,t
clapj101,BFN188307120,NY1,manager,,t
wrigh101,CHN188307120,PRO,manager,,t
clapj101,BFN188307130,NY1,manager,,t
burdj101,DTN188307130,BSN,manager,,t
clapj101,BFN188307140,NY1,manager,,t
wrigh101,CHN188307140,PRO,manager,,t
burdj101,DTN188307140,BSN,manager,,t
purcb101,BFN188307170,PHI,manager,,t
burdj101,CHN188307170,BSN,manager,,t
wrigh101,DTN188307170,PRO,manager,,t
purcb101,BFN188307180,PHI,manager,,t
burdj101,CHN188307180,BSN,manager,,t
wrigh101,DTN188307180,PRO,manager,,t
purcb101,BFN188307190,PHI,manager,,t
burdj101,CHN188307190,BSN,manager,,t
wrigh101,DTN188307190,PRO,manager,,t
purcb101,BFN188307210,PHI,manager,,t
morrj107,CHN188307210,BSN,manager,,t
wrigh101,DTN188307210,PRO,manager,,t
morrj107,BFN188307230,BSN,manager,,t
morrj107,BFN188307240,BSN,manager,,t
purcb101,CHN188307240,PHI,manager,,t
morrj107,BFN188307250,BSN,manager,,t
purcb101,CHN188307250,PHI,manager,,t
clapj101,DTN188307250,NY1,manager,,t
morrj107,BFN188307260,BSN,manager,,t
purcb101,CHN188307260,PHI,manager,,t
clapj101,DTN188307260,NY1,manager,,t
clapj101,DTN188307270,NY1,manager,,t
morrj107,BFN188307280,BSN,manager,,t
purcb101,CHN188307280,PHI,manager,,t
clapj101,DTN188307280,NY1,manager,,t
wrigh101,BFN188307310,PRO,manager,,t
clapj101,CHN188307310,NY1,manager,,t
purcb101,DTN188307310,PHI,manager,,t
wrigh101,BFN188308010,PRO,manager,,t
clapj101,CHN188308010,NY1,manager,,t
purcb101,DTN188308010,PHI,manager,,t
wrigh101,BFN188308020,PRO,manager,,t
clapj101,CHN188308020,NY1,manager,,t
purcb101,DTN188308020,PHI,manager,,t
wrigh101,BFN188308040,PRO,manager,,t
clapj101,CHN188308040,NY1,manager,,t
purcb101,DTN188308040,PHI,manager,,t
ansoc101,DTN188308070,CHN,manager,,t
clapj101,PHI188308070,NY1,manager,,t
morrj107,PRO188308070,BSN,manager,,t
wrigh101,BSN188308080,PRO,manager,,t
ansoc101,DTN188308080,CHN,manager,,t
ansoc101,DTN188308090,CHN,manager,,t
clapj101,PHI188308090,NY1,manager,,t
morrj107,PRO188308090,BSN,manager,,t
wrigh101,BSN188308110,PRO,manager,,t
ansoc101,BFN188308110,CHN,manager,,t
ansoc101,BFN188308130,CHN,manager,,t
purcb101,BSN188308140,PHI,manager,,t
ansoc101,BFN188308140,CHN,manager,,t
clapj101,PRO188308140,NY1,manager,,t
purcb101,BSN188308150,PHI,manager,,t
ansoc101,BFN188308150,CHN,manager,,t
clapj101,PRO188308150,NY1,manager,,t
ansoc101,BFN188308160,CHN,manager,,t
purcb101,BSN188308170,PHI,manager,,t
chapj102,BFN188308170,DTN,manager,,t
clapj101,PRO188308170,NY1,manager,,t
clapj101,BSN188308180,NY1,manager,,t
chapj102,BFN188308180,DTN,manager,,t
purcb101,PRO188308180,PHI,manager,,t
chapj102,BFN188308200,DTN,manager,,t
clapj101,BSN188308210,NY1,manager,,t
chapj102,BFN188308210,DTN,manager,,t
purcb101,PRO188308210,PHI,manager,,t
clapj101,BSN188308220,NY1,manager,,t
orouj103,DTN188308220,BFN,manager,,t
purcb101,PRO188308220,PHI,manager,,t
orouj103,CHN188308230,BFN,manager,,t
bancf801,DTN188308230,CL2,manager,,t
orouj103,CHN188308240,BFN,manager,,t
bancf801,DTN188308240,CL2,manager,,t
morrj107,PRO188308240,BSN,manager,,t
wrigh101,BSN188308250,PRO,manager,,t
orouj103,CHN188308250,BFN,manager,,t
bancf801,DTN188308250,CL2,manager,,t
clapj101,PHI188308250,NY1,manager,,t
bancf801,DTN188308270,CL2,manager,,t
wrigh101,BSN188308280,PRO,manager,,t
bancf801,CHN188308290,CL2,manager,,t
orouj103,DTN188308290,BFN,manager,,t
bancf801,CHN188308300,CL2,manager,,t
orouj103,DTN188308300,BFN,manager,,t
wrigh101,PHI188308300,PRO,manager,,t
wrigh101,PHI188308310,PRO,manager,,t
bancf801,CHN188309010,CL2,manager,,t
orouj103,DTN188309010,BFN,manager,,t
morrj107,PHI188309010,BSN,manager,,t
orouj103,DTN188309030,BFN,manager,,t
wrigh101,PHI188309030,PRO,manager,,t
bancf801,BFN188309040,CL2,manager,,t
chapj102,CHN188309040,DTN,manager,,t
bancf801,BFN188309050,CL2,manager,,t
chapj102,CHN188309050,DTN,manager,,t
bancf801,BFN188309060,CL2,manager,,t
chapj102,CHN188309060,DTN,manager,,t
morrj107,PRO188309060,BSN,manager,,t
clapj101,PHI188309070,NY1,manager,,t
morrj107,PRO188309070,BSN,manager,,t
wrigh101,BSN188309080,PRO,manager,,t
bancf801,BFN188309080,CL2,manager,,t
chapj102,CHN188309080,DTN,manager,,t
clapj101,PHI188309080,NY1,manager,,t
ansoc101,BSN188309100,CHN,manager,,t
ansoc101,BSN188309110,CHN,manager,,t
chapj102,PRO188309110,DTN,manager,,t
ansoc101,BSN188309120,CHN,manager,,t
ansoc101,BSN188309130,CHN,manager,,t
bancf801,PHI188309130,CL2,manager,,t
chapj102,PRO188309130,DTN,manager,,t
chapj102,PRO188309140,DTN,manager,,t
bancf801,PHI188309141,CL2,manager,,t
bancf801,PHI188309142,CL2,manager,,t
chapj102,BSN188309150,DTN,manager,,t
orouj103,PHI188309150,BFN,manager,,t
ansoc101,PRO188309150,CHN,manager,,t
chapj102,BSN188309180,DTN,manager,,t
orouj103,PHI188309180,BFN,manager,,t
ansoc101,PRO188309180,CHN,manager,,t
chapj102,BSN188309190,DTN,manager,,t
orouj103,PHI188309190,BFN,manager,,t
ansoc101,PRO188309190,CHN,manager,,t
orouj103,BSN188309210,BFN,manager,,t
chapj102,PHI188309210,DTN,manager,,t
bancf801,PRO188309210,CL2,manager,,t
orouj103,BSN188309220,BFN,manager,,t
chapj102,PHI188309220,DTN,manager,,t
bancf801,PRO188309220,CL2,manager,,t
orouj103,BSN188309250,BFN,manager,,t
chapj102,PHI188309250,DTN,manager,,t
bancf801,PRO188309250,CL2,manager,,t
orouj103,BSN188309260,BFN,manager,,t
chapj102,PHI188309260,DTN,manager,,t
bancf801,BSN188309270,CL2,manager,,t
ansoc101,PHI188309270,CHN,manager,,t
orouj103,PRO188309270,BFN,manager,,t
bancf801,BSN188309280,CL2,manager,,t
ansoc101,PHI188309280,CHN,manager,,t
orouj103,PRO188309280,BFN,manager,,t
bancf801,BSN188309290,CL2,manager,,t
ansoc101,PHI188309290,CHN,manager,,t
orouj103,PRO188309290,BFN,manager,,t
chapj102,DTN188305010,DTN,manager,,t
fergb101,PHI188305010,PHI,manager,,t
chapj102,DTN188305020,DTN,manager,,t
fergb101,PHI188305020,PHI,manager,,t
chapj102,DTN188305030,DTN,manager,,t
fergb101,PHI188305030,PHI,manager,,t
fergb101,PHI188305040,PHI,manager,,t
orouj103,BFN188305050,BFN,manager,,t
ansoc101,CHN188305050,CHN,manager,,t
fergb101,PHI188305050,PHI,manager,,t
orouj103,BFN188305070,BFN,manager,,t
ansoc101,CHN188305070,CHN,manager,,t
fergb101,PHI188305070,PHI,manager,,t
orouj103,BFN188305080,BFN,manager,,t
ansoc101,CHN188305090,CHN,manager,,t
orouj103,BFN188305110,BFN,manager,,t
ansoc101,CHN188305110,CHN,manager,,t
chapj102,DTN188305110,DTN,manager,,t
orouj103,BFN188305120,BFN,manager,,t
ansoc101,CHN188305120,CHN,manager,,t
chapj102,DTN188305120,DTN,manager,,t
ansoc101,CHN188305140,CHN,manager,,t
orouj103,BFN188305150,BFN,manager,,t
ansoc101,CHN188305150,CHN,manager,,t
chapj102,DTN188305150,DTN,manager,,t
orouj103,BFN188305160,BFN,manager,,t
ansoc101,CHN188305160,CHN,manager,,t
chapj102,DTN188305160,DTN,manager,,t
orouj103,BFN188305170,BFN,manager,,t
ansoc101,CHN188305170,CHN,manager,,t
chapj102,DTN188305170,DTN,manager,,t
chapj102,DTN188305180,DTN,manager,,t
orouj103,BFN188305190,BFN,manager,,t
ansoc101,CHN188305190,CHN,manager,,t
chapj102,DTN188305190,DTN,manager,,t
ansoc101,CHN188305220,CHN,manager,,t
ansoc101,CHN188305230,CHN,manager,,t
chapj102,DTN188305230,DTN,manager,,t
orouj103,BFN188305240,BFN,manager,,t
ansoc101,CHN188305240,CHN,manager,,t
chapj102,DTN188305240,DTN,manager,,t
orouj103,BFN188305250,BFN,manager,,t
ansoc101,CHN188305250,CHN,manager,,t
chapj102,DTN188305250,DTN,manager,,t
ansoc101,CHN188305260,CHN,manager,,t
orouj103,BFN188305280,BFN,manager,,t
chapj102,DTN188305280,DTN,manager,,t
purcb101,PHI188305301,PHI,manager,,t
purcb101,PHI188305302,PHI,manager,,t
burdj101,BSN188305301,BSN,manager,,t
burdj101,BSN188305302,BSN,manager,,t
wrigh101,PRO188305301,PRO,manager,,t
wrigh101,PRO188305302,PRO,manager,,t
purcb101,PHI188305310,PHI,manager,,t
wrigh101,PRO188305310,PRO,manager,,t
burdj101,BSN188306010,BSN,manager,,t
purcb101,PHI188306010,PHI,manager,,t
wrigh101,PRO188306010,PRO,manager,,t
burdj101,BSN188306020,BSN,manager,,t
purcb101,PHI188306020,PHI,manager,,t
wrigh101,PRO188306020,PRO,manager,,t
burdj101,BSN188306040,BSN,manager,,t
purcb101,PHI188306040,PHI,manager,,t
wrigh101,PRO188306040,PRO,manager,,t
burdj101,BSN188306050,BSN,manager,,t
purcb101,PHI188306050,PHI,manager,,t
wrigh101,PRO188306050,PRO,manager,,t
burdj101,BSN188306060,BSN,manager,,t
purcb101,PHI188306060,PHI,manager,,t
wrigh101,PRO188306060,PRO,manager,,t
burdj101,BSN188306080,BSN,manager,,t
purcb101,PHI188306080,PHI,manager,,t
wrigh101,PRO188306080,PRO,manager,,t
burdj101,BSN188306090,BSN,manager,,t
purcb101,PHI188306090,PHI,manager,,t
wrigh101,PRO188306090,PRO,manager,,t
burdj101,BSN188306110,BSN,manager,,t
purcb101,PHI188306110,PHI,manager,,t
wrigh101,PRO188306110,PRO,manager,,t
burdj101,BSN188306120,BSN,manager,,t
purcb101,PHI188306120,PHI,manager,,t
wrigh101,PRO188306120,PRO,manager,,t
burdj101,BSN188306140,BSN,manager,,t
purcb101,PHI188306140,PHI,manager,,t
wrigh101,PRO188306140,PRO,manager,,t
burdj101,BSN188306150,BSN,manager,,t
purcb101,PHI188306150,PHI,manager,,t
wrigh101,PRO188306150,PRO,manager,,t
burdj101,BSN188306160,BSN,manager,,t
purcb101,PHI188306160,PHI,manager,,t
wrigh101,PRO188306160,PRO,manager,,t
purcb101,PHI188306180,PHI,manager,,t
wrigh101,PRO188306180,PRO,manager,,t
burdj101,BSN188306190,BSN,manager,,t
wrigh101,PRO188306190,PRO,manager,,t
burdj101,BSN188306200,BSN,manager,,t
wrigh101,PRO188306200,PRO,manager,,t
burdj101,BSN188306210,BSN,manager,,t
orouj103,BFN188306210,BFN,manager,,t
wrigh101,PRO188306210,PRO,manager,,t
burdj101,BSN188306220,BSN,manager,,t
orouj103,BFN188306220,BFN,manager,,t
wrigh101,PRO188306220,PRO,manager,,t
burdj101,BSN188306230,BSN,manager,,t
orouj103,BFN188306230,BFN,manager,,t
wrigh101,PRO188306230,PRO,manager,,t
burdj101,BSN188306250,BSN,manager,,t
orouj103,BFN188306250,BFN,manager,,t
wrigh101,PRO188306250,PRO,manager,,t
burdj101,BSN188306260,BSN,manager,,t
orouj103,BFN188306260,BFN,manager,,t
wrigh101,PRO188306260,PRO,manager,,t
chapj102,DTN188306270,DTN,manager,,t
wrigh101,PRO188306270,PRO,manager,,t
burdj101,BSN188306280,BSN,manager,,t
chapj102,DTN188306280,DTN,manager,,t
ansoc101,CHN188306290,CHN,manager,,t
chapj102,DTN188306290,DTN,manager,,t
wrigh101,PRO188306290,PRO,manager,,t
burdj101,BSN188306300,BSN,manager,,t
ansoc101,CHN188306300,CHN,manager,,t
chapj102,DTN188306300,DTN,manager,,t
purcb101,PHI188306300,PHI,manager,,t
burdj101,BSN188307020,BSN,manager,,t
ansoc101,CHN188307020,CHN,manager,,t
chapj102,DTN188307020,DTN,manager,,t
purcb101,PHI188307020,PHI,manager,,t
ansoc101,CHN188307030,CHN,manager,,t
wrigh101,PRO188307030,PRO,manager,,t
chapj102,DTN188307040,DTN,manager,,t
ansoc101,CHN188307041,CHN,manager,,t
ansoc101,CHN188307042,CHN,manager,,t
purcb101,PHI188307041,PHI,manager,,t
purcb101,PHI188307042,PHI,manager,,t
chapj102,DTN188307050,DTN,manager,,t
ansoc101,CHN188307060,CHN,manager,,t
chapj102,DTN188307060,DTN,manager,,t
purcb101,PHI188307060,PHI,manager,,t
ansoc101,CHN188307070,CHN,manager,,t
purcb101,PHI188307070,PHI,manager,,t
orouj103,BFN188307090,BFN,manager,,t
chapj102,DTN188307090,DTN,manager,,t
orouj103,BFN188307100,BFN,manager,,t
ansoc101,CHN188307100,CHN,manager,,t
chapj102,DTN188307100,DTN,manager,,t
orouj103,BFN188307110,BFN,manager,,t
ansoc101,CHN188307110,CHN,manager,,t
chapj102,DTN188307110,DTN,manager,,t
orouj103,BFN188307120,BFN,manager,,t
ansoc101,CHN188307120,CHN,manager,,t
orouj103,BFN188307130,BFN,manager,,t
chapj102,DTN188307130,DTN,manager,,t
orouj103,BFN188307140,BFN,manager,,t
ansoc101,CHN188307140,CHN,manager,,t
chapj102,DTN188307140,DTN,manager,,t
orouj103,BFN188307170,BFN,manager,,t
ansoc101,CHN188307170,CHN,manager,,t
chapj102,DTN188307170,DTN,manager,,t
orouj103,BFN188307180,BFN,manager,,t
ansoc101,CHN188307180,CHN,manager,,t
chapj102,DTN188307180,DTN,manager,,t
orouj103,BFN188307190,BFN,manager,,t
ansoc101,CHN188307190,CHN,manager,,t
chapj102,DTN188307190,DTN,manager,,t
orouj103,BFN188307210,BFN,manager,,t
ansoc101,CHN188307210,CHN,manager,,t
chapj102,DTN188307210,DTN,manager,,t
orouj103,BFN188307230,BFN,manager,,t
orouj103,BFN188307240,BFN,manager,,t
ansoc101,CHN188307240,CHN,manager,,t
orouj103,BFN188307250,BFN,manager,,t
ansoc101,CHN188307250,CHN,manager,,t
chapj102,DTN188307250,DTN,manager,,t
orouj103,BFN188307260,BFN,manager,,t
ansoc101,CHN188307260,CHN,manager,,t
chapj102,DTN188307260,DTN,manager,,t
chapj102,DTN188307270,DTN,manager,,t
orouj103,BFN188307280,BFN,manager,,t
ansoc101,CHN188307280,CHN,manager,,t
chapj102,DTN188307280,DTN,manager,,t
orouj103,BFN188307310,BFN,manager,,t
ansoc101,CHN188307310,CHN,manager,,t
chapj102,DTN188307310,DTN,manager,,t
orouj103,BFN188308010,BFN,manager,,t
ansoc101,CHN188308010,CHN,manager,,t
chapj102,DTN188308010,DTN,manager,,t
orouj103,BFN188308020,BFN,manager,,t
ansoc101,CHN188308020,CHN,manager,,t
chapj102,DTN188308020,DTN,manager,,t
orouj103,BFN188308040,BFN,manager,,t
ansoc101,CHN188308040,CHN,manager,,t
chapj102,DTN188308040,DTN,manager,,t
chapj102,DTN188308070,DTN,manager,,t
purcb101,PHI188308070,PHI,manager,,t
wrigh101,PRO188308070,PRO,manager,,t
morrj107,BSN188308080,BSN,manager,,t
chapj102,DTN188308080,DTN,manager,,t
chapj102,DTN188308090,DTN,manager,,t
purcb101,PHI188308090,PHI,manager,,t
wrigh101,PRO188308090,PRO,manager,,t
morrj107,BSN188308110,BSN,manager,,t
orouj103,BFN188308110,BFN,manager,,t
orouj103,BFN188308130,BFN,manager,,t
morrj107,BSN188308140,BSN,manager,,t
orouj103,BFN188308140,BFN,manager,,t
wrigh101,PRO188308140,PRO,manager,,t
morrj107,BSN188308150,BSN,manager,,t
orouj103,BFN188308150,BFN,manager,,t
wrigh101,PRO188308150,PRO,manager,,t
orouj103,BFN188308160,BFN,manager,,t
morrj107,BSN188308170,BSN,manager,,t
orouj103,BFN188308170,BFN,manager,,t
wrigh101,PRO188308170,PRO,manager,,t
morrj107,BSN188308180,BSN,manager,,t
orouj103,BFN188308180,BFN,manager,,t
wrigh101,PRO188308180,PRO,manager,,t
orouj103,BFN188308200,BFN,manager,,t
morrj107,BSN188308210,BSN,manager,,t
orouj103,BFN188308210,BFN,manager,,t
wrigh101,PRO188308210,PRO,manager,,t
morrj107,BSN188308220,BSN,manager,,t
chapj102,DTN188308220,DTN,manager,,t
wrigh101,PRO188308220,PRO,manager,,t
ansoc101,CHN188308230,CHN,manager,,t
chapj102,DTN188308230,DTN,manager,,t
ansoc101,CHN188308240,CHN,manager,,t
chapj102,DTN188308240,DTN,manager,,t
wrigh101,PRO188308240,PRO,manager,,t
morrj107,BSN188308250,BSN,manager,,t
ansoc101,CHN188308250,CHN,manager,,t
chapj102,DTN188308250,DTN,manager,,t
purcb101,PHI188308250,PHI,manager,,t
purcb101,PHI188308250,PHI,1,,t
chapj102,DTN188308270,DTN,manager,,t
morrj107,BSN188308280,BSN,manager,,t
ansoc101,CHN188308290,CHN,manager,,t
chapj102,DTN188308290,DTN,manager,,t
ansoc101,CHN188308300,CHN,manager,,t
chapj102,DTN188308300,DTN,manager,,t
purcb101,PHI188308300,PHI,manager,,t
purcb101,PHI188308310,PHI,manager,,t
purcb101,PHI188308310,PHI,1,,t
ansoc101,CHN188309010,CHN,manager,,t
chapj102,DTN188309010,DTN,manager,,t
purcb101,PHI188309010,PHI,manager,,t
chapj102,DTN188309030,DTN,manager,,t
purcb101,PHI188309030,PHI,manager,,t
purcb101,PHI188309030,PHI,1,,t
orouj103,BFN188309040,BFN,manager,,t
ansoc101,CHN188309040,CHN,manager,,t
orouj103,BFN188309050,BFN,manager,,t
ansoc101,CHN188309050,CHN,manager,,t
orouj103,BFN188309060,BFN,manager,,t
ansoc101,CHN188309060,CHN,manager,,t
wrigh101,PRO188309060,PRO,manager,,t
purcb101,PHI188309070,PHI,manager,,t
purcb101,PHI188309070,PHI,1,,t
wrigh101,PRO188309070,PRO,manager,,t
morrj107,BSN188309080,BSN,manager,,t
orouj103,BFN188309080,BFN,manager,,t
ansoc101,CHN188309080,CHN,manager,,t
purcb101,PHI188309080,PHI,manager,,t
morrj107,BSN188309100,BSN,manager,,t
morrj107,BSN188309110,BSN,manager,,t
wrigh101,PRO188309110,PRO,manager,,t
morrj107,BSN188309120,BSN,manager,,t
morrj107,BSN188309130,BSN,manager,,t
purcb101,PHI188309130,PHI,manager,,t
wrigh101,PRO188309130,PRO,manager,,t
wrigh101,PRO188309140,PRO,manager,,t
purcb101,PHI188309141,PHI,manager,,t
purcb101,PHI188309141,PHI,1,,t
purcb101,PHI188309142,PHI,manager,,t
morrj107,BSN188309150,BSN,manager,,t
purcb101,PHI188309150,PHI,manager,,t
wrigh101,PRO188309150,PRO,manager,,t
morrj107,BSN188309180,BSN,manager,,t
purcb101,PHI188309180,PHI,manager,,t
purcb101,PHI188309180,PHI,1,,t
wrigh101,PRO188309180,PRO,manager,,t
morrj107,BSN188309190,BSN,manager,,t
purcb101,PHI188309190,PHI,manager,,t
wrigh101,PRO188309190,PRO,manager,,t
morrj107,BSN188309210,BSN,manager,,t
purcb101,PHI188309210,PHI,manager,,t
wrigh101,PRO188309210,PRO,manager,,t
morrj107,BSN188309220,BSN,manager,,t
purcb101,PHI188309220,PHI,manager,,t
purcb101,PHI188309220,PHI,1,,t
wrigh101,PRO188309220,PRO,manager,,t
morrj107,BSN188309250,BSN,manager,,t
purcb101,PHI188309250,PHI,manager,,t
purcb101,PHI188309250,PHI,1,,t
wrigh101,PRO188309250,PRO,manager,,t
morrj107,BSN188309260,BSN,manager,,t
purcb101,PHI188309260,PHI,manager,,t
purcb101,PHI188309260,PHI,1,,t
morrj107,BSN188309270,BSN,manager,,t
purcb101,PHI188309270,PHI,manager,,t
wrigh101,PRO188309270,PRO,manager,,t
morrj107,BSN188309280,BSN,manager,,t
purcb101,PHI188309280,PHI,manager,,t
wrigh101,PRO188309280,PRO,manager,,t
morrj107,BSN188309290,BSN,manager,,t
purcb101,PHI188309290,PHI,manager,,t
wrigh101,PRO188309290,PRO,manager,,t
goldf101,DTN188305010,CHN,1,,t
radbc101,PHI188305010,PRO,1,,t
corcl101,DTN188305020,CHN,1,,t
radbc101,PHI188305020,PRO,1,,t
goldf101,DTN188305030,CHN,1,,t
radbc101,PHI188305030,PRO,1,,t
buffc101,PHI188305040,BSN,1,,t
mccoj103,BFN188305050,CL2,1,,t
wieds101,CHN188305050,DTN,1,,t
morrj107,PHI188305050,BSN,1,,t
mccoj103,BFN188305070,CL2,1,,t
wieds101,CHN188305070,DTN,1,,t
whitj102,PHI188305070,BSN,1,,t
dailh101,BFN188305080,CL2,1,,t
wieds101,CHN188305090,DTN,1,,t
whitj102,BFN188305110,BSN,1,,t
colej103,CHN188305110,PHI,1,,t
welcm102,DTN188305110,NY1,1,,t
buffc101,BFN188305120,BSN,1,,t
colej103,CHN188305120,PHI,1,,t
wardm101,DTN188305120,NY1,1,,t
neagj101,CHN188305140,PHI,1,,t
radbc101,BFN188305150,PRO,1,,t
welcm102,CHN188305150,NY1,1,,t
colej103,DTN188305150,PHI,1,,t
radbc101,BFN188305160,PRO,1,,t
oneit101,CHN188305160,NY1,1,,t
colej103,DTN188305160,PHI,1,,t
radbc101,BFN188305170,PRO,1,,t
welcm102,CHN188305170,NY1,1,,t
neagj101,DTN188305170,PHI,1,,t
oneit101,DTN188305180,NY1,1,,t
welcm102,BFN188305190,NY1,1,,t
whitj102,CHN188305190,BSN,1,,t
richl104,DTN188305190,PRO,1,,t
whitj102,CHN188305220,BSN,1,,t
buffc101,CHN188305230,BSN,1,,t
richl104,DTN188305230,PRO,1,,t
colej103,BFN188305240,PHI,1,,t
radbc101,CHN188305240,PRO,1,,t
whitj102,DTN188305240,BSN,1,,t
neagj101,BFN188305250,PHI,1,,t
richl104,CHN188305250,PRO,1,,t
buffc101,DTN188305250,BSN,1,,t
richl104,CHN188305260,PRO,1,,t
colej103,BFN188305280,PHI,1,,t
whitj102,DTN188305280,BSN,1,,t
goldf101,PHI188305301,CHN,1,,t
corcl101,PHI188305302,CHN,1,,t
mccoj103,BSN188305301,CL2,1,,t
derbg101,BSN188305302,BFN,1,,t
galvj103,PRO188305301,BFN,1,,t
dailh101,PRO188305302,CL2,1,,t
goldf101,PHI188305310,CHN,1,,t
mccoj103,PRO188305310,CL2,1,,t
galvj103,BSN188306010,BFN,1,,t
corcl101,PHI188306010,CHN,1,,t
dailh101,PRO188306010,CL2,1,,t
galvj103,BSN188306020,BFN,1,,t
wieds101,PHI188306020,DTN,1,,t
mccoj103,PRO188306020,CL2,1,,t
dailh101,BSN188306040,CL2,1,,t
wieds101,PHI188306040,DTN,1,,t
galvj103,PRO188306040,BFN,1,,t
mccoj103,BSN188306050,CL2,1,,t
wieds101,PHI188306050,DTN,1,,t
derbg101,PRO188306050,BFN,1,,t
mccoj103,BSN188306060,CL2,1,,t
radbg101,PHI188306060,DTN,1,,t
galvj103,PRO188306060,BFN,1,,t
wieds101,BSN188306080,DTN,1,,t
dailh101,PHI188306080,CL2,1,,t
goldf101,PRO188306080,CHN,1,,t
wieds101,BSN188306090,DTN,1,,t
mccoj103,PHI188306090,CL2,1,,t
corcl101,PRO188306090,CHN,1,,t
burnd102,BSN188306110,DTN,1,,t
dailh101,PHI188306110,CL2,1,,t
goldf101,PRO188306110,CHN,1,,t
burnd102,BSN188306120,DTN,1,,t
mccoj103,PHI188306120,CL2,1,,t
corcl101,PRO188306120,CHN,1,,t
corcl101,BSN188306140,CHN,1,,t
galvj103,PHI188306140,BFN,1,,t
wieds101,PRO188306140,DTN,1,,t
goldf101,BSN188306150,CHN,1,,t
galvj103,PHI188306150,BFN,1,,t
burnd102,PRO188306150,DTN,1,,t
corcl101,BSN188306160,CHN,1,,t
galvj103,PHI188306160,BFN,1,,t
wieds101,PRO188306160,DTN,1,,t
derbg101,PHI188306180,BFN,1,,t
burnd102,PRO188306180,DTN,1,,t
colej103,BSN188306190,PHI,1,,t
oneit101,PRO188306190,NY1,1,,t
smite101,BSN188306200,PHI,1,,t
welcm102,PRO188306200,NY1,1,,t
oneit101,BSN188306210,NY1,1,,t
corcl101,BFN188306210,CHN,1,,t
colej103,PRO188306210,PHI,1,,t
welcm102,BSN188306220,NY1,1,,t
goldf101,BFN188306220,CHN,1,,t
colej103,PRO188306220,PHI,1,,t
colej103,BSN188306230,PHI,1,,t
burnd102,BFN188306230,DTN,1,,t
oneit101,PRO188306230,NY1,1,,t
colej103,BSN188306250,PHI,1,,t
shawd101,BFN188306250,DTN,1,,t
welcm102,PRO188306250,NY1,1,,t
oneit101,BSN188306260,NY1,1,,t
shawd101,BFN188306260,DTN,1,,t
colej103,PRO188306260,PHI,1,,t
corcl101,DTN188306270,CHN,1,,t
colej103,PRO188306270,PHI,1,,t
welcm102,BSN188306280,NY1,1,,t
dailh101,DTN188306280,CL2,1,,t
galvj103,CHN188306290,BFN,1,,t
mccoj103,DTN188306290,CL2,1,,t
whitj102,PRO188306290,BSN,1,,t
radbc101,BSN188306300,PRO,1,,t
galvj103,CHN188306300,BFN,1,,t
dailh101,DTN188306300,CL2,1,,t
oneit101,PHI188306300,NY1,1,,t
radbc101,BSN188307020,PRO,1,,t
galvj103,CHN188307020,BFN,1,,t
mccoj103,DTN188307020,CL2,1,,t
welcm102,PHI188307020,NY1,1,,t
derbg101,CHN188307030,BFN,1,,t
whitj102,PRO188307030,BSN,1,,t
galvj103,DTN188307040,BFN,1,,t
dailh101,CHN188307041,CL2,1,,t
mccoj103,CHN188307042,CL2,1,,t
sweec101,PHI188307041,PRO,1,,t
whitj102,PHI188307042,BSN,1,,t
galvj103,DTN188307050,BFN,1,,t
dailh101,CHN188307060,CL2,1,,t
cushe101,DTN188307060,BFN,1,,t
buffc101,PHI188307060,BSN,1,,t
mccoj103,CHN188307070,CL2,1,,t
whitj102,PHI188307070,BSN,1,,t
oneit101,BFN188307090,NY1,1,,t
radbc101,DTN188307090,PRO,1,,t
welcm102,BFN188307100,NY1,1,,t
sweec101,CHN188307100,PRO,1,,t
buffc101,DTN188307100,BSN,1,,t
wardm101,BFN188307110,NY1,1,,t
radbc101,CHN188307110,PRO,1,,t
whitj102,DTN188307110,BSN,1,,t
welcm102,BFN188307120,NY1,1,,t
radbc101,CHN188307120,PRO,1,,t
oneit101,BFN188307130,NY1,1,,t
whitj102,DTN188307130,BSN,1,,t
welcm102,BFN188307140,NY1,1,,t
radbc101,CHN188307140,PRO,1,,t
buffc101,DTN188307140,BSN,1,,t
colej103,BFN188307170,PHI,1,,t
whitj102,CHN188307170,BSN,1,,t
radbc101,DTN188307170,PRO,1,,t
hagaa101,BFN188307180,PHI,1,,t
whitj102,CHN188307180,BSN,1,,t
radbc101,DTN188307180,PRO,1,,t
colej103,BFN188307190,PHI,1,,t
buffc101,CHN188307190,BSN,1,,t
radbc101,DTN188307190,PRO,1,,t
hagaa101,BFN188307210,PHI,1,,t
whitj102,CHN188307210,BSN,1,,t
radbc101,DTN188307210,PRO,1,,t
buffc101,BFN188307230,BSN,1,,t
whitj102,BFN188307240,BSN,1,,t
hagaa101,CHN188307240,PHI,1,,t
buffc101,BFN188307250,BSN,1,,t
colej103,CHN188307250,PHI,1,,t
welcm102,DTN188307250,NY1,1,,t
whitj102,BFN188307260,BSN,1,,t
hagaa101,CHN188307260,PHI,1,,t
wardm101,DTN188307260,NY1,1,,t
welcm102,DTN188307270,NY1,1,,t
buffc101,BFN188307280,BSN,1,,t
colej103,CHN188307280,PHI,1,,t
oneit101,DTN188307280,NY1,1,,t
sweec101,BFN188307310,PRO,1,,t
wardm101,CHN188307310,NY1,1,,t
colej103,DTN188307310,PHI,1,,t
richl104,BFN188308010,PRO,1,,t
welcm102,CHN188308010,NY1,1,,t
hagaa101,DTN188308010,PHI,1,,t
sweec101,BFN188308020,PRO,1,,t
wardm101,CHN188308020,NY1,1,,t
colej103,DTN188308020,PHI,1,,t
radbc101,BFN188308040,PRO,1,,t
wardm101,CHN188308040,NY1,1,,t
colej103,DTN188308040,PHI,1,,t
goldf101,DTN188308070,CHN,1,,t
welcm102,PHI188308070,NY1,1,,t
buffc101,PRO188308070,BSN,1,,t
sweec101,BSN188308080,PRO,1,,t
corcl101,DTN188308080,CHN,1,,t
corcl101,DTN188308090,CHN,1,,t
welcm102,PHI188308090,NY1,1,,t
buffc101,PRO188308090,BSN,1,,t
radbc101,BSN188308110,PRO,1,,t
corcl101,BFN188308110,CHN,1,,t
goldf101,BFN188308130,CHN,1,,t
hagaa101,BSN188308140,PHI,1,,t
corcl101,BFN188308140,CHN,1,,t
wardm101,PRO188308140,NY1,1,,t
colej103,BSN188308150,PHI,1,,t
goldf101,BFN188308150,CHN,1,,t
welcm102,PRO188308150,NY1,1,,t
goldf101,BFN188308160,CHN,1,,t
hagaa101,BSN188308170,PHI,1,,t
shawd101,BFN188308170,DTN,1,,t
wardm101,PRO188308170,NY1,1,,t
welcm102,BSN188308180,NY1,1,,t
wieds101,BFN188308180,DTN,1,,t
colej103,PRO188308180,PHI,1,,t
jonej107,BFN188308200,DTN,1,,t
wardm101,BSN188308210,NY1,1,,t
shawd101,BFN188308210,DTN,1,,t
hagaa101,PRO188308210,PHI,1,,t
welcm102,BSN188308220,NY1,1,,t
cushe101,DTN188308220,BFN,1,,t
colej103,PRO188308220,PHI,1,,t
galvj103,CHN188308230,BFN,1,,t
mccoj103,DTN188308230,CL2,1,,t
galvj103,CHN188308240,BFN,1,,t
dailh101,DTN188308240,CL2,1,,t
buffc101,PRO188308240,BSN,1,,t
radbc101,BSN188308250,PRO,1,,t
galvj103,CHN188308250,BFN,1,,t
mccoj103,DTN188308250,CL2,1,,t
welcm102,PHI188308250,NY1,1,,t
dailh101,DTN188308270,CL2,1,,t
radbc101,BSN188308280,PRO,1,,t
dailh101,CHN188308290,CL2,1,,t
galvj103,DTN188308290,BFN,1,,t
sawyw101,CHN188308300,CL2,1,,t
galvj103,DTN188308300,BFN,1,,t
radbc101,PHI188308300,PRO,1,,t
sweec101,PHI188308310,PRO,1,,t
dailh101,CHN188309010,CL2,1,,t
galvj103,DTN188309010,BFN,1,,t
buffc101,PHI188309010,BSN,1,,t
galvj103,DTN188309030,BFN,1,,t
sweec101,PHI188309030,PRO,1,,t
sawyw101,BFN188309040,CL2,1,,t
wieds101,CHN188309040,DTN,1,,t
dailh101,BFN188309050,CL2,1,,t
shawd101,CHN188309050,DTN,1,,t
dailh101,BFN188309060,CL2,1,,t
wieds101,CHN188309060,DTN,1,,t
buffc101,PRO188309060,BSN,1,,t
welcm102,PHI188309070,NY1,1,,t
whitj102,PRO188309070,BSN,1,,t
radbc101,BSN188309080,PRO,1,,t
cadyc101,BFN188309080,CL2,1,,t
shawd101,CHN188309080,DTN,1,,t
oneit101,PHI188309080,NY1,1,,t
goldf101,BSN188309100,CHN,1,,t
corcl101,BSN188309110,CHN,1,,t
wieds101,PRO188309110,DTN,1,,t
goldf101,BSN188309120,CHN,1,,t
corcl101,BSN188309130,CHN,1,,t
dailh101,PHI188309130,CL2,1,,t
shawd101,PRO188309130,DTN,1,,t
wieds101,PRO188309140,DTN,1,,t
sawyw101,PHI188309141,CL2,1,,t
dailh101,PHI188309142,CL2,1,,t
shawd101,BSN188309150,DTN,1,,t
galvj103,PHI188309150,BFN,1,,t
goldf101,PRO188309150,CHN,1,,t
wieds101,BSN188309180,DTN,1,,t
galvj103,PHI188309180,BFN,1,,t
corcl101,PRO188309180,CHN,1,,t
shawd101,BSN188309190,DTN,1,,t
galvj103,PHI188309190,BFN,1,,t
corcl101,PRO188309190,CHN,1,,t
galvj103,BSN188309210,BFN,1,,t
wieds101,PHI188309210,DTN,1,,t
sawyw101,PRO188309210,CL2,1,,t
galvj103,BSN188309220,BFN,1,,t
shawd101,PHI188309220,DTN,1,,t
dailh101,PRO188309220,CL2,1,,t
galvj103,BSN188309250,BFN,1,,t
wieds101,PHI188309250,DTN,1,,t
sawyw101,PRO188309250,CL2,1,,t
hagaa101,BSN188309260,BFN,1,,t
shawd101,PHI188309260,DTN,1,,t
sawyw101,BSN188309270,CL2,1,,t
corcl101,PHI188309270,CHN,1,,t
galvj103,PRO188309270,BFN,1,,t
dailh101,BSN188309280,CL2,1,,t
goldf101,PHI188309280,CHN,1,,t
hagaa101,PRO188309280,BFN,1,,t
sawyw101,BSN188309290,CL2,1,,t
corcl101,PHI188309290,CHN,1,,t
galvj103,PRO188309290,BFN,1,,t
wieds101,DTN188305010,DTN,1,,t
colej103,PHI188305010,PHI,1,,t
wieds101,DTN188305020,DTN,1,,t
colej103,PHI188305020,PHI,1,,t
burnd102,DTN188305030,DTN,1,,t
hendh102,PHI188305030,PHI,1,,t
colej103,PHI188305040,PHI,1,,t
galvj103,BFN188305050,BFN,1,,t
corcl101,CHN188305050,CHN,1,,t
colej103,PHI188305050,PHI,1,,t
derbg101,BFN188305070,BFN,1,,t
goldf101,CHN188305070,CHN,1,,t
colej103,PHI188305070,PHI,1,,t
galvj103,BFN188305080,BFN,1,,t
corcl101,CHN188305090,CHN,1,,t
galvj103,BFN188305110,BFN,1,,t
goldf101,CHN188305110,CHN,1,,t
wieds101,DTN188305110,DTN,1,,t
derbg101,BFN188305120,BFN,1,,t
corcl101,CHN188305120,CHN,1,,t
burnd102,DTN188305120,DTN,1,,t
goldf101,CHN188305140,CHN,1,,t
galvj103,BFN188305150,BFN,1,,t
corcl101,CHN188305150,CHN,1,,t
burnd102,DTN188305150,DTN,1,,t
derbg101,BFN188305160,BFN,1,,t
goldf101,CHN188305160,CHN,1,,t
mcinf101,DTN188305160,DTN,1,,t
derbg101,BFN188305170,BFN,1,,t
corcl101,CHN188305170,CHN,1,,t
wieds101,DTN188305170,DTN,1,,t
burnd102,DTN188305180,DTN,1,,t
derbg101,BFN188305190,BFN,1,,t
goldf101,CHN188305190,CHN,1,,t
wieds101,DTN188305190,DTN,1,,t
corcl101,CHN188305220,CHN,1,,t
goldf101,CHN188305230,CHN,1,,t
wieds101,DTN188305230,DTN,1,,t
galvj103,BFN188305240,BFN,1,,t
corcl101,CHN188305240,CHN,1,,t
wieds101,DTN188305240,DTN,1,,t
galvj103,BFN188305250,BFN,1,,t
goldf101,CHN188305250,CHN,1,,t
wieds101,DTN188305250,DTN,1,,t
corcl101,CHN188305260,CHN,1,,t
galvj103,BFN188305280,BFN,1,,t
wieds101,DTN188305280,DTN,1,,t
colej103,PHI188305301,PHI,1,,t
neagj101,PHI188305302,PHI,1,,t
whitj102,BSN188305301,BSN,1,,t
buffc101,BSN188305302,BSN,1,,t
richl104,PRO188305301,PRO,1,,t
radbc101,PRO188305302,PRO,1,,t
colej103,PHI188305310,PHI,1,,t
richl104,PRO188305310,PRO,1,,t
whitj102,BSN188306010,BSN,1,,t
colej103,PHI188306010,PHI,1,,t
radbc101,PRO188306010,PRO,1,,t
whitj102,BSN188306020,BSN,1,,t
colej103,PHI188306020,PHI,1,,t
richl104,PRO188306020,PRO,1,,t
whitj102,BSN188306040,BSN,1,,t
colej103,PHI188306040,PHI,1,,t
radbc101,PRO188306040,PRO,1,,t
whitj102,BSN188306050,BSN,1,,t
neagj101,PHI188306050,PHI,1,,t
richl104,PRO188306050,PRO,1,,t
buffc101,BSN188306060,BSN,1,,t
colej103,PHI188306060,PHI,1,,t
radbc101,PRO188306060,PRO,1,,t
whitj102,BSN188306080,BSN,1,,t
colej103,PHI188306080,PHI,1,,t
radbc101,PRO188306080,PRO,1,,t
buffc101,BSN188306090,BSN,1,,t
colej103,PHI188306090,PHI,1,,t
richl104,PRO188306090,PRO,1,,t
whitj102,BSN188306110,BSN,1,,t
neagj101,PHI188306110,PHI,1,,t
sweec101,PRO188306110,PRO,1,,t
whitj102,BSN188306120,BSN,1,,t
colej103,PHI188306120,PHI,1,,t
radbc101,PRO188306120,PRO,1,,t
whitj102,BSN188306140,BSN,1,,t
colej103,PHI188306140,PHI,1,,t
radbc101,PRO188306140,PRO,1,,t
buffc101,BSN188306150,BSN,1,,t
neagj101,PHI188306150,PHI,1,,t
radbc101,PRO188306150,PRO,1,,t
whitj102,BSN188306160,BSN,1,,t
colej103,PHI188306160,PHI,1,,t
sweec101,PRO188306160,PRO,1,,t
colej103,PHI188306180,PHI,1,,t
sweec101,PRO188306180,PRO,1,,t
buffc101,BSN188306190,BSN,1,,t
radbc101,PRO188306190,PRO,1,,t
whitj102,BSN188306200,BSN,1,,t
radbc101,PRO188306200,PRO,1,,t
whitj102,BSN188306210,BSN,1,,t
galvj103,BFN188306210,BFN,1,,t
sweec101,PRO188306210,PRO,1,,t
buffc101,BSN188306220,BSN,1,,t
galvj103,BFN188306220,BFN,1,,t
richl104,PRO188306220,PRO,1,,t
buffc101,BSN188306230,BSN,1,,t
galvj103,BFN188306230,BFN,1,,t
radbc101,PRO188306230,PRO,1,,t
whitj102,BSN188306250,BSN,1,,t
galvj103,BFN188306250,BFN,1,,t
radbc101,PRO188306250,PRO,1,,t
buffc101,BSN188306260,BSN,1,,t
derbg101,BFN188306260,BFN,1,,t
sweec101,PRO188306260,PRO,1,,t
wieds101,DTN188306270,DTN,1,,t
radbc101,PRO188306270,PRO,1,,t
buffc101,BSN188306280,BSN,1,,t
burnd102,DTN188306280,DTN,1,,t
goldf101,CHN188306290,CHN,1,,t
shawd101,DTN188306290,DTN,1,,t
radbc101,PRO188306290,PRO,1,,t
whitj102,BSN188306300,BSN,1,,t
corcl101,CHN188306300,CHN,1,,t
wieds101,DTN188306300,DTN,1,,t
hagaa101,PHI188306300,PHI,1,,t
whitj102,BSN188307020,BSN,1,,t
goldf101,CHN188307020,CHN,1,,t
burnd102,DTN188307020,DTN,1,,t
colej103,PHI188307020,PHI,1,,t
corcl101,CHN188307030,CHN,1,,t
radbc101,PRO188307030,PRO,1,,t
shawd101,DTN188307040,DTN,1,,t
goldf101,CHN188307041,CHN,1,,t
corcl101,CHN188307042,CHN,1,,t
colej103,PHI188307041,PHI,1,,t
hagaa101,PHI188307042,PHI,1,,t
wieds101,DTN188307050,DTN,1,,t
goldf101,CHN188307060,CHN,1,,t
shawd101,DTN188307060,DTN,1,,t
colej103,PHI188307060,PHI,1,,t
corcl101,CHN188307070,CHN,1,,t
breia101,PHI188307070,PHI,1,,t
galvj103,BFN188307090,BFN,1,,t
jonej107,DTN188307090,DTN,1,,t
galvj103,BFN188307100,BFN,1,,t
goldf101,CHN188307100,CHN,1,,t
wieds101,DTN188307100,DTN,1,,t
galvj103,BFN188307110,BFN,1,,t
goldf101,CHN188307110,CHN,1,,t
shawd101,DTN188307110,DTN,1,,t
burkj105,BFN188307120,BFN,1,,t
corcl101,CHN188307120,CHN,1,,t
galvj103,BFN188307130,BFN,1,,t
jonej107,DTN188307130,DTN,1,,t
galvj103,BFN188307140,BFN,1,,t
corcl101,CHN188307140,CHN,1,,t
shawd101,DTN188307140,DTN,1,,t
galvj103,BFN188307170,BFN,1,,t
goldf101,CHN188307170,CHN,1,,t
jonej107,DTN188307170,DTN,1,,t
cushe101,BFN188307180,BFN,1,,t
corcl101,CHN188307180,CHN,1,,t
wieds101,DTN188307180,DTN,1,,t
galvj103,BFN188307190,BFN,1,,t
goldf101,CHN188307190,CHN,1,,t
shawd101,DTN188307190,DTN,1,,t
galvj103,BFN188307210,BFN,1,,t
corcl101,CHN188307210,CHN,1,,t
jonej107,DTN188307210,DTN,1,,t
galvj103,BFN188307230,BFN,1,,t
cushe101,BFN188307240,BFN,1,,t
corcl101,CHN188307240,CHN,1,,t
galvj103,BFN188307250,BFN,1,,t
goldf101,CHN188307250,CHN,1,,t
wieds101,DTN188307250,DTN,1,,t
cushe101,BFN188307260,BFN,1,,t
corcl101,CHN188307260,CHN,1,,t
shawd101,DTN188307260,DTN,1,,t
wieds101,DTN188307270,DTN,1,,t
galvj103,BFN188307280,BFN,1,,t
goldf101,CHN188307280,CHN,1,,t
jonej107,DTN188307280,DTN,1,,t
galvj103,BFN188307310,BFN,1,,t
corcl101,CHN188307310,CHN,1,,t
shawd101,DTN188307310,DTN,1,,t
galvj103,BFN188308010,BFN,1,,t
corcl101,CHN188308010,CHN,1,,t
wieds101,DTN188308010,DTN,1,,t
galvj103,BFN188308020,BFN,1,,t
corcl101,CHN188308020,CHN,1,,t
jonej107,DTN188308020,DTN,1,,t
galvj103,BFN188308040,BFN,1,,t
goldf101,CHN188308040,CHN,1,,t
wieds101,DTN188308040,DTN,1,,t
wieds101,DTN188308070,DTN,1,,t
colej103,PHI188308070,PHI,1,,t
radbc101,PRO188308070,PRO,1,,t
whitj102,BSN188308080,BSN,1,,t
shawd101,DTN188308080,DTN,1,,t
wieds101,DTN188308090,DTN,1,,t
colej103,PHI188308090,PHI,1,,t
radbc101,PRO188308090,PRO,1,,t
whitj102,BSN188308110,BSN,1,,t
galvj103,BFN188308110,BFN,1,,t
galvj103,BFN188308130,BFN,1,,t
buffc101,BSN188308140,BSN,1,,t
cushe101,BFN188308140,BFN,1,,t
radbc101,PRO188308140,PRO,1,,t
whitj102,BSN188308150,BSN,1,,t
galvj103,BFN188308150,BFN,1,,t
sweec101,PRO188308150,PRO,1,,t
galvj103,BFN188308160,BFN,1,,t
buffc101,BSN188308170,BSN,1,,t
cushe101,BFN188308170,BFN,1,,t
sweec101,PRO188308170,PRO,1,,t
buffc101,BSN188308180,BSN,1,,t
galvj103,BFN188308180,BFN,1,,t
radbc101,PRO188308180,PRO,1,,t
galvj103,BFN188308200,BFN,1,,t
whitj102,BSN188308210,BSN,1,,t
galvj103,BFN188308210,BFN,1,,t
radbc101,PRO188308210,PRO,1,,t
buffc101,BSN188308220,BSN,1,,t
jonej107,DTN188308220,DTN,1,,t
sweec101,PRO188308220,PRO,1,,t
goldf101,CHN188308230,CHN,1,,t
shawd101,DTN188308230,DTN,1,,t
goldf101,CHN188308240,CHN,1,,t
jonej107,DTN188308240,DTN,1,,t
radbc101,PRO188308240,PRO,1,,t
whitj102,BSN188308250,BSN,1,,t
goldf101,CHN188308250,CHN,1,,t
shawd101,DTN188308250,DTN,1,,t
wieds101,DTN188308270,DTN,1,,t
whitj102,BSN188308280,BSN,1,,t
corcl101,CHN188308290,CHN,1,,t
shawd101,DTN188308290,DTN,1,,t
goldf101,CHN188308300,CHN,1,,t
shawd101,DTN188308300,DTN,1,,t
colej103,PHI188308300,PHI,1,,t
corcl101,CHN188309010,CHN,1,,t
wieds101,DTN188309010,DTN,1,,t
colej103,PHI188309010,PHI,1,,t
shawd101,DTN188309030,DTN,1,,t
galvj103,BFN188309040,BFN,1,,t
goldf101,CHN188309040,CHN,1,,t
galvj103,BFN188309050,BFN,1,,t
corcl101,CHN188309050,CHN,1,,t
galvj103,BFN188309060,BFN,1,,t
goldf101,CHN188309060,CHN,1,,t
radbc101,PRO188309060,PRO,1,,t
radbc101,PRO188309070,PRO,1,,t
whitj102,BSN188309080,BSN,1,,t
galvj103,BFN188309080,BFN,1,,t
corcl101,CHN188309080,CHN,1,,t
colej103,PHI188309080,PHI,1,,t
whitj102,BSN188309100,BSN,1,,t
whitj102,BSN188309110,BSN,1,,t
radbc101,PRO188309110,PRO,1,,t
buffc101,BSN188309120,BSN,1,,t
whitj102,BSN188309130,BSN,1,,t
colej103,PHI188309130,PHI,1,,t
radbc101,PRO188309130,PRO,1,,t
sweec101,PRO188309140,PRO,1,,t
colej103,PHI188309142,PHI,1,,t
whitj102,BSN188309150,BSN,1,,t
colej103,PHI188309150,PHI,1,,t
sweec101,PRO188309150,PRO,1,,t
buffc101,BSN188309180,BSN,1,,t
radbc101,PRO188309180,PRO,1,,t
whitj102,BSN188309190,BSN,1,,t
colej103,PHI188309190,PHI,1,,t
radbc101,PRO188309190,PRO,1,,t
whitj102,BSN188309210,BSN,1,,t
colej103,PHI188309210,PHI,1,,t
radbc101,PRO188309210,PRO,1,,t
buffc101,BSN188309220,BSN,1,,t
radbc101,PRO188309220,PRO,1,,t
whitj102,BSN188309250,BSN,1,,t
radbc101,PRO188309250,PRO,1,,t
buffc101,BSN188309260,BSN,1,,t
whitj102,BSN188309270,BSN,1,,t
hilsc101,PHI188309270,PHI,1,,t
richl104,PRO188309270,PRO,1,,t
buffc101,BSN188309280,BSN,1,,t
hilsc101,PHI188309280,PHI,1,,t
radbc101,PRO188309280,PRO,1,,t
whitj102,BSN188309290,BSN,1,,t
hilsc101,PHI188309290,PHI,1,,t
radbc101,PRO188309290,PRO,1,,t
