id,game_id,team_id,field_pos,batt_ord,start
connt901,BSN190004190,UMP,ump_hp,,t
odayh101,CIN190004190,UMP,ump_hp,,t
hurst801,SLN190004190,UMP,ump_hp,,t
connt901,PHI190004200,UMP,ump_hp,,t
emslb101,BRO190004210,UMP,ump_hp,,t
odayh101,CIN190004210,UMP,ump_hp,,t
connt901,PHI190004210,UMP,ump_hp,,t
hurst801,SLN190004210,UMP,ump_hp,,t
odayh101,CIN190004220,UMP,ump_hp,,t
hurst801,SLN190004220,UMP,ump_hp,,t
odayh101,CIN190004230,UMP,ump_hp,,t
connt901,PHI190004230,UMP,ump_hp,,t
odayh101,CIN190004240,UMP,ump_hp,,t
emslb101,PHI190004240,UMP,ump_hp,,t
hurst801,SLN190004240,UMP,ump_hp,,t
odayh101,CIN190004250,UMP,ump_hp,,t
emslb101,PHI190004250,UMP,ump_hp,,t
hurst801,SLN190004250,UMP,ump_hp,,t
emslb101,PHI190004260,UMP,ump_hp,,t
sware101,PIT190004260,UMP,ump_hp,,t
hurst801,SLN190004260,UMP,ump_hp,,t
odayh101,CHN190004270,UMP,ump_hp,,t
emslb101,PHI190004270,UMP,ump_hp,,t
sware101,PIT190004270,UMP,ump_hp,,t
emslb101,BRO190004280,UMP,ump_hp,,t
odayh101,CHN190004280,UMP,ump_hp,,t
connt901,PHI190004280,UMP,ump_hp,,t
sware101,PIT190004280,UMP,ump_hp,,t
odayh101,CHN190004290,UMP,ump_hp,,t
sware101,CIN190004290,UMP,ump_hp,,t
emslb101,BRO190004300,UMP,ump_hp,,t
odayh101,CHN190004300,UMP,ump_hp,,t
connt901,PHI190004300,UMP,ump_hp,,t
emslb101,BRO190005010,UMP,ump_hp,,t
odayh101,CHN190005010,UMP,ump_hp,,t
emslb101,BRO190005020,UMP,ump_hp,,t
hurst801,PIT190005020,UMP,ump_hp,,t
connt901,BRO190005030,UMP,ump_hp,,t
sware101,CHN190005030,UMP,ump_hp,,t
hurst801,PIT190005030,UMP,ump_hp,,t
emslb101,BSN190005040,UMP,ump_hp,,t
sware101,CHN190005040,UMP,ump_hp,,t
emslb101,BSN190005050,UMP,ump_hp,,t
connt901,BRO190005050,UMP,ump_hp,,t
sware101,CHN190005050,UMP,ump_hp,,t
hurst801,PIT190005050,UMP,ump_hp,,t
sware101,CHN190005060,UMP,ump_hp,,t
odayh101,SLN190005060,UMP,ump_hp,,t
connt901,BSN190005070,UMP,ump_hp,,t
emslb101,BRO190005070,UMP,ump_hp,,t
hurst801,PIT190005070,UMP,ump_hp,,t
connt901,BSN190005080,UMP,ump_hp,,t
emslb101,BRO190005080,UMP,ump_hp,,t
hurst801,PIT190005080,UMP,ump_hp,,t
odayh101,SLN190005080,UMP,ump_hp,,t
sware101,PIT190005100,UMP,ump_hp,,t
sware101,CIN190005110,UMP,ump_hp,,t
odayh101,CHN190005120,UMP,ump_hp,,t
sware101,CIN190005120,UMP,ump_hp,,t
emslb101,PIT190005120,UMP,ump_hp,,t
hurst801,SLN190005120,UMP,ump_hp,,t
odayh101,CHN190005130,UMP,ump_hp,,t
sware101,CIN190005130,UMP,ump_hp,,t
hurst801,SLN190005130,UMP,ump_hp,,t
odayh101,CHN190005140,UMP,ump_hp,,t
sware101,CIN190005140,UMP,ump_hp,,t
emslb101,PIT190005140,UMP,ump_hp,,t
hurst801,SLN190005140,UMP,ump_hp,,t
odayh101,CHN190005150,UMP,ump_hp,,t
sware101,CIN190005150,UMP,ump_hp,,t
emslb101,PIT190005150,UMP,ump_hp,,t
hurst801,SLN190005150,UMP,ump_hp,,t
odayh101,CHN190005160,UMP,ump_hp,,t
emslb101,CIN190005160,UMP,ump_hp,,t
latha101,PIT190005160,UMP,ump_hp,,t
sware101,SLN190005160,UMP,ump_hp,,t
emslb101,CIN190005170,UMP,ump_hp,,t
hurst801,PIT190005170,UMP,ump_hp,,t
hurst801,PIT190005180,UMP,ump_hp,,t
sware101,SLN190005180,UMP,ump_hp,,t
sware101,CHN190005190,UMP,ump_hp,,t
sware101,CHN190005200,UMP,ump_hp,,t
emslb101,CIN190005200,UMP,ump_hp,,t
odayh101,SLN190005200,UMP,ump_hp,,t
sware101,CHN190005210,UMP,ump_hp,,t
emslb101,CIN190005210,UMP,ump_hp,,t
hurst801,PIT190005210,UMP,ump_hp,,t
odayh101,SLN190005210,UMP,ump_hp,,t
sware101,CHN190005220,UMP,ump_hp,,t
emslb101,CIN190005220,UMP,ump_hp,,t
hurst801,PIT190005220,UMP,ump_hp,,t
odayh101,SLN190005220,UMP,ump_hp,,t
sware101,CHN190005230,UMP,ump_hp,,t
emslb101,CIN190005230,UMP,ump_hp,,t
hurst801,PIT190005230,UMP,ump_hp,,t
odayh101,SLN190005230,UMP,ump_hp,,t
emslb101,CIN190005240,UMP,ump_hp,,t
hurst801,PIT190005240,UMP,ump_hp,,t
sware101,SLN190005240,UMP,ump_hp,,t
emslb101,CHN190005250,UMP,ump_hp,,t
sware101,CIN190005250,UMP,ump_hp,,t
odayh101,PIT190005250,UMP,ump_hp,,t
hurst801,SLN190005250,UMP,ump_hp,,t
emslb101,CHN190005260,UMP,ump_hp,,t
sware101,CIN190005260,UMP,ump_hp,,t
odayh101,PIT190005260,UMP,ump_hp,,t
hurst801,SLN190005260,UMP,ump_hp,,t
sware101,CIN190005270,UMP,ump_hp,,t
emslb101,CHN190005280,UMP,ump_hp,,t
odayh101,PIT190005280,UMP,ump_hp,,t
hurst801,SLN190005280,UMP,ump_hp,,t
emslb101,BSN190005301,UMP,ump_hp,,t
emslb101,BSN190005302,UMP,ump_hp,,t
hurst801,BRO190005301,UMP,ump_hp,,t
hurst801,BRO190005302,UMP,ump_hp,,t
odayh101,PHI190005301,UMP,ump_hp,,t
odayh101,PHI190005302,UMP,ump_hp,,t
emslb101,BSN190005310,UMP,ump_hp,,t
odayh101,PHI190005310,UMP,ump_hp,,t
emslb101,BSN190006010,UMP,ump_hp,,t
hurst801,BRO190006010,UMP,ump_hp,,t
odayh101,PHI190006010,UMP,ump_hp,,t
emslb101,BSN190006020,UMP,ump_hp,,t
odayh101,PHI190006020,UMP,ump_hp,,t
sware101,BSN190006040,UMP,ump_hp,,t
odayh101,BRO190006040,UMP,ump_hp,,t
hurst801,PHI190006040,UMP,ump_hp,,t
sware101,BSN190006050,UMP,ump_hp,,t
odayh101,BRO190006050,UMP,ump_hp,,t
hurst801,PHI190006050,UMP,ump_hp,,t
sware101,BSN190006060,UMP,ump_hp,,t
odayh101,BRO190006060,UMP,ump_hp,,t
hurst801,PHI190006060,UMP,ump_hp,,t
hurst801,BSN190006070,UMP,ump_hp,,t
sware101,BRO190006070,UMP,ump_hp,,t
emslb101,PHI190006070,UMP,ump_hp,,t
hurst801,BSN190006080,UMP,ump_hp,,t
hurst801,BSN190006090,UMP,ump_hp,,t
sware101,BRO190006090,UMP,ump_hp,,t
emslb101,PHI190006090,UMP,ump_hp,,t
hurst801,BSN190006110,UMP,ump_hp,,t
sware101,BRO190006110,UMP,ump_hp,,t
emslb101,PHI190006110,UMP,ump_hp,,t
emslb101,BSN190006120,UMP,ump_hp,,t
odayh101,BRO190006120,UMP,ump_hp,,t
hurst801,PHI190006120,UMP,ump_hp,,t
emslb101,BSN190006130,UMP,ump_hp,,t
odayh101,BRO190006130,UMP,ump_hp,,t
hurst801,PHI190006130,UMP,ump_hp,,t
emslb101,BSN190006140,UMP,ump_hp,,t
odayh101,BRO190006140,UMP,ump_hp,,t
hurst801,PHI190006140,UMP,ump_hp,,t
odayh101,BSN190006150,UMP,ump_hp,,t
emslb101,PHI190006150,UMP,ump_hp,,t
odayh101,BSN190006160,UMP,ump_hp,,t
emslb101,PHI190006160,UMP,ump_hp,,t
sware101,PIT190006160,UMP,ump_hp,,t
terra101,SLN190006160,UMP,ump_hp,,t
hurst801,CHN190006170,UMP,ump_hp,,t
terra101,SLN190006170,UMP,ump_hp,,t
odayh101,BSN190006180,UMP,ump_hp,,t
hurst801,CHN190006180,UMP,ump_hp,,t
emslb101,PHI190006180,UMP,ump_hp,,t
terra101,SLN190006180,UMP,ump_hp,,t
odayh101,BSN190006190,UMP,ump_hp,,t
hurst801,CHN190006190,UMP,ump_hp,,t
emslb101,PHI190006190,UMP,ump_hp,,t
terra101,SLN190006190,UMP,ump_hp,,t
hurst801,CHN190006200,UMP,ump_hp,,t
odayh101,PHI190006200,UMP,ump_hp,,t
odayh101,PHI190006210,UMP,ump_hp,,t
sware101,CHN190006220,UMP,ump_hp,,t
odayh101,PHI190006220,UMP,ump_hp,,t
emslb101,BSN190006230,UMP,ump_hp,,t
sware101,CHN190006230,UMP,ump_hp,,t
sware101,CHN190006240,UMP,ump_hp,,t
emslb101,BSN190006250,UMP,ump_hp,,t
latha101,BRO190006250,UMP,ump_hp,,t
terra101,SLN190006250,UMP,ump_hp,,t
emslb101,BSN190006260,UMP,ump_hp,,t
hurst801,PIT190006260,UMP,ump_hp,,t
sware101,SLN190006260,UMP,ump_hp,,t
hurst801,PIT190006270,UMP,ump_hp,,t
sware101,SLN190006270,UMP,ump_hp,,t
terra101,CIN190006280,UMP,ump_hp,,t
emslb101,PIT190006280,UMP,ump_hp,,t
hurst801,CHN190006290,UMP,ump_hp,,t
terra101,CIN190006290,UMP,ump_hp,,t
emslb101,PIT190006290,UMP,ump_hp,,t
sware101,SLN190006290,UMP,ump_hp,,t
hurst801,CHN190006300,UMP,ump_hp,,t
terra101,CIN190006300,UMP,ump_hp,,t
emslb101,PIT190006300,UMP,ump_hp,,t
weyhg101,SLN190006300,UMP,ump_hp,,t
hurst801,CHN190007010,UMP,ump_hp,,t
terra101,CIN190007010,UMP,ump_hp,,t
sware101,SLN190007010,UMP,ump_hp,,t
terra101,CHN190007020,UMP,ump_hp,,t
breit101,CIN190007020,UMP,ump_hp,,t
snydp101,PIT190007020,UMP,ump_hp,,t
hurst801,SLN190007020,UMP,ump_hp,,t
terra101,CHN190007030,UMP,ump_hp,,t
snydp101,CIN190007030,UMP,ump_hp,,t
sware101,PIT190007030,UMP,ump_hp,,t
terra101,CHN190007041,UMP,ump_hp,,t
terra101,CHN190007042,UMP,ump_hp,,t
emslb101,CIN190007041,UMP,ump_hp,,t
emslb101,CIN190007042,UMP,ump_hp,,t
sware101,PIT190007041,UMP,ump_hp,,t
sware101,PIT190007042,UMP,ump_hp,,t
hurst801,SLN190007041,UMP,ump_hp,,t
hurst801,SLN190007042,UMP,ump_hp,,t
terra101,CHN190007050,UMP,ump_hp,,t
emslb101,CIN190007050,UMP,ump_hp,,t
sware101,PIT190007050,UMP,ump_hp,,t
hurst801,SLN190007050,UMP,ump_hp,,t
terra101,CHN190007060,UMP,ump_hp,,t
emslb101,CIN190007060,UMP,ump_hp,,t
hurst801,SLN190007060,UMP,ump_hp,,t
odayh101,CHN190007070,UMP,ump_hp,,t
emslb101,CIN190007070,UMP,ump_hp,,t
sware101,PIT190007070,UMP,ump_hp,,t
hurst801,SLN190007070,UMP,ump_hp,,t
odayh101,CHN190007080,UMP,ump_hp,,t
emslb101,CIN190007080,UMP,ump_hp,,t
hurst801,SLN190007080,UMP,ump_hp,,t
odayh101,CHN190007090,UMP,ump_hp,,t
terra101,CIN190007090,UMP,ump_hp,,t
emslb101,SLN190007090,UMP,ump_hp,,t
odayh101,CHN190007100,UMP,ump_hp,,t
terra101,CIN190007100,UMP,ump_hp,,t
hurst801,PIT190007100,UMP,ump_hp,,t
emslb101,SLN190007100,UMP,ump_hp,,t
terra101,CIN190007110,UMP,ump_hp,,t
sware101,PIT190007110,UMP,ump_hp,,t
emslb101,SLN190007110,UMP,ump_hp,,t
terra101,CIN190007120,UMP,ump_hp,,t
sware101,PIT190007120,UMP,ump_hp,,t
emslb101,SLN190007120,UMP,ump_hp,,t
terra101,CIN190007130,UMP,ump_hp,,t
sware101,PIT190007130,UMP,ump_hp,,t
sware101,BRO190007140,UMP,ump_hp,,t
odayh101,CHN190007140,UMP,ump_hp,,t
terra101,CIN190007140,UMP,ump_hp,,t
emslb101,PHI190007140,UMP,ump_hp,,t
odayh101,CHN190007150,UMP,ump_hp,,t
terra101,CIN190007150,UMP,ump_hp,,t
odayh101,CHN190007160,UMP,ump_hp,,t
emslb101,PHI190007160,UMP,ump_hp,,t
sware101,BRO190007170,UMP,ump_hp,,t
emslb101,PHI190007170,UMP,ump_hp,,t
odayh101,PIT190007170,UMP,ump_hp,,t
sware101,BRO190007180,UMP,ump_hp,,t
odayh101,BSN190007190,UMP,ump_hp,,t
sware101,BRO190007190,UMP,ump_hp,,t
emslb101,PHI190007190,UMP,ump_hp,,t
odayh101,BSN190007200,UMP,ump_hp,,t
sware101,BRO190007200,UMP,ump_hp,,t
emslb101,PHI190007200,UMP,ump_hp,,t
odayh101,BSN190007210,UMP,ump_hp,,t
sware101,BRO190007210,UMP,ump_hp,,t
emslb101,PHI190007210,UMP,ump_hp,,t
hurst801,BSN190007230,UMP,ump_hp,,t
odayh101,BRO190007230,UMP,ump_hp,,t
terra101,PHI190007230,UMP,ump_hp,,t
hurst801,BSN190007240,UMP,ump_hp,,t
odayh101,BRO190007240,UMP,ump_hp,,t
terra101,PHI190007240,UMP,ump_hp,,t
hurst801,BSN190007250,UMP,ump_hp,,t
odayh101,BRO190007250,UMP,ump_hp,,t
terra101,PHI190007250,UMP,ump_hp,,t
odayh101,BSN190007270,UMP,ump_hp,,t
hurst801,BRO190007270,UMP,ump_hp,,t
terra101,PHI190007270,UMP,ump_hp,,t
odayh101,BSN190007280,UMP,ump_hp,,t
hurst801,BRO190007280,UMP,ump_hp,,t
terra101,PHI190007280,UMP,ump_hp,,t
sware101,BSN190007300,UMP,ump_hp,,t
sware101,BSN190007310,UMP,ump_hp,,t
terra101,BRO190007310,UMP,ump_hp,,t
hurst801,PHI190007310,UMP,ump_hp,,t
sware101,BSN190008010,UMP,ump_hp,,t
hurst801,BRO190008010,UMP,ump_hp,,t
snydp101,PHI190008010,UMP,ump_hp,,t
sware101,BRO190008020,UMP,ump_hp,,t
odayh101,PHI190008020,UMP,ump_hp,,t
hurst801,CHN190008040,UMP,ump_hp,,t
sware101,CIN190008040,UMP,ump_hp,,t
odayh101,PIT190008040,UMP,ump_hp,,t
emslb101,SLN190008040,UMP,ump_hp,,t
hurst801,CHN190008050,UMP,ump_hp,,t
sware101,CIN190008050,UMP,ump_hp,,t
emslb101,SLN190008050,UMP,ump_hp,,t
hurst801,CHN190008060,UMP,ump_hp,,t
sware101,CIN190008061,UMP,ump_hp,,t
nichk101,CIN190008062,UMP,ump_hp,,t
odayh101,PIT190008060,UMP,ump_hp,,t
emslb101,SLN190008060,UMP,ump_hp,,t
hurst801,CHN190008070,UMP,ump_hp,,t
sware101,CIN190008070,UMP,ump_hp,,t
odayh101,PIT190008070,UMP,ump_hp,,t
emslb101,SLN190008070,UMP,ump_hp,,t
hurst801,CHN190008080,UMP,ump_hp,,t
odayh101,PIT190008080,UMP,ump_hp,,t
hurst801,CHN190008090,UMP,ump_hp,,t
sware101,CIN190008090,UMP,ump_hp,,t
odayh101,PIT190008090,UMP,ump_hp,,t
emslb101,SLN190008090,UMP,ump_hp,,t
terra101,CHN190008110,UMP,ump_hp,,t
sware101,CIN190008110,UMP,ump_hp,,t
odayh101,PIT190008110,UMP,ump_hp,,t
emslb101,SLN190008110,UMP,ump_hp,,t
terra101,CHN190008120,UMP,ump_hp,,t
emslb101,SLN190008120,UMP,ump_hp,,t
nichk101,CHN190008131,UMP,ump_hp,,t
hurst801,CHN190008132,UMP,ump_hp,,t
emslb101,CIN190008130,UMP,ump_hp,,t
odayh101,PIT190008130,UMP,ump_hp,,t
terra101,SLN190008130,UMP,ump_hp,,t
hurst801,CHN190008141,UMP,ump_hp,,t
hurst801,CHN190008142,UMP,ump_hp,,t
sware101,PIT190008141,UMP,ump_hp,,t
odayh101,PIT190008142,UMP,ump_hp,,t
terra101,SLN190008140,UMP,ump_hp,,t
emslb101,CIN190008151,UMP,ump_hp,,t
latha101,CIN190008152,UMP,ump_hp,,t
sware101,PIT190008150,UMP,ump_hp,,t
terra101,SLN190008150,UMP,ump_hp,,t
sware101,CHN190008160,UMP,ump_hp,,t
emslb101,CIN190008160,UMP,ump_hp,,t
odayh101,PIT190008160,UMP,ump_hp,,t
hurst801,SLN190008160,UMP,ump_hp,,t
emslb101,CIN190008170,UMP,ump_hp,,t
odayh101,PIT190008170,UMP,ump_hp,,t
hurst801,SLN190008170,UMP,ump_hp,,t
sware101,CHN190008180,UMP,ump_hp,,t
emslb101,CIN190008180,UMP,ump_hp,,t
odayh101,PIT190008180,UMP,ump_hp,,t
hurst801,SLN190008180,UMP,ump_hp,,t
sware101,CHN190008190,UMP,ump_hp,,t
hurst801,SLN190008190,UMP,ump_hp,,t
odayh101,PIT190008200,UMP,ump_hp,,t
sware101,SLN190008200,UMP,ump_hp,,t
odayh101,PHI190008210,UMP,ump_hp,,t
sware101,SLN190008210,UMP,ump_hp,,t
hurst801,BSN190008220,UMP,ump_hp,,t
hurst801,BSN190008230,UMP,ump_hp,,t
snydp101,PIT190008230,UMP,ump_hp,,t
snydp101,PIT190008240,UMP,ump_hp,,t
sware101,SLN190008240,UMP,ump_hp,,t
hurst801,BSN190008250,UMP,ump_hp,,t
snydp101,PIT190008250,UMP,ump_hp,,t
warna901,SLN190008250,UMP,ump_hp,,t
latha101,CIN190008260,UMP,ump_hp,,t
warna901,SLN190008260,UMP,ump_hp,,t
odayh101,BRO190008270,UMP,ump_hp,,t
emslb101,CHN190008270,UMP,ump_hp,,t
sware101,BSN190008280,UMP,ump_hp,,t
odayh101,BRO190008280,UMP,ump_hp,,t
emslb101,CHN190008280,UMP,ump_hp,,t
sware101,BSN190008290,UMP,ump_hp,,t
hurst801,BRO190008290,UMP,ump_hp,,t
emslb101,CHN190008290,UMP,ump_hp,,t
sware101,BSN190008300,UMP,ump_hp,,t
hurst801,BRO190008300,UMP,ump_hp,,t
emslb101,CHN190008300,UMP,ump_hp,,t
odayh101,PIT190008300,UMP,ump_hp,,t
sware101,BSN190008310,UMP,ump_hp,,t
hurst801,BRO190008310,UMP,ump_hp,,t
emslb101,CHN190008310,UMP,ump_hp,,t
odayh101,PIT190008310,UMP,ump_hp,,t
sware101,BSN190009010,UMP,ump_hp,,t
hurst801,BRO190009010,UMP,ump_hp,,t
emslb101,CHN190009011,UMP,ump_hp,,t
emslb101,CHN190009012,UMP,ump_hp,,t
odayh101,PIT190009010,UMP,ump_hp,,t
odayh101,BSN190009031,UMP,ump_hp,,t
odayh101,BSN190009032,UMP,ump_hp,,t
hurst801,BRO190009031,UMP,ump_hp,,t
hurst801,BRO190009032,UMP,ump_hp,,t
emslb101,PHI190009031,UMP,ump_hp,,t
emslb101,PHI190009032,UMP,ump_hp,,t
odayh101,BSN190009041,UMP,ump_hp,,t
odayh101,BSN190009042,UMP,ump_hp,,t
hurst801,BRO190009040,UMP,ump_hp,,t
emslb101,PHI190009040,UMP,ump_hp,,t
odayh101,BSN190009050,UMP,ump_hp,,t
hurst801,BRO190009051,UMP,ump_hp,,t
hurst801,BRO190009052,UMP,ump_hp,,t
emslb101,PHI190009050,UMP,ump_hp,,t
snydp101,BSN190009060,UMP,ump_hp,,t
odayh101,BRO190009060,UMP,ump_hp,,t
emslb101,PHI190009060,UMP,ump_hp,,t
snydp101,BSN190009070,UMP,ump_hp,,t
odayh101,BRO190009070,UMP,ump_hp,,t
emslb101,PHI190009070,UMP,ump_hp,,t
snydp101,BSN190009080,UMP,ump_hp,,t
odayh101,BRO190009081,UMP,ump_hp,,t
odayh101,BRO190009082,UMP,ump_hp,,t
emslb101,PHI190009080,UMP,ump_hp,,t
odayh101,BRO190009100,UMP,ump_hp,,t
emslb101,PHI190009101,UMP,ump_hp,,t
emslb101,PHI190009102,UMP,ump_hp,,t
hurst801,BSN190009110,UMP,ump_hp,,t
snydp101,BRO190009110,UMP,ump_hp,,t
odayh101,PHI190009110,UMP,ump_hp,,t
hurst801,BSN190009120,UMP,ump_hp,,t
snydp101,BRO190009120,UMP,ump_hp,,t
odayh101,PHI190009120,UMP,ump_hp,,t
hurst801,BSN190009130,UMP,ump_hp,,t
snydp101,BRO190009131,UMP,ump_hp,,t
latha101,BRO190009132,UMP,ump_hp,,t
odayh101,PHI190009130,UMP,ump_hp,,t
gaffj801,BRO190009140,UMP,ump_hp,,t
emslb101,BSN190009150,UMP,ump_hp,,t
gaffj801,BRO190009151,UMP,ump_hp,,t
jennh101,BRO190009152,UMP,ump_hp,,t
hurst801,PHI190009150,UMP,ump_hp,,t
emslb101,BSN190009171,UMP,ump_hp,,t
emslb101,BSN190009172,UMP,ump_hp,,t
gaffj801,BRO190009170,UMP,ump_hp,,t
hurst801,PHI190009171,UMP,ump_hp,,t
hurst801,PHI190009172,UMP,ump_hp,,t
murrm101,BSN190009180,UMP,ump_hp,,t
gaffj801,BRO190009180,UMP,ump_hp,,t
hurst801,PHI190009180,UMP,ump_hp,,t
gaffj801,BRO190009190,UMP,ump_hp,,t
hurst801,PHI190009190,UMP,ump_hp,,t
hurst801,BSN190009200,UMP,ump_hp,,t
odayh101,PIT190009200,UMP,ump_hp,,t
hurst801,BSN190009211,UMP,ump_hp,,t
hurst801,BSN190009212,UMP,ump_hp,,t
snydp101,BRO190009210,UMP,ump_hp,,t
emslb101,CIN190009210,UMP,ump_hp,,t
odayh101,PIT190009210,UMP,ump_hp,,t
hurst801,BSN190009220,UMP,ump_hp,,t
emslb101,CIN190009220,UMP,ump_hp,,t
odayh101,PIT190009220,UMP,ump_hp,,t
emslb101,CIN190009231,UMP,ump_hp,,t
emslb101,CIN190009232,UMP,ump_hp,,t
odayh101,SLN190009230,UMP,ump_hp,,t
snydp101,BSN190009240,UMP,ump_hp,,t
hurst801,BRO190009240,UMP,ump_hp,,t
odayh101,SLN190009240,UMP,ump_hp,,t
snydp101,BSN190009251,UMP,ump_hp,,t
snydp101,BSN190009252,UMP,ump_hp,,t
hurst801,BRO190009250,UMP,ump_hp,,t
odayh101,SLN190009250,UMP,ump_hp,,t
snydp101,BSN190009260,UMP,ump_hp,,t
hurst801,BRO190009260,UMP,ump_hp,,t
emslb101,PIT190009260,UMP,ump_hp,,t
hurst801,BRO190009270,UMP,ump_hp,,t
emslb101,PIT190009270,UMP,ump_hp,,t
hurst801,BRO190009280,UMP,ump_hp,,t
emslb101,PIT190009280,UMP,ump_hp,,t
odayh101,SLN190009280,UMP,ump_hp,,t
hurst801,BRO190009290,UMP,ump_hp,,t
odayh101,CHN190009291,UMP,ump_hp,,t
odayh101,CHN190009292,UMP,ump_hp,,t
emslb101,PIT190009290,UMP,ump_hp,,t
odayh101,CHN190009301,UMP,ump_hp,,t
odayh101,CHN190009302,UMP,ump_hp,,t
emslb101,CIN190009300,UMP,ump_hp,,t
hurst801,BRO190010011,UMP,ump_hp,,t
hurst801,BRO190010012,UMP,ump_hp,,t
odayh101,CHN190010010,UMP,ump_hp,,t
hurst801,BSN190010020,UMP,ump_hp,,t
odayh101,CHN190010020,UMP,ump_hp,,t
snydp101,PHI190010020,UMP,ump_hp,,t
hurst801,BSN190010031,UMP,ump_hp,,t
hurst801,BSN190010032,UMP,ump_hp,,t
emslb101,CIN190010030,UMP,ump_hp,,t
snydp101,PHI190010030,UMP,ump_hp,,t
hurst801,BSN190010040,UMP,ump_hp,,t
emslb101,CIN190010040,UMP,ump_hp,,t
snydp101,PHI190010040,UMP,ump_hp,,t
emslb101,CIN190010050,UMP,ump_hp,,t
hurst801,PHI190010060,UMP,ump_hp,,t
sware101,PIT190010060,UMP,ump_hp,,t
odayh101,CHN190010071,UMP,ump_hp,,t
odayh101,CHN190010072,UMP,ump_hp,,t
emslb101,SLN190010070,UMP,ump_hp,,t
odayh101,CHN190010081,UMP,ump_hp,,t
odayh101,CHN190010082,UMP,ump_hp,,t
emslb101,SLN190010081,UMP,ump_hp,,t
emslb101,SLN190010082,UMP,ump_hp,,t
emslb101,SLN190010090,UMP,ump_hp,,t
hurst801,PHI190010100,UMP,ump_hp,,t
snydp101,BRO190010110,UMP,ump_hp,,t
hurst801,PHI190010110,UMP,ump_hp,,t
odayh101,PIT190010110,UMP,ump_hp,,t
snydp101,BRO190010120,UMP,ump_hp,,t
hurst801,PHI190010120,UMP,ump_hp,,t
odayh101,PIT190010120,UMP,ump_hp,,t
hurst801,PHI190010130,UMP,ump_hp,,t
odayh101,PIT190010130,UMP,ump_hp,,t
emslb101,SLN190010130,UMP,ump_hp,,t
emslb101,SLN190010140,UMP,ump_hp,,t
fostp101,SLN190006300,UMP,ump_1b,,t
fostp101,CIN190007020,UMP,ump_1b,,t
breit101,CIN190008062,UMP,ump_1b,,t
cunnb103,CHN190008131,UMP,ump_1b,,t
mcgij101,CIN190008152,UMP,ump_1b,,t
leevs101,CIN190008260,UMP,ump_1b,,t
latha101,CHN190009012,UMP,ump_1b,,t
jennh101,BRO190009132,UMP,ump_1b,,t
donlm101,BRO190009152,UMP,ump_1b,,t
shetb801,BSN190004190,PHI,manager,,t
loftt101,CIN190004190,CHN,manager,,t
clarf101,SLN190004190,PIT,manager,,t
selef801,PHI190004200,BSN,manager,,t
ewinb101,BRO190004210,NY1,manager,,t
loftt101,CIN190004210,CHN,manager,,t
selef801,PHI190004210,BSN,manager,,t
clarf101,SLN190004210,PIT,manager,,t
loftt101,CIN190004220,CHN,manager,,t
clarf101,SLN190004220,PIT,manager,,t
clarf101,CIN190004230,PIT,manager,,t
selef801,PHI190004230,BSN,manager,,t
clarf101,CIN190004240,PIT,manager,,t
hanln101,PHI190004240,BRO,manager,,t
loftt101,SLN190004240,CHN,manager,,t
clarf101,CIN190004250,PIT,manager,,t
hanln101,PHI190004250,BRO,manager,,t
loftt101,SLN190004250,CHN,manager,,t
hanln101,PHI190004260,BRO,manager,,t
alleb103,PIT190004260,CIN,manager,,t
loftt101,SLN190004260,CHN,manager,,t
tebep101,CHN190004270,SLN,manager,,t
hanln101,PHI190004270,BRO,manager,,t
alleb103,PIT190004270,CIN,manager,,t
selef801,BRO190004280,BSN,manager,,t
tebep101,CHN190004280,SLN,manager,,t
ewinb101,PHI190004280,NY1,manager,,t
alleb103,PIT190004280,CIN,manager,,t
tebep101,CHN190004290,SLN,manager,,t
clarf101,CIN190004290,PIT,manager,,t
selef801,BRO190004300,BSN,manager,,t
tebep101,CHN190004300,SLN,manager,,t
ewinb101,PHI190004300,NY1,manager,,t
selef801,BRO190005010,BSN,manager,,t
tebep101,CHN190005010,SLN,manager,,t
selef801,BRO190005020,BSN,manager,,t
tebep101,PIT190005020,SLN,manager,,t
ewinb101,BRO190005030,NY1,manager,,t
alleb103,CHN190005030,CIN,manager,,t
tebep101,PIT190005030,SLN,manager,,t
shetb801,BSN190005040,PHI,manager,,t
alleb103,CHN190005040,CIN,manager,,t
shetb801,BSN190005050,PHI,manager,,t
ewinb101,BRO190005050,NY1,manager,,t
alleb103,CHN190005050,CIN,manager,,t
tebep101,PIT190005050,SLN,manager,,t
clarf101,CHN190005060,PIT,manager,,t
alleb103,SLN190005060,CIN,manager,,t
ewinb101,BSN190005070,NY1,manager,,t
shetb801,BRO190005070,PHI,manager,,t
loftt101,PIT190005070,CHN,manager,,t
ewinb101,BSN190005080,NY1,manager,,t
shetb801,BRO190005080,PHI,manager,,t
loftt101,PIT190005080,CHN,manager,,t
alleb103,SLN190005080,CIN,manager,,t
loftt101,PIT190005100,CHN,manager,,t
shetb801,CIN190005110,PHI,manager,,t
ewinb101,CHN190005120,NY1,manager,,t
shetb801,CIN190005120,PHI,manager,,t
selef801,PIT190005120,BSN,manager,,t
hanln101,SLN190005120,BRO,manager,,t
ewinb101,CHN190005130,NY1,manager,,t
clarf101,CIN190005130,PIT,manager,,t
hanln101,SLN190005130,BRO,manager,,t
ewinb101,CHN190005140,NY1,manager,,t
shetb801,CIN190005140,PHI,manager,,t
selef801,PIT190005140,BSN,manager,,t
hanln101,SLN190005140,BRO,manager,,t
ewinb101,CHN190005150,NY1,manager,,t
shetb801,CIN190005150,PHI,manager,,t
selef801,PIT190005150,BSN,manager,,t
hanln101,SLN190005150,BRO,manager,,t
selef801,CHN190005160,BSN,manager,,t
hanln101,CIN190005160,BRO,manager,,t
shetb801,PIT190005160,PHI,manager,,t
ewinb101,SLN190005160,NY1,manager,,t
hanln101,CIN190005170,BRO,manager,,t
shetb801,PIT190005170,PHI,manager,,t
shetb801,PIT190005180,PHI,manager,,t
ewinb101,SLN190005180,NY1,manager,,t
selef801,CHN190005190,BSN,manager,,t
clarf101,CHN190005200,PIT,manager,,t
hanln101,CIN190005200,BRO,manager,,t
ewinb101,SLN190005200,NY1,manager,,t
shetb801,CHN190005210,PHI,manager,,t
ewinb101,CIN190005210,NY1,manager,,t
hanln101,PIT190005210,BRO,manager,,t
selef801,SLN190005210,BSN,manager,,t
shetb801,CHN190005220,PHI,manager,,t
ewinb101,CIN190005220,NY1,manager,,t
hanln101,PIT190005220,BRO,manager,,t
selef801,SLN190005220,BSN,manager,,t
shetb801,CHN190005230,PHI,manager,,t
ewinb101,CIN190005230,NY1,manager,,t
hanln101,PIT190005230,BRO,manager,,t
selef801,SLN190005230,BSN,manager,,t
selef801,CIN190005240,BSN,manager,,t
hanln101,PIT190005240,BRO,manager,,t
shetb801,SLN190005240,PHI,manager,,t
hanln101,CHN190005250,BRO,manager,,t
selef801,CIN190005250,BSN,manager,,t
ewinb101,PIT190005250,NY1,manager,,t
shetb801,SLN190005250,PHI,manager,,t
hanln101,CHN190005260,BRO,manager,,t
selef801,CIN190005260,BSN,manager,,t
ewinb101,PIT190005260,NY1,manager,,t
shetb801,SLN190005260,PHI,manager,,t
clarf101,CIN190005270,PIT,manager,,t
hanln101,CHN190005280,BRO,manager,,t
ewinb101,PIT190005280,NY1,manager,,t
shetb801,SLN190005280,PHI,manager,,t
alleb103,BSN190005301,CIN,manager,,t
alleb103,BSN190005302,CIN,manager,,t
tebep101,BRO190005301,SLN,manager,,t
tebep101,BRO190005302,SLN,manager,,t
loftt101,PHI190005301,CHN,manager,,t
loftt101,PHI190005302,CHN,manager,,t
alleb103,BSN190005310,CIN,manager,,t
loftt101,PHI190005310,CHN,manager,,t
alleb103,BSN190006010,CIN,manager,,t
tebep101,BRO190006010,SLN,manager,,t
loftt101,PHI190006010,CHN,manager,,t
tebep101,BSN190006020,SLN,manager,,t
clarf101,PHI190006020,PIT,manager,,t
tebep101,BSN190006040,SLN,manager,,t
loftt101,BRO190006040,CHN,manager,,t
clarf101,PHI190006040,PIT,manager,,t
tebep101,BSN190006050,SLN,manager,,t
loftt101,BRO190006050,CHN,manager,,t
clarf101,PHI190006050,PIT,manager,,t
tebep101,BSN190006060,SLN,manager,,t
loftt101,BRO190006060,CHN,manager,,t
clarf101,PHI190006060,PIT,manager,,t
loftt101,BSN190006070,CHN,manager,,t
clarf101,BRO190006070,PIT,manager,,t
alleb103,PHI190006070,CIN,manager,,t
loftt101,BSN190006080,CHN,manager,,t
loftt101,BSN190006090,CHN,manager,,t
clarf101,BRO190006090,PIT,manager,,t
alleb103,PHI190006090,CIN,manager,,t
loftt101,BSN190006110,CHN,manager,,t
clarf101,BRO190006110,PIT,manager,,t
alleb103,PHI190006110,CIN,manager,,t
clarf101,BSN190006120,PIT,manager,,t
alleb103,BRO190006120,CIN,manager,,t
tebep101,PHI190006120,SLN,manager,,t
clarf101,BSN190006130,PIT,manager,,t
alleb103,BRO190006130,CIN,manager,,t
tebep101,PHI190006130,SLN,manager,,t
clarf101,BSN190006140,PIT,manager,,t
alleb103,BRO190006140,CIN,manager,,t
tebep101,PHI190006140,SLN,manager,,t
hanln101,BSN190006150,BRO,manager,,t
ewinb101,PHI190006150,NY1,manager,,t
hanln101,BSN190006160,BRO,manager,,t
ewinb101,PHI190006160,NY1,manager,,t
loftt101,PIT190006160,CHN,manager,,t
alleb103,SLN190006160,CIN,manager,,t
clarf101,CHN190006170,PIT,manager,,t
alleb103,SLN190006170,CIN,manager,,t
hanln101,BSN190006180,BRO,manager,,t
clarf101,CHN190006180,PIT,manager,,t
ewinb101,PHI190006180,NY1,manager,,t
alleb103,SLN190006180,CIN,manager,,t
hanln101,BSN190006190,BRO,manager,,t
clarf101,CHN190006190,PIT,manager,,t
ewinb101,PHI190006190,NY1,manager,,t
alleb103,SLN190006190,CIN,manager,,t
clarf101,CHN190006200,PIT,manager,,t
hanln101,PHI190006200,BRO,manager,,t
hanln101,PHI190006210,BRO,manager,,t
alleb103,CHN190006220,CIN,manager,,t
hanln101,PHI190006220,BRO,manager,,t
shetb801,BSN190006230,PHI,manager,,t
alleb103,CHN190006230,CIN,manager,,t
alleb103,CHN190006240,CIN,manager,,t
shetb801,BSN190006250,PHI,manager,,t
ewinb101,BRO190006250,NY1,manager,,t
alleb103,SLN190006250,CIN,manager,,t
shetb801,BSN190006260,PHI,manager,,t
loftt101,PIT190006260,CHN,manager,,t
alleb103,SLN190006260,CIN,manager,,t
loftt101,PIT190006270,CHN,manager,,t
alleb103,SLN190006270,CIN,manager,,t
selef801,CIN190006280,BSN,manager,,t
shetb801,PIT190006280,PHI,manager,,t
hanln101,CHN190006290,BRO,manager,,t
selef801,CIN190006290,BSN,manager,,t
shetb801,PIT190006290,PHI,manager,,t
ewinb101,SLN190006290,NY1,manager,,t
hanln101,CHN190006300,BRO,manager,,t
selef801,CIN190006300,BSN,manager,,t
shetb801,PIT190006300,PHI,manager,,t
ewinb101,SLN190006300,NY1,manager,,t
hanln101,CHN190007010,BRO,manager,,t
clarf101,CIN190007010,PIT,manager,,t
ewinb101,SLN190007010,NY1,manager,,t
shetb801,CHN190007020,PHI,manager,,t
ewinb101,CIN190007020,NY1,manager,,t
selef801,PIT190007020,BSN,manager,,t
hanln101,SLN190007020,BRO,manager,,t
shetb801,CHN190007030,PHI,manager,,t
ewinb101,CIN190007030,NY1,manager,,t
selef801,PIT190007030,BSN,manager,,t
shetb801,CHN190007041,PHI,manager,,t
shetb801,CHN190007042,PHI,manager,,t
ewinb101,CIN190007041,NY1,manager,,t
ewinb101,CIN190007042,NY1,manager,,t
selef801,PIT190007041,BSN,manager,,t
selef801,PIT190007042,BSN,manager,,t
hanln101,SLN190007041,BRO,manager,,t
hanln101,SLN190007042,BRO,manager,,t
selef801,CHN190007050,BSN,manager,,t
hanln101,CIN190007050,BRO,manager,,t
ewinb101,PIT190007050,NY1,manager,,t
shetb801,SLN190007050,PHI,manager,,t
selef801,CHN190007060,BSN,manager,,t
hanln101,CIN190007060,BRO,manager,,t
shetb801,SLN190007060,PHI,manager,,t
selef801,CHN190007070,BSN,manager,,t
hanln101,CIN190007070,BRO,manager,,t
ewinb101,PIT190007070,NY1,manager,,t
shetb801,SLN190007070,PHI,manager,,t
ewinb101,CHN190007080,NY1,manager,,t
hanln101,CIN190007080,BRO,manager,,t
clarf101,SLN190007080,PIT,manager,,t
ewinb101,CHN190007090,NY1,manager,,t
shetb801,CIN190007090,PHI,manager,,t
selef801,SLN190007090,BSN,manager,,t
ewinb101,CHN190007100,NY1,manager,,t
shetb801,CIN190007100,PHI,manager,,t
hanln101,PIT190007100,BRO,manager,,t
selef801,SLN190007100,BSN,manager,,t
shetb801,CIN190007110,PHI,manager,,t
hanln101,PIT190007110,BRO,manager,,t
selef801,SLN190007110,BSN,manager,,t
shetb801,CIN190007120,PHI,manager,,t
hanln101,PIT190007120,BRO,manager,,t
selef801,SLN190007120,BSN,manager,,t
tebep101,CIN190007130,SLN,manager,,t
shetb801,PIT190007130,PHI,manager,,t
davig102,BRO190007140,NY1,manager,,t
clarf101,CHN190007140,PIT,manager,,t
tebep101,CIN190007140,SLN,manager,,t
selef801,PHI190007140,BSN,manager,,t
clarf101,CHN190007150,PIT,manager,,t
tebep101,CIN190007150,SLN,manager,,t
clarf101,CHN190007160,PIT,manager,,t
selef801,PHI190007160,BSN,manager,,t
davig102,BRO190007170,NY1,manager,,t
selef801,PHI190007170,BSN,manager,,t
loftt101,PIT190007170,CHN,manager,,t
selef801,BRO190007180,BSN,manager,,t
loftt101,BSN190007190,CHN,manager,,t
alleb103,BRO190007190,CIN,manager,,t
clarf101,PHI190007190,PIT,manager,,t
loftt101,BSN190007200,CHN,manager,,t
alleb103,BRO190007200,CIN,manager,,t
clarf101,PHI190007200,PIT,manager,,t
loftt101,BSN190007210,CHN,manager,,t
alleb103,BRO190007210,CIN,manager,,t
clarf101,PHI190007210,PIT,manager,,t
tebep101,BSN190007230,SLN,manager,,t
loftt101,BRO190007230,CHN,manager,,t
alleb103,PHI190007230,CIN,manager,,t
tebep101,BSN190007240,SLN,manager,,t
loftt101,BRO190007240,CHN,manager,,t
alleb103,PHI190007240,CIN,manager,,t
tebep101,BSN190007250,SLN,manager,,t
loftt101,BRO190007250,CHN,manager,,t
alleb103,PHI190007250,CIN,manager,,t
clarf101,BSN190007270,PIT,manager,,t
tebep101,BRO190007270,SLN,manager,,t
loftt101,PHI190007270,CHN,manager,,t
clarf101,BSN190007280,PIT,manager,,t
tebep101,BRO190007280,SLN,manager,,t
loftt101,PHI190007280,CHN,manager,,t
alleb103,BSN190007300,CIN,manager,,t
alleb103,BSN190007310,CIN,manager,,t
clarf101,BRO190007310,PIT,manager,,t
tebep101,PHI190007310,SLN,manager,,t
alleb103,BSN190008010,CIN,manager,,t
clarf101,BRO190008010,PIT,manager,,t
tebep101,PHI190008010,SLN,manager,,t
selef801,BRO190008020,BSN,manager,,t
tebep101,PHI190008020,SLN,manager,,t
hanln101,CHN190008040,BRO,manager,,t
selef801,CIN190008040,BSN,manager,,t
shetb801,PIT190008040,PHI,manager,,t
davig102,SLN190008040,NY1,manager,,t
hanln101,CHN190008050,BRO,manager,,t
clarf101,CIN190008050,PIT,manager,,t
davig102,SLN190008050,NY1,manager,,t
hanln101,CHN190008060,BRO,manager,,t
selef801,CIN190008061,BSN,manager,,t
selef801,CIN190008062,BSN,manager,,t
shetb801,PIT190008060,PHI,manager,,t
davig102,SLN190008060,NY1,manager,,t
hanln101,CHN190008070,BRO,manager,,t
selef801,CIN190008070,BSN,manager,,t
shetb801,PIT190008070,PHI,manager,,t
davig102,SLN190008070,NY1,manager,,t
shetb801,CHN190008080,PHI,manager,,t
selef801,PIT190008080,BSN,manager,,t
shetb801,CHN190008090,PHI,manager,,t
davig102,CIN190008090,NY1,manager,,t
selef801,PIT190008090,BSN,manager,,t
hanln101,SLN190008090,BRO,manager,,t
shetb801,CHN190008110,PHI,manager,,t
davig102,CIN190008110,NY1,manager,,t
selef801,PIT190008110,BSN,manager,,t
hanln101,SLN190008110,BRO,manager,,t
clarf101,CHN190008120,PIT,manager,,t
hanln101,SLN190008120,BRO,manager,,t
selef801,CHN190008131,BSN,manager,,t
selef801,CHN190008132,BSN,manager,,t
hanln101,CIN190008130,BRO,manager,,t
davig102,PIT190008130,NY1,manager,,t
shetb801,SLN190008130,PHI,manager,,t
selef801,CHN190008141,BSN,manager,,t
selef801,CHN190008142,BSN,manager,,t
davig102,PIT190008141,NY1,manager,,t
davig102,PIT190008142,NY1,manager,,t
shetb801,SLN190008140,PHI,manager,,t
hanln101,CIN190008151,BRO,manager,,t
hanln101,CIN190008152,BRO,manager,,t
davig102,PIT190008150,NY1,manager,,t
shetb801,SLN190008150,PHI,manager,,t
davig102,CHN190008160,NY1,manager,,t
shetb801,CIN190008160,PHI,manager,,t
hanln101,PIT190008160,BRO,manager,,t
selef801,SLN190008160,BSN,manager,,t
shetb801,CIN190008170,PHI,manager,,t
hanln101,PIT190008170,BRO,manager,,t
selef801,SLN190008170,BSN,manager,,t
davig102,CHN190008180,NY1,manager,,t
shetb801,CIN190008180,PHI,manager,,t
hanln101,PIT190008180,BRO,manager,,t
selef801,SLN190008180,BSN,manager,,t
davig102,CHN190008190,NY1,manager,,t
alleb103,SLN190008190,CIN,manager,,t
davig102,PIT190008200,NY1,manager,,t
alleb103,SLN190008200,CIN,manager,,t
davig102,PHI190008210,NY1,manager,,t
alleb103,SLN190008210,CIN,manager,,t
hanln101,BSN190008220,BRO,manager,,t
hanln101,BSN190008230,BRO,manager,,t
alleb103,PIT190008230,CIN,manager,,t
alleb103,PIT190008240,CIN,manager,,t
loftt101,SLN190008240,CHN,manager,,t
hanln101,BSN190008250,BRO,manager,,t
alleb103,PIT190008250,CIN,manager,,t
loftt101,SLN190008250,CHN,manager,,t
clarf101,CIN190008260,PIT,manager,,t
loftt101,SLN190008260,CHN,manager,,t
davig102,BRO190008270,NY1,manager,,t
heill801,CHN190008270,SLN,manager,,t
davig102,BSN190008280,NY1,manager,,t
shetb801,BRO190008280,PHI,manager,,t
heill801,CHN190008280,SLN,manager,,t
davig102,BSN190008290,NY1,manager,,t
shetb801,BRO190008290,PHI,manager,,t
heill801,CHN190008290,SLN,manager,,t
davig102,BSN190008300,NY1,manager,,t
shetb801,BRO190008300,PHI,manager,,t
alleb103,CHN190008300,CIN,manager,,t
heill801,PIT190008300,SLN,manager,,t
davig102,BSN190008310,NY1,manager,,t
shetb801,BRO190008310,PHI,manager,,t
alleb103,CHN190008310,CIN,manager,,t
heill801,PIT190008310,SLN,manager,,t
davig102,BSN190009010,NY1,manager,,t
shetb801,BRO190009010,PHI,manager,,t
alleb103,CHN190009011,CIN,manager,,t
alleb103,CHN190009012,CIN,manager,,t
heill801,PIT190009010,SLN,manager,,t
clarf101,BSN190009031,PIT,manager,,t
clarf101,BSN190009032,PIT,manager,,t
loftt101,BRO190009031,CHN,manager,,t
loftt101,BRO190009032,CHN,manager,,t
heill801,PHI190009031,SLN,manager,,t
heill801,PHI190009032,SLN,manager,,t
clarf101,BSN190009041,PIT,manager,,t
clarf101,BSN190009042,PIT,manager,,t
loftt101,BRO190009040,CHN,manager,,t
heill801,PHI190009040,SLN,manager,,t
clarf101,BSN190009050,PIT,manager,,t
loftt101,BRO190009051,CHN,manager,,t
loftt101,BRO190009052,CHN,manager,,t
heill801,PHI190009050,SLN,manager,,t
alleb103,BSN190009060,CIN,manager,,t
clarf101,BRO190009060,PIT,manager,,t
loftt101,PHI190009060,CHN,manager,,t
alleb103,BSN190009070,CIN,manager,,t
clarf101,BRO190009070,PIT,manager,,t
loftt101,PHI190009070,CHN,manager,,t
alleb103,BSN190009080,CIN,manager,,t
clarf101,BRO190009081,PIT,manager,,t
clarf101,BRO190009082,PIT,manager,,t
loftt101,PHI190009080,CHN,manager,,t
clarf101,BRO190009100,PIT,manager,,t
loftt101,PHI190009101,CHN,manager,,t
loftt101,PHI190009102,CHN,manager,,t
heill801,BSN190009110,SLN,manager,,t
alleb103,BRO190009110,CIN,manager,,t
clarf101,PHI190009110,PIT,manager,,t
heill801,BSN190009120,SLN,manager,,t
alleb103,BRO190009120,CIN,manager,,t
clarf101,PHI190009120,PIT,manager,,t
heill801,BSN190009130,SLN,manager,,t
alleb103,BRO190009131,CIN,manager,,t
alleb103,BRO190009132,CIN,manager,,t
clarf101,PHI190009130,PIT,manager,,t
alleb103,BRO190009140,CIN,manager,,t
loftt101,BSN190009150,CHN,manager,,t
heill801,BRO190009151,SLN,manager,,t
heill801,BRO190009152,SLN,manager,,t
alleb103,PHI190009150,CIN,manager,,t
loftt101,BSN190009171,CHN,manager,,t
loftt101,BSN190009172,CHN,manager,,t
heill801,BRO190009170,SLN,manager,,t
alleb103,PHI190009171,CIN,manager,,t
alleb103,PHI190009172,CIN,manager,,t
loftt101,BSN190009180,CHN,manager,,t
heill801,BRO190009180,SLN,manager,,t
alleb103,PHI190009180,CIN,manager,,t
heill801,BRO190009190,SLN,manager,,t
alleb103,PHI190009190,CIN,manager,,t
shetb801,BSN190009200,PHI,manager,,t
heill801,PIT190009200,SLN,manager,,t
shetb801,BSN190009211,PHI,manager,,t
shetb801,BSN190009212,PHI,manager,,t
davig102,BRO190009210,NY1,manager,,t
loftt101,CIN190009210,CHN,manager,,t
heill801,PIT190009210,SLN,manager,,t
shetb801,BSN190009220,PHI,manager,,t
loftt101,CIN190009220,CHN,manager,,t
heill801,PIT190009220,SLN,manager,,t
loftt101,CIN190009231,CHN,manager,,t
loftt101,CIN190009232,CHN,manager,,t
clarf101,SLN190009230,PIT,manager,,t
davig102,BSN190009240,NY1,manager,,t
shetb801,BRO190009240,PHI,manager,,t
clarf101,SLN190009240,PIT,manager,,t
davig102,BSN190009251,NY1,manager,,t
davig102,BSN190009252,NY1,manager,,t
shetb801,BRO190009250,PHI,manager,,t
loftt101,SLN190009250,CHN,manager,,t
davig102,BSN190009260,NY1,manager,,t
shetb801,BRO190009260,PHI,manager,,t
alleb103,PIT190009260,CIN,manager,,t
selef801,BRO190009270,BSN,manager,,t
alleb103,PIT190009270,CIN,manager,,t
selef801,BRO190009280,BSN,manager,,t
alleb103,PIT190009280,CIN,manager,,t
loftt101,SLN190009280,CHN,manager,,t
selef801,BRO190009290,BSN,manager,,t
heill801,CHN190009291,SLN,manager,,t
heill801,CHN190009292,SLN,manager,,t
alleb103,PIT190009290,CIN,manager,,t
heill801,CHN190009301,SLN,manager,,t
heill801,CHN190009302,SLN,manager,,t
clarf101,CIN190009300,PIT,manager,,t
selef801,BRO190010011,BSN,manager,,t
selef801,BRO190010012,BSN,manager,,t
heill801,CHN190010010,SLN,manager,,t
hanln101,BSN190010020,BRO,manager,,t
heill801,CHN190010020,SLN,manager,,t
davig102,PHI190010020,NY1,manager,,t
hanln101,BSN190010031,BRO,manager,,t
hanln101,BSN190010032,BRO,manager,,t
heill801,CIN190010030,SLN,manager,,t
davig102,PHI190010030,NY1,manager,,t
hanln101,BSN190010040,BRO,manager,,t
heill801,CIN190010040,SLN,manager,,t
davig102,PHI190010040,NY1,manager,,t
heill801,CIN190010050,SLN,manager,,t
hanln101,PHI190010060,BRO,manager,,t
heill801,PIT190010060,SLN,manager,,t
alleb103,CHN190010071,CIN,manager,,t
alleb103,CHN190010072,CIN,manager,,t
clarf101,SLN190010070,PIT,manager,,t
alleb103,CHN190010081,CIN,manager,,t
alleb103,CHN190010082,CIN,manager,,t
clarf101,SLN190010081,PIT,manager,,t
clarf101,SLN190010082,PIT,manager,,t
clarf101,SLN190010090,PIT,manager,,t
selef801,PHI190010100,BSN,manager,,t
davig102,BRO190010110,NY1,manager,,t
selef801,PHI190010110,BSN,manager,,t
loftt101,PIT190010110,CHN,manager,,t
davig102,BRO190010120,NY1,manager,,t
selef801,PHI190010120,BSN,manager,,t
loftt101,PIT190010120,CHN,manager,,t
selef801,PHI190010130,BSN,manager,,t
loftt101,PIT190010130,CHN,manager,,t
alleb103,SLN190010130,CIN,manager,,t
alleb103,SLN190010140,CIN,manager,,t
selef801,BSN190004190,BSN,manager,,t
alleb103,CIN190004190,CIN,manager,,t
tebep101,SLN190004190,SLN,manager,,t
shetb801,PHI190004200,PHI,manager,,t
hanln101,BRO190004210,BRO,manager,,t
alleb103,CIN190004210,CIN,manager,,t
shetb801,PHI190004210,PHI,manager,,t
tebep101,SLN190004210,SLN,manager,,t
alleb103,CIN190004220,CIN,manager,,t
tebep101,SLN190004220,SLN,manager,,t
alleb103,CIN190004230,CIN,manager,,t
shetb801,PHI190004230,PHI,manager,,t
alleb103,CIN190004240,CIN,manager,,t
shetb801,PHI190004240,PHI,manager,,t
tebep101,SLN190004240,SLN,manager,,t
alleb103,CIN190004250,CIN,manager,,t
shetb801,PHI190004250,PHI,manager,,t
tebep101,SLN190004250,SLN,manager,,t
shetb801,PHI190004260,PHI,manager,,t
clarf101,PIT190004260,PIT,manager,,t
tebep101,SLN190004260,SLN,manager,,t
loftt101,CHN190004270,CHN,manager,,t
shetb801,PHI190004270,PHI,manager,,t
clarf101,PIT190004270,PIT,manager,,t
hanln101,BRO190004280,BRO,manager,,t
loftt101,CHN190004280,CHN,manager,,t
shetb801,PHI190004280,PHI,manager,,t
clarf101,PIT190004280,PIT,manager,,t
loftt101,CHN190004290,CHN,manager,,t
alleb103,CIN190004290,CIN,manager,,t
hanln101,BRO190004300,BRO,manager,,t
loftt101,CHN190004300,CHN,manager,,t
shetb801,PHI190004300,PHI,manager,,t
hanln101,BRO190005010,BRO,manager,,t
loftt101,CHN190005010,CHN,manager,,t
hanln101,BRO190005020,BRO,manager,,t
clarf101,PIT190005020,PIT,manager,,t
hanln101,BRO190005030,BRO,manager,,t
loftt101,CHN190005030,CHN,manager,,t
clarf101,PIT190005030,PIT,manager,,t
selef801,BSN190005040,BSN,manager,,t
loftt101,CHN190005040,CHN,manager,,t
selef801,BSN190005050,BSN,manager,,t
hanln101,BRO190005050,BRO,manager,,t
loftt101,CHN190005050,CHN,manager,,t
clarf101,PIT190005050,PIT,manager,,t
loftt101,CHN190005060,CHN,manager,,t
tebep101,SLN190005060,SLN,manager,,t
selef801,BSN190005070,BSN,manager,,t
hanln101,BRO190005070,BRO,manager,,t
clarf101,PIT190005070,PIT,manager,,t
selef801,BSN190005080,BSN,manager,,t
hanln101,BRO190005080,BRO,manager,,t
clarf101,PIT190005080,PIT,manager,,t
tebep101,SLN190005080,SLN,manager,,t
clarf101,PIT190005100,PIT,manager,,t
alleb103,CIN190005110,CIN,manager,,t
loftt101,CHN190005120,CHN,manager,,t
alleb103,CIN190005120,CIN,manager,,t
clarf101,PIT190005120,PIT,manager,,t
tebep101,SLN190005120,SLN,manager,,t
loftt101,CHN190005130,CHN,manager,,t
alleb103,CIN190005130,CIN,manager,,t
tebep101,SLN190005130,SLN,manager,,t
loftt101,CHN190005140,CHN,manager,,t
alleb103,CIN190005140,CIN,manager,,t
clarf101,PIT190005140,PIT,manager,,t
tebep101,SLN190005140,SLN,manager,,t
loftt101,CHN190005150,CHN,manager,,t
alleb103,CIN190005150,CIN,manager,,t
clarf101,PIT190005150,PIT,manager,,t
tebep101,SLN190005150,SLN,manager,,t
loftt101,CHN190005160,CHN,manager,,t
alleb103,CIN190005160,CIN,manager,,t
clarf101,PIT190005160,PIT,manager,,t
tebep101,SLN190005160,SLN,manager,,t
alleb103,CIN190005170,CIN,manager,,t
clarf101,PIT190005170,PIT,manager,,t
clarf101,PIT190005180,PIT,manager,,t
tebep101,SLN190005180,SLN,manager,,t
loftt101,CHN190005190,CHN,manager,,t
loftt101,CHN190005200,CHN,manager,,t
alleb103,CIN190005200,CIN,manager,,t
tebep101,SLN190005200,SLN,manager,,t
loftt101,CHN190005210,CHN,manager,,t
alleb103,CIN190005210,CIN,manager,,t
clarf101,PIT190005210,PIT,manager,,t
tebep101,SLN190005210,SLN,manager,,t
loftt101,CHN190005220,CHN,manager,,t
alleb103,CIN190005220,CIN,manager,,t
clarf101,PIT190005220,PIT,manager,,t
tebep101,SLN190005220,SLN,manager,,t
loftt101,CHN190005230,CHN,manager,,t
alleb103,CIN190005230,CIN,manager,,t
clarf101,PIT190005230,PIT,manager,,t
tebep101,SLN190005230,SLN,manager,,t
alleb103,CIN190005240,CIN,manager,,t
clarf101,PIT190005240,PIT,manager,,t
tebep101,SLN190005240,SLN,manager,,t
loftt101,CHN190005250,CHN,manager,,t
alleb103,CIN190005250,CIN,manager,,t
clarf101,PIT190005250,PIT,manager,,t
tebep101,SLN190005250,SLN,manager,,t
loftt101,CHN190005260,CHN,manager,,t
alleb103,CIN190005260,CIN,manager,,t
clarf101,PIT190005260,PIT,manager,,t
tebep101,SLN190005260,SLN,manager,,t
alleb103,CIN190005270,CIN,manager,,t
loftt101,CHN190005280,CHN,manager,,t
clarf101,PIT190005280,PIT,manager,,t
tebep101,SLN190005280,SLN,manager,,t
selef801,BSN190005301,BSN,manager,,t
selef801,BSN190005302,BSN,manager,,t
hanln101,BRO190005301,BRO,manager,,t
hanln101,BRO190005302,BRO,manager,,t
shetb801,PHI190005301,PHI,manager,,t
shetb801,PHI190005302,PHI,manager,,t
selef801,BSN190005310,BSN,manager,,t
shetb801,PHI190005310,PHI,manager,,t
selef801,BSN190006010,BSN,manager,,t
hanln101,BRO190006010,BRO,manager,,t
shetb801,PHI190006010,PHI,manager,,t
selef801,BSN190006020,BSN,manager,,t
shetb801,PHI190006020,PHI,manager,,t
selef801,BSN190006040,BSN,manager,,t
hanln101,BRO190006040,BRO,manager,,t
shetb801,PHI190006040,PHI,manager,,t
selef801,BSN190006050,BSN,manager,,t
hanln101,BRO190006050,BRO,manager,,t
shetb801,PHI190006050,PHI,manager,,t
selef801,BSN190006060,BSN,manager,,t
hanln101,BRO190006060,BRO,manager,,t
shetb801,PHI190006060,PHI,manager,,t
selef801,BSN190006070,BSN,manager,,t
hanln101,BRO190006070,BRO,manager,,t
shetb801,PHI190006070,PHI,manager,,t
selef801,BSN190006080,BSN,manager,,t
selef801,BSN190006090,BSN,manager,,t
hanln101,BRO190006090,BRO,manager,,t
shetb801,PHI190006090,PHI,manager,,t
selef801,BSN190006110,BSN,manager,,t
hanln101,BRO190006110,BRO,manager,,t
shetb801,PHI190006110,PHI,manager,,t
selef801,BSN190006120,BSN,manager,,t
hanln101,BRO190006120,BRO,manager,,t
shetb801,PHI190006120,PHI,manager,,t
selef801,BSN190006130,BSN,manager,,t
hanln101,BRO190006130,BRO,manager,,t
shetb801,PHI190006130,PHI,manager,,t
selef801,BSN190006140,BSN,manager,,t
hanln101,BRO190006140,BRO,manager,,t
shetb801,PHI190006140,PHI,manager,,t
selef801,BSN190006150,BSN,manager,,t
shetb801,PHI190006150,PHI,manager,,t
selef801,BSN190006160,BSN,manager,,t
shetb801,PHI190006160,PHI,manager,,t
clarf101,PIT190006160,PIT,manager,,t
tebep101,SLN190006160,SLN,manager,,t
loftt101,CHN190006170,CHN,manager,,t
tebep101,SLN190006170,SLN,manager,,t
selef801,BSN190006180,BSN,manager,,t
loftt101,CHN190006180,CHN,manager,,t
shetb801,PHI190006180,PHI,manager,,t
tebep101,SLN190006180,SLN,manager,,t
selef801,BSN190006190,BSN,manager,,t
loftt101,CHN190006190,CHN,manager,,t
shetb801,PHI190006190,PHI,manager,,t
tebep101,SLN190006190,SLN,manager,,t
loftt101,CHN190006200,CHN,manager,,t
shetb801,PHI190006200,PHI,manager,,t
shetb801,PHI190006210,PHI,manager,,t
loftt101,CHN190006220,CHN,manager,,t
shetb801,PHI190006220,PHI,manager,,t
selef801,BSN190006230,BSN,manager,,t
loftt101,CHN190006230,CHN,manager,,t
loftt101,CHN190006240,CHN,manager,,t
selef801,BSN190006250,BSN,manager,,t
hanln101,BRO190006250,BRO,manager,,t
tebep101,SLN190006250,SLN,manager,,t
selef801,BSN190006260,BSN,manager,,t
clarf101,PIT190006260,PIT,manager,,t
tebep101,SLN190006260,SLN,manager,,t
clarf101,PIT190006270,PIT,manager,,t
tebep101,SLN190006270,SLN,manager,,t
alleb103,CIN190006280,CIN,manager,,t
clarf101,PIT190006280,PIT,manager,,t
loftt101,CHN190006290,CHN,manager,,t
alleb103,CIN190006290,CIN,manager,,t
clarf101,PIT190006290,PIT,manager,,t
tebep101,SLN190006290,SLN,manager,,t
loftt101,CHN190006300,CHN,manager,,t
alleb103,CIN190006300,CIN,manager,,t
clarf101,PIT190006300,PIT,manager,,t
tebep101,SLN190006300,SLN,manager,,t
loftt101,CHN190007010,CHN,manager,,t
alleb103,CIN190007010,CIN,manager,,t
tebep101,SLN190007010,SLN,manager,,t
loftt101,CHN190007020,CHN,manager,,t
alleb103,CIN190007020,CIN,manager,,t
clarf101,PIT190007020,PIT,manager,,t
tebep101,SLN190007020,SLN,manager,,t
loftt101,CHN190007030,CHN,manager,,t
alleb103,CIN190007030,CIN,manager,,t
clarf101,PIT190007030,PIT,manager,,t
loftt101,CHN190007041,CHN,manager,,t
loftt101,CHN190007042,CHN,manager,,t
alleb103,CIN190007041,CIN,manager,,t
alleb103,CIN190007042,CIN,manager,,t
clarf101,PIT190007041,PIT,manager,,t
clarf101,PIT190007042,PIT,manager,,t
tebep101,SLN190007041,SLN,manager,,t
tebep101,SLN190007042,SLN,manager,,t
loftt101,CHN190007050,CHN,manager,,t
alleb103,CIN190007050,CIN,manager,,t
clarf101,PIT190007050,PIT,manager,,t
tebep101,SLN190007050,SLN,manager,,t
loftt101,CHN190007060,CHN,manager,,t
alleb103,CIN190007060,CIN,manager,,t
tebep101,SLN190007060,SLN,manager,,t
loftt101,CHN190007070,CHN,manager,,t
alleb103,CIN190007070,CIN,manager,,t
clarf101,PIT190007070,PIT,manager,,t
tebep101,SLN190007070,SLN,manager,,t
loftt101,CHN190007080,CHN,manager,,t
alleb103,CIN190007080,CIN,manager,,t
tebep101,SLN190007080,SLN,manager,,t
loftt101,CHN190007090,CHN,manager,,t
alleb103,CIN190007090,CIN,manager,,t
tebep101,SLN190007090,SLN,manager,,t
loftt101,CHN190007100,CHN,manager,,t
alleb103,CIN190007100,CIN,manager,,t
clarf101,PIT190007100,PIT,manager,,t
tebep101,SLN190007100,SLN,manager,,t
alleb103,CIN190007110,CIN,manager,,t
clarf101,PIT190007110,PIT,manager,,t
tebep101,SLN190007110,SLN,manager,,t
alleb103,CIN190007120,CIN,manager,,t
clarf101,PIT190007120,PIT,manager,,t
tebep101,SLN190007120,SLN,manager,,t
alleb103,CIN190007130,CIN,manager,,t
clarf101,PIT190007130,PIT,manager,,t
hanln101,BRO190007140,BRO,manager,,t
loftt101,CHN190007140,CHN,manager,,t
alleb103,CIN190007140,CIN,manager,,t
shetb801,PHI190007140,PHI,manager,,t
loftt101,CHN190007150,CHN,manager,,t
alleb103,CIN190007150,CIN,manager,,t
loftt101,CHN190007160,CHN,manager,,t
shetb801,PHI190007160,PHI,manager,,t
hanln101,BRO190007170,BRO,manager,,t
shetb801,PHI190007170,PHI,manager,,t
clarf101,PIT190007170,PIT,manager,,t
hanln101,BRO190007180,BRO,manager,,t
selef801,BSN190007190,BSN,manager,,t
hanln101,BRO190007190,BRO,manager,,t
shetb801,PHI190007190,PHI,manager,,t
selef801,BSN190007200,BSN,manager,,t
hanln101,BRO190007200,BRO,manager,,t
shetb801,PHI190007200,PHI,manager,,t
selef801,BSN190007210,BSN,manager,,t
hanln101,BRO190007210,BRO,manager,,t
shetb801,PHI190007210,PHI,manager,,t
selef801,BSN190007230,BSN,manager,,t
hanln101,BRO190007230,BRO,manager,,t
shetb801,PHI190007230,PHI,manager,,t
selef801,BSN190007240,BSN,manager,,t
hanln101,BRO190007240,BRO,manager,,t
shetb801,PHI190007240,PHI,manager,,t
selef801,BSN190007250,BSN,manager,,t
hanln101,BRO190007250,BRO,manager,,t
shetb801,PHI190007250,PHI,manager,,t
selef801,BSN190007270,BSN,manager,,t
hanln101,BRO190007270,BRO,manager,,t
shetb801,PHI190007270,PHI,manager,,t
selef801,BSN190007280,BSN,manager,,t
hanln101,BRO190007280,BRO,manager,,t
shetb801,PHI190007280,PHI,manager,,t
selef801,BSN190007300,BSN,manager,,t
selef801,BSN190007310,BSN,manager,,t
hanln101,BRO190007310,BRO,manager,,t
shetb801,PHI190007310,PHI,manager,,t
selef801,BSN190008010,BSN,manager,,t
hanln101,BRO190008010,BRO,manager,,t
shetb801,PHI190008010,PHI,manager,,t
hanln101,BRO190008020,BRO,manager,,t
shetb801,PHI190008020,PHI,manager,,t
loftt101,CHN190008040,CHN,manager,,t
alleb103,CIN190008040,CIN,manager,,t
clarf101,PIT190008040,PIT,manager,,t
tebep101,SLN190008040,SLN,manager,,t
loftt101,CHN190008050,CHN,manager,,t
alleb103,CIN190008050,CIN,manager,,t
tebep101,SLN190008050,SLN,manager,,t
loftt101,CHN190008060,CHN,manager,,t
alleb103,CIN190008061,CIN,manager,,t
alleb103,CIN190008062,CIN,manager,,t
clarf101,PIT190008060,PIT,manager,,t
tebep101,SLN190008060,SLN,manager,,t
loftt101,CHN190008070,CHN,manager,,t
alleb103,CIN190008070,CIN,manager,,t
clarf101,PIT190008070,PIT,manager,,t
tebep101,SLN190008070,SLN,manager,,t
loftt101,CHN190008080,CHN,manager,,t
clarf101,PIT190008080,PIT,manager,,t
loftt101,CHN190008090,CHN,manager,,t
alleb103,CIN190008090,CIN,manager,,t
clarf101,PIT190008090,PIT,manager,,t
tebep101,SLN190008090,SLN,manager,,t
loftt101,CHN190008110,CHN,manager,,t
alleb103,CIN190008110,CIN,manager,,t
clarf101,PIT190008110,PIT,manager,,t
tebep101,SLN190008110,SLN,manager,,t
loftt101,CHN190008120,CHN,manager,,t
tebep101,SLN190008120,SLN,manager,,t
loftt101,CHN190008131,CHN,manager,,t
loftt101,CHN190008132,CHN,manager,,t
alleb103,CIN190008130,CIN,manager,,t
clarf101,PIT190008130,PIT,manager,,t
tebep101,SLN190008130,SLN,manager,,t
loftt101,CHN190008141,CHN,manager,,t
loftt101,CHN190008142,CHN,manager,,t
clarf101,PIT190008141,PIT,manager,,t
clarf101,PIT190008142,PIT,manager,,t
tebep101,SLN190008140,SLN,manager,,t
alleb103,CIN190008151,CIN,manager,,t
alleb103,CIN190008152,CIN,manager,,t
clarf101,PIT190008150,PIT,manager,,t
tebep101,SLN190008150,SLN,manager,,t
loftt101,CHN190008160,CHN,manager,,t
alleb103,CIN190008160,CIN,manager,,t
clarf101,PIT190008160,PIT,manager,,t
tebep101,SLN190008160,SLN,manager,,t
alleb103,CIN190008170,CIN,manager,,t
clarf101,PIT190008170,PIT,manager,,t
tebep101,SLN190008170,SLN,manager,,t
loftt101,CHN190008180,CHN,manager,,t
alleb103,CIN190008180,CIN,manager,,t
clarf101,PIT190008180,PIT,manager,,t
tebep101,SLN190008180,SLN,manager,,t
loftt101,CHN190008190,CHN,manager,,t
tebep101,SLN190008190,SLN,manager,,t
clarf101,PIT190008200,PIT,manager,,t
heill801,SLN190008200,SLN,manager,,t
shetb801,PHI190008210,PHI,manager,,t
heill801,SLN190008210,SLN,manager,,t
selef801,BSN190008220,BSN,manager,,t
selef801,BSN190008230,BSN,manager,,t
clarf101,PIT190008230,PIT,manager,,t
clarf101,PIT190008240,PIT,manager,,t
heill801,SLN190008240,SLN,manager,,t
selef801,BSN190008250,BSN,manager,,t
clarf101,PIT190008250,PIT,manager,,t
heill801,SLN190008250,SLN,manager,,t
alleb103,CIN190008260,CIN,manager,,t
heill801,SLN190008260,SLN,manager,,t
hanln101,BRO190008270,BRO,manager,,t
loftt101,CHN190008270,CHN,manager,,t
selef801,BSN190008280,BSN,manager,,t
hanln101,BRO190008280,BRO,manager,,t
loftt101,CHN190008280,CHN,manager,,t
selef801,BSN190008290,BSN,manager,,t
hanln101,BRO190008290,BRO,manager,,t
loftt101,CHN190008290,CHN,manager,,t
selef801,BSN190008300,BSN,manager,,t
hanln101,BRO190008300,BRO,manager,,t
loftt101,CHN190008300,CHN,manager,,t
clarf101,PIT190008300,PIT,manager,,t
selef801,BSN190008310,BSN,manager,,t
hanln101,BRO190008310,BRO,manager,,t
loftt101,CHN190008310,CHN,manager,,t
clarf101,PIT190008310,PIT,manager,,t
selef801,BSN190009010,BSN,manager,,t
hanln101,BRO190009010,BRO,manager,,t
loftt101,CHN190009011,CHN,manager,,t
loftt101,CHN190009012,CHN,manager,,t
clarf101,PIT190009010,PIT,manager,,t
selef801,BSN190009031,BSN,manager,,t
selef801,BSN190009032,BSN,manager,,t
hanln101,BRO190009031,BRO,manager,,t
hanln101,BRO190009032,BRO,manager,,t
shetb801,PHI190009031,PHI,manager,,t
shetb801,PHI190009032,PHI,manager,,t
selef801,BSN190009041,BSN,manager,,t
selef801,BSN190009042,BSN,manager,,t
hanln101,BRO190009040,BRO,manager,,t
shetb801,PHI190009040,PHI,manager,,t
selef801,BSN190009050,BSN,manager,,t
hanln101,BRO190009051,BRO,manager,,t
hanln101,BRO190009052,BRO,manager,,t
shetb801,PHI190009050,PHI,manager,,t
selef801,BSN190009060,BSN,manager,,t
hanln101,BRO190009060,BRO,manager,,t
shetb801,PHI190009060,PHI,manager,,t
selef801,BSN190009070,BSN,manager,,t
hanln101,BRO190009070,BRO,manager,,t
shetb801,PHI190009070,PHI,manager,,t
selef801,BSN190009080,BSN,manager,,t
hanln101,BRO190009081,BRO,manager,,t
hanln101,BRO190009082,BRO,manager,,t
shetb801,PHI190009080,PHI,manager,,t
hanln101,BRO190009100,BRO,manager,,t
shetb801,PHI190009101,PHI,manager,,t
shetb801,PHI190009102,PHI,manager,,t
selef801,BSN190009110,BSN,manager,,t
hanln101,BRO190009110,BRO,manager,,t
shetb801,PHI190009110,PHI,manager,,t
selef801,BSN190009120,BSN,manager,,t
hanln101,BRO190009120,BRO,manager,,t
shetb801,PHI190009120,PHI,manager,,t
selef801,BSN190009130,BSN,manager,,t
hanln101,BRO190009131,BRO,manager,,t
hanln101,BRO190009132,BRO,manager,,t
shetb801,PHI190009130,PHI,manager,,t
hanln101,BRO190009140,BRO,manager,,t
selef801,BSN190009150,BSN,manager,,t
hanln101,BRO190009151,BRO,manager,,t
hanln101,BRO190009152,BRO,manager,,t
shetb801,PHI190009150,PHI,manager,,t
selef801,BSN190009171,BSN,manager,,t
selef801,BSN190009172,BSN,manager,,t
hanln101,BRO190009170,BRO,manager,,t
shetb801,PHI190009171,PHI,manager,,t
shetb801,PHI190009172,PHI,manager,,t
selef801,BSN190009180,BSN,manager,,t
hanln101,BRO190009180,BRO,manager,,t
shetb801,PHI190009180,PHI,manager,,t
hanln101,BRO190009190,BRO,manager,,t
shetb801,PHI190009190,PHI,manager,,t
selef801,BSN190009200,BSN,manager,,t
clarf101,PIT190009200,PIT,manager,,t
selef801,BSN190009211,BSN,manager,,t
selef801,BSN190009212,BSN,manager,,t
hanln101,BRO190009210,BRO,manager,,t
alleb103,CIN190009210,CIN,manager,,t
clarf101,PIT190009210,PIT,manager,,t
selef801,BSN190009220,BSN,manager,,t
alleb103,CIN190009220,CIN,manager,,t
clarf101,PIT190009220,PIT,manager,,t
alleb103,CIN190009231,CIN,manager,,t
alleb103,CIN190009232,CIN,manager,,t
heill801,SLN190009230,SLN,manager,,t
selef801,BSN190009240,BSN,manager,,t
hanln101,BRO190009240,BRO,manager,,t
heill801,SLN190009240,SLN,manager,,t
selef801,BSN190009251,BSN,manager,,t
selef801,BSN190009252,BSN,manager,,t
hanln101,BRO190009250,BRO,manager,,t
heill801,SLN190009250,SLN,manager,,t
selef801,BSN190009260,BSN,manager,,t
hanln101,BRO190009260,BRO,manager,,t
clarf101,PIT190009260,PIT,manager,,t
hanln101,BRO190009270,BRO,manager,,t
clarf101,PIT190009270,PIT,manager,,t
hanln101,BRO190009280,BRO,manager,,t
clarf101,PIT190009280,PIT,manager,,t
heill801,SLN190009280,SLN,manager,,t
hanln101,BRO190009290,BRO,manager,,t
loftt101,CHN190009291,CHN,manager,,t
loftt101,CHN190009292,CHN,manager,,t
clarf101,PIT190009290,PIT,manager,,t
loftt101,CHN190009301,CHN,manager,,t
loftt101,CHN190009302,CHN,manager,,t
alleb103,CIN190009300,CIN,manager,,t
hanln101,BRO190010011,BRO,manager,,t
hanln101,BRO190010012,BRO,manager,,t
loftt101,CHN190010010,CHN,manager,,t
selef801,BSN190010020,BSN,manager,,t
loftt101,CHN190010020,CHN,manager,,t
shetb801,PHI190010020,PHI,manager,,t
selef801,BSN190010031,BSN,manager,,t
selef801,BSN190010032,BSN,manager,,t
alleb103,CIN190010030,CIN,manager,,t
shetb801,PHI190010030,PHI,manager,,t
selef801,BSN190010040,BSN,manager,,t
alleb103,CIN190010040,CIN,manager,,t
shetb801,PHI190010040,PHI,manager,,t
alleb103,CIN190010050,CIN,manager,,t
shetb801,PHI190010060,PHI,manager,,t
clarf101,PIT190010060,PIT,manager,,t
loftt101,CHN190010071,CHN,manager,,t
loftt101,CHN190010072,CHN,manager,,t
heill801,SLN190010070,SLN,manager,,t
loftt101,CHN190010081,CHN,manager,,t
loftt101,CHN190010082,CHN,manager,,t
heill801,SLN190010081,SLN,manager,,t
heill801,SLN190010082,SLN,manager,,t
heill801,SLN190010090,SLN,manager,,t
shetb801,PHI190010100,PHI,manager,,t
hanln101,BRO190010110,BRO,manager,,t
shetb801,PHI190010110,PHI,manager,,t
clarf101,PIT190010110,PIT,manager,,t
hanln101,BRO190010120,BRO,manager,,t
shetb801,PHI190010120,PHI,manager,,t
clarf101,PIT190010120,PIT,manager,,t
shetb801,PHI190010130,PHI,manager,,t
clarf101,PIT190010130,PIT,manager,,t
heill801,SLN190010130,SLN,manager,,t
heill801,SLN190010140,SLN,manager,,t
ortha101,BSN190004190,PHI,1,,t
grifc101,CIN190004190,CHN,1,,t
leevs101,SLN190004190,PIT,1,,t
nichk101,PHI190004200,BSN,1,,t
hawlp101,BRO190004210,NY1,1,,t
calln101,CIN190004210,CHN,1,,t
dinnb101,PHI190004210,BSN,1,,t
tannj101,SLN190004210,PIT,1,,t
garvn101,CIN190004220,CHN,1,,t
phild101,SLN190004220,PIT,1,,t
waddr101,CIN190004230,PIT,1,,t
willv101,PHI190004230,BSN,1,,t
tannj101,CIN190004240,PIT,1,,t
kennb101,PHI190004240,BRO,1,,t
taylj101,SLN190004240,CHN,1,,t
flahp101,CIN190004250,PIT,1,,t
dunnj102,PHI190004250,BRO,1,,t
grifc101,SLN190004250,CHN,1,,t
kitsf101,PHI190004260,BRO,1,,t
hahnn101,PIT190004260,CIN,1,,t
calln101,SLN190004260,CHN,1,,t
jonec107,CHN190004270,SLN,1,,t
mcgij101,PHI190004270,BRO,1,,t
newtd101,PIT190004270,CIN,1,,t
nichk101,BRO190004280,BSN,1,,t
younc102,CHN190004280,SLN,1,,t
dohee101,PHI190004280,NY1,1,,t
newtd101,PIT190004280,CIN,1,,t
sudhw101,CHN190004290,SLN,1,,t
phild101,CIN190004290,PIT,1,,t
willv101,BRO190004300,BSN,1,,t
harpj102,CHN190004300,SLN,1,,t
hawlp101,PHI190004300,NY1,1,,t
pittt101,BRO190005010,BSN,1,,t
powej105,CHN190005010,SLN,1,,t
dinnb101,BRO190005020,BSN,1,,t
younc102,PIT190005020,SLN,1,,t
dohee101,BRO190005030,NY1,1,,t
scote102,CHN190005030,CIN,1,,t
jonec107,PIT190005030,SLN,1,,t
bernb101,BSN190005040,PHI,1,,t
newtd101,CHN190005040,CIN,1,,t
donar101,BSN190005050,PHI,1,,t
dohee101,BRO190005050,NY1,1,,t
hahnn101,CHN190005050,CIN,1,,t
sudhw101,PIT190005050,SLN,1,,t
waddr101,CHN190005060,PIT,1,,t
philb101,SLN190005060,CIN,1,,t
hawlp101,BSN190005070,NY1,1,,t
piatw101,BRO190005070,PHI,1,,t
garvn101,PIT190005070,CHN,1,,t
carrb102,BSN190005080,NY1,1,,t
bernb101,BRO190005080,PHI,1,,t
killf101,PIT190005080,CHN,1,,t
newtd101,SLN190005080,CIN,1,,t
taylj101,PIT190005100,CHN,1,,t
donar101,CIN190005110,PHI,1,,t
dohee101,CHN190005120,NY1,1,,t
bernb101,CIN190005120,PHI,1,,t
lewit101,PIT190005120,BSN,1,,t
mcgij101,SLN190005120,BRO,1,,t
hawlp101,CHN190005130,NY1,1,,t
leevs101,CIN190005130,PIT,1,,t
howeh101,SLN190005130,BRO,1,,t
carrb102,CHN190005140,NY1,1,,t
maula101,CIN190005140,PHI,1,,t
dinnb101,PIT190005140,BSN,1,,t
kennb101,SLN190005140,BRO,1,,t
seymc101,CHN190005150,NY1,1,,t
ortha101,CIN190005150,PHI,1,,t
pittt101,PIT190005150,BSN,1,,t
dunnj102,SLN190005150,BRO,1,,t
willv101,CHN190005160,BSN,1,,t
mcgij101,CIN190005160,BRO,1,,t
donar101,PIT190005160,PHI,1,,t
dohee101,SLN190005160,NY1,1,,t
kitsf101,CIN190005170,BRO,1,,t
piatw101,PIT190005170,PHI,1,,t
bernb101,PIT190005180,PHI,1,,t
hawlp101,SLN190005180,NY1,1,,t
dinnb101,CHN190005190,BSN,1,,t
phild101,CHN190005200,PIT,1,,t
kennb101,CIN190005200,BRO,1,,t
carrb102,SLN190005200,NY1,1,,t
ortha101,CHN190005210,PHI,1,,t
dohee101,CIN190005210,NY1,1,,t
dunnj102,PIT190005210,BRO,1,,t
lewit101,SLN190005210,BSN,1,,t
donar101,CHN190005220,PHI,1,,t
carrb102,CIN190005220,NY1,1,,t
kitsf101,PIT190005220,BRO,1,,t
pittt101,SLN190005220,BSN,1,,t
piatw101,CHN190005230,PHI,1,,t
dohee101,CIN190005230,NY1,1,,t
howeh101,PIT190005230,BRO,1,,t
dinnb101,SLN190005230,BSN,1,,t
willv101,CIN190005240,BSN,1,,t
kennb101,PIT190005240,BRO,1,,t
maula101,SLN190005240,PHI,1,,t
mcgij101,CHN190005250,BRO,1,,t
lewit101,CIN190005250,BSN,1,,t
hawlp101,PIT190005250,NY1,1,,t
bernb101,SLN190005250,PHI,1,,t
kitsf101,CHN190005260,BRO,1,,t
cuppn101,CIN190005260,BSN,1,,t
seymc101,PIT190005260,NY1,1,,t
ortha101,SLN190005260,PHI,1,,t
waddr101,CIN190005270,PIT,1,,t
kennb101,CHN190005280,BRO,1,,t
dohee101,PIT190005280,NY1,1,,t
piatw101,SLN190005280,PHI,1,,t
scote102,BSN190005301,CIN,1,,t
philb101,BSN190005302,CIN,1,,t
hughj102,BRO190005301,SLN,1,,t
jonec107,BRO190005302,SLN,1,,t
grifc101,PHI190005301,CHN,1,,t
calln101,PHI190005302,CHN,1,,t
hahnn101,BSN190005310,CIN,1,,t
taylj101,PHI190005310,CHN,1,,t
newtd101,BSN190006010,CIN,1,,t
younc102,BRO190006010,SLN,1,,t
garvn101,PHI190006010,CHN,1,,t
powej105,BSN190006020,SLN,1,,t
leevs101,PHI190006020,PIT,1,,t
hughj102,BSN190006040,SLN,1,,t
grifc101,BRO190006040,CHN,1,,t
waddr101,PHI190006040,PIT,1,,t
jonec107,BSN190006050,SLN,1,,t
killf101,BRO190006050,CHN,1,,t
chesj101,PHI190006050,PIT,1,,t
hughj102,BSN190006060,SLN,1,,t
garvn101,BRO190006060,CHN,1,,t
waddr101,PHI190006060,PIT,1,,t
taylj101,BSN190006070,CHN,1,,t
phild101,BRO190006070,PIT,1,,t
scote102,PHI190006070,CIN,1,,t
calln101,BSN190006080,CHN,1,,t
grifc101,BSN190006090,CHN,1,,t
tannj101,BRO190006090,PIT,1,,t
hahnn101,PHI190006090,CIN,1,,t
garvn101,BSN190006110,CHN,1,,t
phild101,BRO190006110,PIT,1,,t
philb101,PHI190006110,CIN,1,,t
chesj101,BSN190006120,PIT,1,,t
scote102,BRO190006120,CIN,1,,t
jonec107,PHI190006120,SLN,1,,t
phild101,BSN190006130,PIT,1,,t
breit101,BRO190006130,CIN,1,,t
sudhw101,PHI190006130,SLN,1,,t
waddr101,BSN190006140,PIT,1,,t
newtd101,BRO190006140,CIN,1,,t
weyhg101,PHI190006140,SLN,1,,t
kennb101,BSN190006150,BRO,1,,t
mercw101,PHI190006150,NY1,1,,t
nopsj101,BSN190006160,BRO,1,,t
carrb102,PHI190006160,NY1,1,,t
killf101,PIT190006160,CHN,1,,t
hahnn101,SLN190006160,CIN,1,,t
meekj101,CHN190006170,PIT,1,,t
scote102,SLN190006170,CIN,1,,t
mcgij101,BSN190006180,BRO,1,,t
phild101,CHN190006180,PIT,1,,t
hawlp101,PHI190006180,NY1,1,,t
newtd101,SLN190006180,CIN,1,,t
kitsf101,BSN190006190,BRO,1,,t
waddr101,CHN190006190,PIT,1,,t
mercw101,PHI190006190,NY1,1,,t
hahnn101,SLN190006190,CIN,1,,t
tannj101,CHN190006200,PIT,1,,t
kennb101,PHI190006200,BRO,1,,t
nopsj101,PHI190006210,BRO,1,,t
newtd101,CHN190006220,CIN,1,,t
mcgij101,PHI190006220,BRO,1,,t
frasc101,BSN190006230,PHI,1,,t
scote102,CHN190006230,CIN,1,,t
hahnn101,CHN190006240,CIN,1,,t
bernb101,BSN190006250,PHI,1,,t
carrb102,BRO190006250,NY1,1,,t
breit101,SLN190006250,CIN,1,,t
bernb101,BSN190006260,PHI,1,,t
calln101,PIT190006260,CHN,1,,t
scote102,SLN190006260,CIN,1,,t
killf101,PIT190006270,CHN,1,,t
hahnn101,SLN190006270,CIN,1,,t
willv101,CIN190006280,BSN,1,,t
frasc101,PIT190006280,PHI,1,,t
kitsf101,CHN190006290,BRO,1,,t
nichk101,CIN190006290,BSN,1,,t
piatw101,PIT190006290,PHI,1,,t
carrb102,SLN190006290,NY1,1,,t
kennb101,CHN190006300,BRO,1,,t
cuppn101,CIN190006300,BSN,1,,t
ortha101,PIT190006300,PHI,1,,t
dohee101,SLN190006300,NY1,1,,t
mcgij101,CHN190007010,BRO,1,,t
tannj101,CIN190007010,PIT,1,,t
hawlp101,SLN190007010,NY1,1,,t
donar101,CHN190007020,PHI,1,,t
carrb102,CIN190007020,NY1,1,,t
dinnb101,PIT190007020,BSN,1,,t
howeh101,SLN190007020,BRO,1,,t
bernb101,CHN190007030,PHI,1,,t
dohee101,CIN190007030,NY1,1,,t
lewit101,PIT190007030,BSN,1,,t
frasc101,CHN190007041,PHI,1,,t
ortha101,CHN190007042,PHI,1,,t
mercw101,CIN190007041,NY1,1,,t
hawlp101,CIN190007042,NY1,1,,t
willv101,PIT190007041,BSN,1,,t
nichk101,PIT190007042,BSN,1,,t
kennb101,SLN190007041,BRO,1,,t
mcgij101,SLN190007042,BRO,1,,t
dinnb101,CHN190007050,BSN,1,,t
nopsj101,CIN190007050,BRO,1,,t
carrb102,PIT190007050,NY1,1,,t
piatw101,SLN190007050,PHI,1,,t
cuppn101,CHN190007060,BSN,1,,t
kitsf101,CIN190007060,BRO,1,,t
donar101,SLN190007060,PHI,1,,t
nichk101,CHN190007070,BSN,1,,t
howeh101,CIN190007070,BRO,1,,t
hawlp101,PIT190007070,NY1,1,,t
bernb101,SLN190007070,PHI,1,,t
carrb102,CHN190007080,NY1,1,,t
kennb101,CIN190007080,BRO,1,,t
meekj101,SLN190007080,PIT,1,,t
mercw101,CHN190007090,NY1,1,,t
frasc101,CIN190007090,PHI,1,,t
willv101,SLN190007090,BSN,1,,t
dohee101,CHN190007100,NY1,1,,t
ortha101,CIN190007100,PHI,1,,t
mcgij101,PIT190007100,BRO,1,,t
dinnb101,SLN190007100,BSN,1,,t
donar101,CIN190007110,PHI,1,,t
nopsj101,PIT190007110,BRO,1,,t
nichk101,SLN190007110,BSN,1,,t
bernb101,CIN190007120,PHI,1,,t
kitsf101,PIT190007120,BRO,1,,t
lewit101,SLN190007120,BSN,1,,t
jonec107,CIN190007130,SLN,1,,t
piatw101,PIT190007130,PHI,1,,t
mercw101,BRO190007140,NY1,1,,t
phild101,CHN190007140,PIT,1,,t
younc102,CIN190007140,SLN,1,,t
dinnb101,PHI190007140,BSN,1,,t
leevs101,CHN190007150,PIT,1,,t
powej105,CIN190007150,SLN,1,,t
tannj101,CHN190007160,PIT,1,,t
nichk101,PHI190007160,BSN,1,,t
dohee101,BRO190007170,NY1,1,,t
cuppn101,PHI190007170,BSN,1,,t
grifc101,PIT190007170,CHN,1,,t
dinnb101,BRO190007180,BSN,1,,t
garvn101,BSN190007190,CHN,1,,t
philb101,BRO190007190,CIN,1,,t
leevs101,PHI190007190,PIT,1,,t
taylj101,BSN190007200,CHN,1,,t
scote102,BRO190007200,CIN,1,,t
chesj101,PHI190007200,PIT,1,,t
grifc101,BSN190007210,CHN,1,,t
hahnn101,BRO190007210,CIN,1,,t
phild101,PHI190007210,PIT,1,,t
younc102,BSN190007230,SLN,1,,t
calln101,BRO190007230,CHN,1,,t
newtd101,PHI190007230,CIN,1,,t
jonec107,BSN190007240,SLN,1,,t
garvn101,BRO190007240,CHN,1,,t
breit101,PHI190007240,CIN,1,,t
hughj102,BSN190007250,SLN,1,,t
taylj101,BRO190007250,CHN,1,,t
scote102,PHI190007250,CIN,1,,t
phild101,BSN190007270,PIT,1,,t
powej105,BRO190007270,SLN,1,,t
grifc101,PHI190007270,CHN,1,,t
leevs101,BSN190007280,PIT,1,,t
powej105,BRO190007280,SLN,1,,t
calln101,PHI190007280,CHN,1,,t
scote102,BSN190007300,CIN,1,,t
hahnn101,BSN190007310,CIN,1,,t
tannj101,BRO190007310,PIT,1,,t
jonec107,PHI190007310,SLN,1,,t
philb101,BSN190008010,CIN,1,,t
phild101,BRO190008010,PIT,1,,t
younc102,PHI190008010,SLN,1,,t
nichk101,BRO190008020,BSN,1,,t
powej105,PHI190008020,SLN,1,,t
kitsf101,CHN190008040,BRO,1,,t
willv101,CIN190008040,BSN,1,,t
frasc101,PIT190008040,PHI,1,,t
carrb102,SLN190008040,NY1,1,,t
mcgij101,CHN190008050,BRO,1,,t
leevs101,CIN190008050,PIT,1,,t
mercw101,SLN190008050,NY1,1,,t
kennb101,CHN190008060,BRO,1,,t
dinnb101,CIN190008061,BSN,1,,t
lewit101,CIN190008062,BSN,1,,t
donar101,PIT190008060,PHI,1,,t
hawlp101,SLN190008060,NY1,1,,t
weyhg101,CHN190008070,BRO,1,,t
cuppn101,CIN190008070,BSN,1,,t
piatw101,PIT190008070,PHI,1,,t
carrb102,SLN190008070,NY1,1,,t
ortha101,CHN190008080,PHI,1,,t
willv101,PIT190008080,BSN,1,,t
frasc101,CHN190008090,PHI,1,,t
mercw101,CIN190008090,NY1,1,,t
dinnb101,PIT190008090,BSN,1,,t
kitsf101,SLN190008090,BRO,1,,t
donar101,CHN190008110,PHI,1,,t
hawlp101,CIN190008110,NY1,1,,t
lewit101,PIT190008110,BSN,1,,t
kennb101,SLN190008110,BRO,1,,t
tannj101,CHN190008120,PIT,1,,t
mcgij101,SLN190008120,BRO,1,,t
willv101,CHN190008131,BSN,1,,t
nichk101,CHN190008132,BSN,1,,t
kitsf101,CIN190008130,BRO,1,,t
carrb102,PIT190008130,NY1,1,,t
piatw101,SLN190008130,PHI,1,,t
cuppn101,CHN190008141,BSN,1,,t
dinnb101,CHN190008142,BSN,1,,t
mercw101,PIT190008141,NY1,1,,t
hawlp101,PIT190008142,NY1,1,,t
ortha101,SLN190008140,PHI,1,,t
weyhg101,CIN190008151,BRO,1,,t
kennb101,CIN190008152,BRO,1,,t
carrb102,PIT190008150,NY1,1,,t
bernb101,SLN190008150,PHI,1,,t
mercw101,CHN190008160,NY1,1,,t
frasc101,CIN190008160,PHI,1,,t
mcgij101,PIT190008160,BRO,1,,t
dinnb101,SLN190008160,BSN,1,,t
donar101,CIN190008170,PHI,1,,t
kitsf101,PIT190008170,BRO,1,,t
willv101,SLN190008170,BSN,1,,t
hawlp101,CHN190008180,NY1,1,,t
ortha101,CIN190008180,PHI,1,,t
mcgij101,PIT190008180,BRO,1,,t
lewit101,SLN190008180,BSN,1,,t
carrb102,CHN190008190,NY1,1,,t
scote102,SLN190008190,CIN,1,,t
mercw101,PIT190008200,NY1,1,,t
breit101,SLN190008200,CIN,1,,t
hawlp101,PHI190008210,NY1,1,,t
philb101,SLN190008210,CIN,1,,t
weyhg101,BSN190008220,BRO,1,,t
kitsf101,BSN190008230,BRO,1,,t
scote102,PIT190008230,CIN,1,,t
newtd101,PIT190008240,CIN,1,,t
grifc101,SLN190008240,CHN,1,,t
mcgij101,BSN190008250,BRO,1,,t
philb101,PIT190008250,CIN,1,,t
garvn101,SLN190008250,CHN,1,,t
phild101,CIN190008260,PIT,1,,t
calln101,SLN190008260,CHN,1,,t
mercw101,BRO190008270,NY1,1,,t
powej105,CHN190008270,SLN,1,,t
hawlp101,BSN190008280,NY1,1,,t
frasc101,BRO190008280,PHI,1,,t
younc102,CHN190008280,SLN,1,,t
carrb102,BSN190008290,NY1,1,,t
ortha101,BRO190008290,PHI,1,,t
sudhw101,CHN190008290,SLN,1,,t
mercw101,BSN190008300,NY1,1,,t
dunnj102,BRO190008300,PHI,1,,t
newtd101,CHN190008300,CIN,1,,t
jonec107,PIT190008300,SLN,1,,t
tayld102,BSN190008310,NY1,1,,t
bernb101,BRO190008310,PHI,1,,t
scote102,CHN190008310,CIN,1,,t
powej105,PIT190008310,SLN,1,,t
hawlp101,BSN190009010,NY1,1,,t
bernb101,BRO190009010,PHI,1,,t
hahnn101,CHN190009011,CIN,1,,t
philb101,CHN190009012,CIN,1,,t
younc102,PIT190009010,SLN,1,,t
leevs101,BSN190009031,PIT,1,,t
waddr101,BSN190009032,PIT,1,,t
grifc101,BRO190009031,CHN,1,,t
calln101,BRO190009032,CHN,1,,t
hughj102,PHI190009031,SLN,1,,t
jonec107,PHI190009032,SLN,1,,t
chesj101,BSN190009041,PIT,1,,t
tannj101,BSN190009042,PIT,1,,t
garvn101,BRO190009040,CHN,1,,t
powej105,PHI190009040,SLN,1,,t
phild101,BSN190009050,PIT,1,,t
taylj101,BRO190009051,CHN,1,,t
menej101,BRO190009052,CHN,1,,t
younc102,PHI190009050,SLN,1,,t
scote102,BSN190009060,CIN,1,,t
leevs101,BRO190009060,PIT,1,,t
calln101,PHI190009060,CHN,1,,t
philb101,BSN190009070,CIN,1,,t
waddr101,BRO190009070,PIT,1,,t
hught103,PHI190009070,CHN,1,,t
hahnn101,BSN190009080,CIN,1,,t
chesj101,BRO190009081,PIT,1,,t
phild101,BRO190009082,PIT,1,,t
grifc101,PHI190009080,CHN,1,,t
tannj101,BRO190009100,PIT,1,,t
taylj101,PHI190009101,CHN,1,,t
garvn101,PHI190009102,CHN,1,,t
sudhw101,BSN190009110,SLN,1,,t
philb101,BRO190009110,CIN,1,,t
leevs101,PHI190009110,PIT,1,,t
powej105,BSN190009120,SLN,1,,t
hahnn101,BRO190009120,CIN,1,,t
waddr101,PHI190009120,PIT,1,,t
jonec107,BSN190009130,SLN,1,,t
newtd101,BRO190009131,CIN,1,,t
scote102,BRO190009132,CIN,1,,t
chesj101,PHI190009130,PIT,1,,t
philb101,BRO190009140,CIN,1,,t
menej101,BSN190009150,CHN,1,,t
younc102,BRO190009151,SLN,1,,t
hughj102,BRO190009152,SLN,1,,t
hahnn101,PHI190009150,CIN,1,,t
grifc101,BSN190009171,CHN,1,,t
calln101,BSN190009172,CHN,1,,t
powej105,BRO190009170,SLN,1,,t
breit101,PHI190009171,CIN,1,,t
scote102,PHI190009172,CIN,1,,t
cunnb103,BSN190009180,CHN,1,,t
younc102,BRO190009180,SLN,1,,t
newtd101,PHI190009180,CIN,1,,t
philb101,PHI190009190,CIN,1,,t
ortha101,BSN190009200,PHI,1,,t
powej105,PIT190009200,SLN,1,,t
dunnj102,BSN190009211,PHI,1,,t
frasc101,BSN190009212,PHI,1,,t
mercw101,BRO190009210,NY1,1,,t
garvn101,CIN190009210,CHN,1,,t
younc102,PIT190009210,SLN,1,,t
donar101,BSN190009220,PHI,1,,t
menej101,CIN190009220,CHN,1,,t
jonec107,PIT190009220,SLN,1,,t
taylj101,CIN190009231,CHN,1,,t
grifc101,CIN190009232,CHN,1,,t
leevs101,SLN190009230,PIT,1,,t
carrb102,BSN190009240,NY1,1,,t
ortha101,BRO190009240,PHI,1,,t
waddr101,SLN190009240,PIT,1,,t
mercw101,BSN190009251,NY1,1,,t
carrb102,BSN190009252,NY1,1,,t
frasc101,BRO190009250,PHI,1,,t
cunnb103,SLN190009250,CHN,1,,t
seymc101,BSN190009260,NY1,1,,t
donar101,BRO190009260,PHI,1,,t
scote102,PIT190009260,CIN,1,,t
willv101,BRO190009270,BSN,1,,t
newtd101,PIT190009270,CIN,1,,t
pittt101,BRO190009280,BSN,1,,t
philb101,PIT190009280,CIN,1,,t
calln101,SLN190009280,CHN,1,,t
dinnb101,BRO190009290,BSN,1,,t
powej105,CHN190009291,SLN,1,,t
sudhw101,CHN190009292,SLN,1,,t
hahnn101,PIT190009290,CIN,1,,t
younc102,CHN190009301,SLN,1,,t
hughj102,CHN190009302,SLN,1,,t
waddr101,CIN190009300,PIT,1,,t
nichk101,BRO190010011,BSN,1,,t
willv101,BRO190010012,BSN,1,,t
jonec107,CHN190010010,SLN,1,,t
donob101,BSN190010020,BRO,1,,t
sudhw101,CHN190010020,SLN,1,,t
mercw101,PHI190010020,NY1,1,,t
yeagj101,BSN190010031,BRO,1,,t
kennb101,BSN190010032,BRO,1,,t
powej105,CIN190010030,SLN,1,,t
hawlp101,PHI190010030,NY1,1,,t
kitsf101,BSN190010040,BRO,1,,t
jonec107,CIN190010040,SLN,1,,t
carrb102,PHI190010040,NY1,1,,t
sudhw101,CIN190010050,SLN,1,,t
mcgij101,PHI190010060,BRO,1,,t
powej105,PIT190010060,SLN,1,,t
breit101,CHN190010071,CIN,1,,t
newtd101,CHN190010072,CIN,1,,t
phild101,SLN190010070,PIT,1,,t
hahnn101,CHN190010081,CIN,1,,t
philb101,CHN190010082,CIN,1,,t
waddr101,SLN190010081,PIT,1,,t
tannj101,SLN190010082,PIT,1,,t
leevs101,SLN190010090,PIT,1,,t
lewit101,PHI190010100,BSN,1,,t
hawlp101,BRO190010110,NY1,1,,t
willv101,PHI190010110,BSN,1,,t
garvn101,PIT190010110,CHN,1,,t
carrb102,BRO190010120,NY1,1,,t
nichk101,PHI190010120,BSN,1,,t
calln101,PIT190010120,CHN,1,,t
lewit101,PHI190010130,BSN,1,,t
menej101,PIT190010130,CHN,1,,t
hahnn101,SLN190010130,CIN,1,,t
scote102,SLN190010140,CIN,1,,t
willv101,BSN190004190,BSN,1,,t
philb101,CIN190004190,CIN,1,,t
younc102,SLN190004190,SLN,1,,t
frasc101,PHI190004200,PHI,1,,t
mcgij101,BRO190004210,BRO,1,,t
breit101,CIN190004210,CIN,1,,t
bernb101,PHI190004210,PHI,1,,t
jonec107,SLN190004210,SLN,1,,t
hahnn101,CIN190004220,CIN,1,,t
powej105,SLN190004220,SLN,1,,t
scote102,CIN190004230,CIN,1,,t
ortha101,PHI190004230,PHI,1,,t
breit101,CIN190004240,CIN,1,,t
donar101,PHI190004240,PHI,1,,t
younc102,SLN190004240,SLN,1,,t
philb101,CIN190004250,CIN,1,,t
piatw101,PHI190004250,PHI,1,,t
sudhw101,SLN190004250,SLN,1,,t
bernb101,PHI190004260,PHI,1,,t
waddr101,PIT190004260,PIT,1,,t
powej105,SLN190004260,SLN,1,,t
taylj101,CHN190004270,CHN,1,,t
ortha101,PHI190004270,PHI,1,,t
tannj101,PIT190004270,PIT,1,,t
kennb101,BRO190004280,BRO,1,,t
garvn101,CHN190004280,CHN,1,,t
donar101,PHI190004280,PHI,1,,t
chesj101,PIT190004280,PIT,1,,t
menej101,CHN190004290,CHN,1,,t
breit101,CIN190004290,CIN,1,,t
dunnj102,BRO190004300,BRO,1,,t
calln101,CHN190004300,CHN,1,,t
piatw101,PHI190004300,PHI,1,,t
mcgij101,BRO190005010,BRO,1,,t
taylj101,CHN190005010,CHN,1,,t
kitsf101,BRO190005020,BRO,1,,t
leevs101,PIT190005020,PIT,1,,t
kennb101,BRO190005030,BRO,1,,t
grifc101,CHN190005030,CHN,1,,t
waddr101,PIT190005030,PIT,1,,t
lewit101,BSN190005040,BSN,1,,t
garvn101,CHN190005040,CHN,1,,t
willv101,BSN190005050,BSN,1,,t
mcgij101,BRO190005050,BRO,1,,t
menej101,CHN190005050,CHN,1,,t
chesj101,PIT190005050,PIT,1,,t
calln101,CHN190005060,CHN,1,,t
younc102,SLN190005060,SLN,1,,t
dinnb101,BSN190005070,BSN,1,,t
kennb101,BRO190005070,BRO,1,,t
leevs101,PIT190005070,PIT,1,,t
pittt101,BSN190005080,BSN,1,,t
dunnj102,BRO190005080,BRO,1,,t
chesj101,PIT190005080,PIT,1,,t
weyhg101,SLN190005080,SLN,1,,t
tannj101,PIT190005100,PIT,1,,t
hahnn101,CIN190005110,CIN,1,,t
calln101,CHN190005120,CHN,1,,t
scote102,CIN190005120,CIN,1,,t
phild101,PIT190005120,PIT,1,,t
younc102,SLN190005120,SLN,1,,t
grifc101,CHN190005130,CHN,1,,t
hahnn101,CIN190005130,CIN,1,,t
jonec107,SLN190005130,SLN,1,,t
garvn101,CHN190005140,CHN,1,,t
philb101,CIN190005140,CIN,1,,t
chesj101,PIT190005140,PIT,1,,t
powej105,SLN190005140,SLN,1,,t
menej101,CHN190005150,CHN,1,,t
scote102,CIN190005150,CIN,1,,t
tannj101,PIT190005150,PIT,1,,t
sudhw101,SLN190005150,SLN,1,,t
calln101,CHN190005160,CHN,1,,t
breit101,CIN190005160,CIN,1,,t
phild101,PIT190005160,PIT,1,,t
younc102,SLN190005160,SLN,1,,t
hahnn101,CIN190005170,CIN,1,,t
chesj101,PIT190005170,PIT,1,,t
chesj101,PIT190005180,PIT,1,,t
jonec107,SLN190005180,SLN,1,,t
taylj101,CHN190005190,CHN,1,,t
killf101,CHN190005200,CHN,1,,t
scote102,CIN190005200,CIN,1,,t
thomt102,SLN190005200,SLN,1,,t
garvn101,CHN190005210,CHN,1,,t
hahnn101,CIN190005210,CIN,1,,t
leevs101,PIT190005210,PIT,1,,t
powej105,SLN190005210,SLN,1,,t
calln101,CHN190005220,CHN,1,,t
breit101,CIN190005220,CIN,1,,t
tannj101,PIT190005220,PIT,1,,t
jonec107,SLN190005220,SLN,1,,t
grifc101,CHN190005230,CHN,1,,t
scote102,CIN190005230,CIN,1,,t
waddr101,PIT190005230,PIT,1,,t
younc102,SLN190005230,SLN,1,,t
hahnn101,CIN190005240,CIN,1,,t
phild101,PIT190005240,PIT,1,,t
powej105,SLN190005240,SLN,1,,t
garvn101,CHN190005250,CHN,1,,t
scote102,CIN190005250,CIN,1,,t
leevs101,PIT190005250,PIT,1,,t
jonec107,SLN190005250,SLN,1,,t
calln101,CHN190005260,CHN,1,,t
newtd101,CIN190005260,CIN,1,,t
tannj101,PIT190005260,PIT,1,,t
younc102,SLN190005260,SLN,1,,t
philb101,CIN190005270,CIN,1,,t
garvn101,CHN190005280,CHN,1,,t
chesj101,PIT190005280,PIT,1,,t
powej105,SLN190005280,SLN,1,,t
dinnb101,BSN190005301,BSN,1,,t
lewit101,BSN190005302,BSN,1,,t
nopsj101,BRO190005301,BRO,1,,t
kennb101,BRO190005302,BRO,1,,t
donar101,PHI190005301,PHI,1,,t
bernb101,PHI190005302,PHI,1,,t
pittt101,BSN190005310,BSN,1,,t
ortha101,PHI190005310,PHI,1,,t
cuppn101,BSN190006010,BSN,1,,t
kennb101,BRO190006010,BRO,1,,t
maula101,PHI190006010,PHI,1,,t
dinnb101,BSN190006020,BSN,1,,t
frasc101,PHI190006020,PHI,1,,t
dinnb101,BSN190006040,BSN,1,,t
kitsf101,BRO190006040,BRO,1,,t
piatw101,PHI190006040,PHI,1,,t
pittt101,BSN190006050,BSN,1,,t
mcgij101,BRO190006050,BRO,1,,t
bernb101,PHI190006050,PHI,1,,t
cuppn101,BSN190006060,BSN,1,,t
kennb101,BRO190006060,BRO,1,,t
ortha101,PHI190006060,PHI,1,,t
nichk101,BSN190006070,BSN,1,,t
nopsj101,BRO190006070,BRO,1,,t
maula101,PHI190006070,PHI,1,,t
dinnb101,BSN190006080,BSN,1,,t
lewit101,BSN190006090,BSN,1,,t
mcgij101,BRO190006090,BRO,1,,t
bernb101,PHI190006090,PHI,1,,t
cuppn101,BSN190006110,BSN,1,,t
kennb101,BRO190006110,BRO,1,,t
ortha101,PHI190006110,PHI,1,,t
dinnb101,BSN190006120,BSN,1,,t
kitsf101,BRO190006120,BRO,1,,t
donar101,PHI190006120,PHI,1,,t
nichk101,BSN190006130,BSN,1,,t
mcgij101,BRO190006130,BRO,1,,t
piatw101,PHI190006130,PHI,1,,t
lewit101,BSN190006140,BSN,1,,t
howeh101,BRO190006140,BRO,1,,t
bernb101,PHI190006140,PHI,1,,t
pittt101,BSN190006150,BSN,1,,t
frasc101,PHI190006150,PHI,1,,t
dinnb101,BSN190006160,BSN,1,,t
ortha101,PHI190006160,PHI,1,,t
chesj101,PIT190006160,PIT,1,,t
powej105,SLN190006160,SLN,1,,t
garvn101,CHN190006170,CHN,1,,t
jonec107,SLN190006170,SLN,1,,t
nichk101,BSN190006180,BSN,1,,t
calln101,CHN190006180,CHN,1,,t
bernb101,PHI190006180,PHI,1,,t
weyhg101,SLN190006180,SLN,1,,t
willv101,BSN190006190,BSN,1,,t
grifc101,CHN190006190,CHN,1,,t
piatw101,PHI190006190,PHI,1,,t
weyhg101,SLN190006190,SLN,1,,t
killf101,CHN190006200,CHN,1,,t
frasc101,PHI190006200,PHI,1,,t
ortha101,PHI190006210,PHI,1,,t
calln101,CHN190006220,CHN,1,,t
bernb101,PHI190006220,PHI,1,,t
nichk101,BSN190006230,BSN,1,,t
taylj101,CHN190006230,CHN,1,,t
grifc101,CHN190006240,CHN,1,,t
dinnb101,BSN190006250,BSN,1,,t
kennb101,BRO190006250,BRO,1,,t
powej105,SLN190006250,SLN,1,,t
lewit101,BSN190006260,BSN,1,,t
phild101,PIT190006260,PIT,1,,t
jonec107,SLN190006260,SLN,1,,t
tannj101,PIT190006270,PIT,1,,t
younc102,SLN190006270,SLN,1,,t
philb101,CIN190006280,CIN,1,,t
leevs101,PIT190006280,PIT,1,,t
grifc101,CHN190006290,CHN,1,,t
breit101,CIN190006290,CIN,1,,t
waddr101,PIT190006290,PIT,1,,t
powej105,SLN190006290,SLN,1,,t
garvn101,CHN190006300,CHN,1,,t
hahnn101,CIN190006300,CIN,1,,t
phild101,PIT190006300,PIT,1,,t
hughj102,SLN190006300,SLN,1,,t
calln101,CHN190007010,CHN,1,,t
newtd101,CIN190007010,CIN,1,,t
younc102,SLN190007010,SLN,1,,t
taylj101,CHN190007020,CHN,1,,t
scote102,CIN190007020,CIN,1,,t
leevs101,PIT190007020,PIT,1,,t
powej105,SLN190007020,SLN,1,,t
grifc101,CHN190007030,CHN,1,,t
breit101,CIN190007030,CIN,1,,t
chesj101,PIT190007030,PIT,1,,t
cunnb103,CHN190007041,CHN,1,,t
calln101,CHN190007042,CHN,1,,t
hahnn101,CIN190007041,CIN,1,,t
scote102,CIN190007042,CIN,1,,t
phild101,PIT190007041,PIT,1,,t
tannj101,PIT190007042,PIT,1,,t
jonec107,SLN190007041,SLN,1,,t
younc102,SLN190007042,SLN,1,,t
taylj101,CHN190007050,CHN,1,,t
newtd101,CIN190007050,CIN,1,,t
waddr101,PIT190007050,PIT,1,,t
powej105,SLN190007050,SLN,1,,t
grifc101,CHN190007060,CHN,1,,t
stima101,CIN190007060,CIN,1,,t
hughj102,SLN190007060,SLN,1,,t
calln101,CHN190007070,CHN,1,,t
scote102,CIN190007070,CIN,1,,t
phild101,PIT190007070,PIT,1,,t
jonec107,SLN190007070,SLN,1,,t
cunnb103,CHN190007080,CHN,1,,t
hahnn101,CIN190007080,CIN,1,,t
younc102,SLN190007080,SLN,1,,t
taylj101,CHN190007090,CHN,1,,t
newtd101,CIN190007090,CIN,1,,t
powej105,SLN190007090,SLN,1,,t
grifc101,CHN190007100,CHN,1,,t
breit101,CIN190007100,CIN,1,,t
leevs101,PIT190007100,PIT,1,,t
jonec107,SLN190007100,SLN,1,,t
scote102,CIN190007110,CIN,1,,t
phild101,PIT190007110,PIT,1,,t
younc102,SLN190007110,SLN,1,,t
hahnn101,CIN190007120,CIN,1,,t
tannj101,PIT190007120,PIT,1,,t
powej105,SLN190007120,SLN,1,,t
philb101,CIN190007130,CIN,1,,t
leevs101,PIT190007130,PIT,1,,t
kennb101,BRO190007140,BRO,1,,t
calln101,CHN190007140,CHN,1,,t
newtd101,CIN190007140,CIN,1,,t
frasc101,PHI190007140,PHI,1,,t
taylj101,CHN190007150,CHN,1,,t
hahnn101,CIN190007150,CIN,1,,t
cunnb103,CHN190007160,CHN,1,,t
donar101,PHI190007160,PHI,1,,t
mcgij101,BRO190007170,BRO,1,,t
piatw101,PHI190007170,PHI,1,,t
chesj101,PIT190007170,PIT,1,,t
nopsj101,BRO190007180,BRO,1,,t
willv101,BSN190007190,BSN,1,,t
kennb101,BRO190007190,BRO,1,,t
bernb101,PHI190007190,PHI,1,,t
lewit101,BSN190007200,BSN,1,,t
dunnj102,BRO190007200,BRO,1,,t
frasc101,PHI190007200,PHI,1,,t
nichk101,BSN190007210,BSN,1,,t
kitsf101,BRO190007210,BRO,1,,t
piatw101,PHI190007210,PHI,1,,t
dinnb101,BSN190007230,BSN,1,,t
mcgij101,BRO190007230,BRO,1,,t
donar101,PHI190007230,PHI,1,,t
willv101,BSN190007240,BSN,1,,t
nopsj101,BRO190007240,BRO,1,,t
ortha101,PHI190007240,PHI,1,,t
nichk101,BSN190007250,BSN,1,,t
kennb101,BRO190007250,BRO,1,,t
frasc101,PHI190007250,PHI,1,,t
dinnb101,BSN190007270,BSN,1,,t
kitsf101,BRO190007270,BRO,1,,t
piatw101,PHI190007270,PHI,1,,t
nichk101,BSN190007280,BSN,1,,t
mcgij101,BRO190007280,BRO,1,,t
bernb101,PHI190007280,PHI,1,,t
willv101,BSN190007300,BSN,1,,t
cuppn101,BSN190007310,BSN,1,,t
kennb101,BRO190007310,BRO,1,,t
frasc101,PHI190007310,PHI,1,,t
dinnb101,BSN190008010,BSN,1,,t
mcgij101,BRO190008010,BRO,1,,t
ortha101,PHI190008010,PHI,1,,t
kitsf101,BRO190008020,BRO,1,,t
piatw101,PHI190008020,PHI,1,,t
calln101,CHN190008040,CHN,1,,t
scote102,CIN190008040,CIN,1,,t
phild101,PIT190008040,PIT,1,,t
jonec107,SLN190008040,SLN,1,,t
taylj101,CHN190008050,CHN,1,,t
hahnn101,CIN190008050,CIN,1,,t
younc102,SLN190008050,SLN,1,,t
cunnb103,CHN190008060,CHN,1,,t
philb101,CIN190008061,CIN,1,,t
newtd101,CIN190008062,CIN,1,,t
chesj101,PIT190008060,PIT,1,,t
powej105,SLN190008060,SLN,1,,t
grifc101,CHN190008070,CHN,1,,t
breit101,CIN190008070,CIN,1,,t
tannj101,PIT190008070,PIT,1,,t
jonec107,SLN190008070,SLN,1,,t
garvn101,CHN190008080,CHN,1,,t
phild101,PIT190008080,PIT,1,,t
calln101,CHN190008090,CHN,1,,t
scote102,CIN190008090,CIN,1,,t
leevs101,PIT190008090,PIT,1,,t
younc102,SLN190008090,SLN,1,,t
taylj101,CHN190008110,CHN,1,,t
hahnn101,CIN190008110,CIN,1,,t
chesj101,PIT190008110,PIT,1,,t
hughj102,SLN190008110,SLN,1,,t
grifc101,CHN190008120,CHN,1,,t
jonec107,SLN190008120,SLN,1,,t
calln101,CHN190008131,CHN,1,,t
garvn101,CHN190008132,CHN,1,,t
philb101,CIN190008130,CIN,1,,t
phild101,PIT190008130,PIT,1,,t
powej105,SLN190008130,SLN,1,,t
taylj101,CHN190008141,CHN,1,,t
menej101,CHN190008142,CHN,1,,t
leevs101,PIT190008141,PIT,1,,t
chesj101,PIT190008142,PIT,1,,t
younc102,SLN190008140,SLN,1,,t
scote102,CIN190008151,CIN,1,,t
newtd101,CIN190008152,CIN,1,,t
tannj101,PIT190008150,PIT,1,,t
hughj102,SLN190008150,SLN,1,,t
grifc101,CHN190008160,CHN,1,,t
breit101,CIN190008160,CIN,1,,t
phild101,PIT190008160,PIT,1,,t
jonec107,SLN190008160,SLN,1,,t
philb101,CIN190008170,CIN,1,,t
leevs101,PIT190008170,PIT,1,,t
powej105,SLN190008170,SLN,1,,t
taylj101,CHN190008180,CHN,1,,t
newtd101,CIN190008180,CIN,1,,t
chesj101,PIT190008180,PIT,1,,t
younc102,SLN190008180,SLN,1,,t
garvn101,CHN190008190,CHN,1,,t
powej105,SLN190008190,SLN,1,,t
tannj101,PIT190008200,PIT,1,,t
younc102,SLN190008200,SLN,1,,t
frasc101,PHI190008210,PHI,1,,t
jonec107,SLN190008210,SLN,1,,t
dinnb101,BSN190008220,BSN,1,,t
nichk101,BSN190008230,BSN,1,,t
leevs101,PIT190008230,PIT,1,,t
chesj101,PIT190008240,PIT,1,,t
powej105,SLN190008240,SLN,1,,t
willv101,BSN190008250,BSN,1,,t
tannj101,PIT190008250,PIT,1,,t
younc102,SLN190008250,SLN,1,,t
hahnn101,CIN190008260,CIN,1,,t
jonec107,SLN190008260,SLN,1,,t
kennb101,BRO190008270,BRO,1,,t
menej101,CHN190008270,CHN,1,,t
dinnb101,BSN190008280,BSN,1,,t
kitsf101,BRO190008280,BRO,1,,t
grifc101,CHN190008280,CHN,1,,t
cuppn101,BSN190008290,BSN,1,,t
mcgij101,BRO190008290,BRO,1,,t
garvn101,CHN190008290,CHN,1,,t
willv101,BSN190008300,BSN,1,,t
weyhg101,BRO190008300,BRO,1,,t
calln101,CHN190008300,CHN,1,,t
leevs101,PIT190008300,PIT,1,,t
nichk101,BSN190008310,BSN,1,,t
kennb101,BRO190008310,BRO,1,,t
taylj101,CHN190008310,CHN,1,,t
chesj101,PIT190008310,PIT,1,,t
dinnb101,BSN190009010,BSN,1,,t
mcgij101,BRO190009010,BRO,1,,t
garvn101,CHN190009011,CHN,1,,t
menej101,CHN190009012,CHN,1,,t
phild101,PIT190009010,PIT,1,,t
willv101,BSN190009031,BSN,1,,t
cuppn101,BSN190009032,BSN,1,,t
kennb101,BRO190009031,BRO,1,,t
kitsf101,BRO190009032,BRO,1,,t
frasc101,PHI190009031,PHI,1,,t
ortha101,PHI190009032,PHI,1,,t
nichk101,BSN190009041,BSN,1,,t
dinnb101,BSN190009042,BSN,1,,t
weyhg101,BRO190009040,BRO,1,,t
donar101,PHI190009040,PHI,1,,t
pittt101,BSN190009050,BSN,1,,t
mcgij101,BRO190009051,BRO,1,,t
howeh101,BRO190009052,BRO,1,,t
dunnj102,PHI190009050,PHI,1,,t
lewit101,BSN190009060,BSN,1,,t
kennb101,BRO190009060,BRO,1,,t
frasc101,PHI190009060,PHI,1,,t
willv101,BSN190009070,BSN,1,,t
mcgij101,BRO190009070,BRO,1,,t
ortha101,PHI190009070,PHI,1,,t
dinnb101,BSN190009080,BSN,1,,t
weyhg101,BRO190009081,BRO,1,,t
mcgij101,BRO190009082,BRO,1,,t
donar101,PHI190009080,PHI,1,,t
kitsf101,BRO190009100,BRO,1,,t
dunnj102,PHI190009101,PHI,1,,t
frasc101,PHI190009102,PHI,1,,t
lewit101,BSN190009110,BSN,1,,t
howeh101,BRO190009110,BRO,1,,t
ortha101,PHI190009110,PHI,1,,t
nichk101,BSN190009120,BSN,1,,t
mcgij101,BRO190009120,BRO,1,,t
bernb101,PHI190009120,PHI,1,,t
pittt101,BSN190009130,BSN,1,,t
weyhg101,BRO190009131,BRO,1,,t
kitsf101,BRO190009132,BRO,1,,t
frasc101,PHI190009130,PHI,1,,t
kennb101,BRO190009140,BRO,1,,t
dinnb101,BSN190009150,BSN,1,,t
kitsf101,BRO190009151,BRO,1,,t
mcgij101,BRO190009152,BRO,1,,t
donar101,PHI190009150,PHI,1,,t
nichk101,BSN190009171,BSN,1,,t
willv101,BSN190009172,BSN,1,,t
donob101,BRO190009170,BRO,1,,t
ortha101,PHI190009171,PHI,1,,t
dunnj102,PHI190009172,PHI,1,,t
pittt101,BSN190009180,BSN,1,,t
weyhg101,BRO190009180,BRO,1,,t
frasc101,PHI190009180,PHI,1,,t
bernb101,PHI190009190,PHI,1,,t
lewit101,BSN190009200,BSN,1,,t
tannj101,PIT190009200,PIT,1,,t
dinnb101,BSN190009211,BSN,1,,t
nichk101,BSN190009212,BSN,1,,t
mcgij101,BRO190009210,BRO,1,,t
hahnn101,CIN190009210,CIN,1,,t
phild101,PIT190009210,PIT,1,,t
willv101,BSN190009220,BSN,1,,t
scote102,CIN190009220,CIN,1,,t
chesj101,PIT190009220,PIT,1,,t
breit101,CIN190009231,CIN,1,,t
newtd101,CIN190009232,CIN,1,,t
powej105,SLN190009230,SLN,1,,t
lewit101,BSN190009240,BSN,1,,t
mcgij101,BRO190009240,BRO,1,,t
younc102,SLN190009240,SLN,1,,t
nichk101,BSN190009251,BSN,1,,t
lewit101,BSN190009252,BSN,1,,t
kennb101,BRO190009250,BRO,1,,t
sudhw101,SLN190009250,SLN,1,,t
dinnb101,BSN190009260,BSN,1,,t
kitsf101,BRO190009260,BRO,1,,t
tannj101,PIT190009260,PIT,1,,t
mcgij101,BRO190009270,BRO,1,,t
waddr101,PIT190009270,PIT,1,,t
kennb101,BRO190009280,BRO,1,,t
leevs101,PIT190009280,PIT,1,,t
jonec107,SLN190009280,SLN,1,,t
kitsf101,BRO190009290,BRO,1,,t
menej101,CHN190009291,CHN,1,,t
grifc101,CHN190009292,CHN,1,,t
phild101,PIT190009290,PIT,1,,t
taylj101,CHN190009301,CHN,1,,t
hught103,CHN190009302,CHN,1,,t
scote102,CIN190009300,CIN,1,,t
mcgij101,BRO190010011,BRO,1,,t
kennb101,BRO190010012,BRO,1,,t
easom101,CHN190010010,CHN,1,,t
pittt101,BSN190010020,BSN,1,,t
calln101,CHN190010020,CHN,1,,t
dunnj102,PHI190010020,PHI,1,,t
lewit101,BSN190010031,BSN,1,,t
dinnb101,BSN190010032,BSN,1,,t
newtd101,CIN190010030,CIN,1,,t
ortha101,PHI190010030,PHI,1,,t
pittt101,BSN190010040,BSN,1,,t
hahnn101,CIN190010040,CIN,1,,t
donar101,PHI190010040,PHI,1,,t
scote102,CIN190010050,CIN,1,,t
frasc101,PHI190010060,PHI,1,,t
leevs101,PIT190010060,PIT,1,,t
garvn101,CHN190010071,CHN,1,,t
hught103,CHN190010072,CHN,1,,t
younc102,SLN190010070,SLN,1,,t
menej101,CHN190010081,CHN,1,,t
taylj101,CHN190010082,CHN,1,,t
jonec107,SLN190010081,SLN,1,,t
sudhw101,SLN190010082,SLN,1,,t
powej105,SLN190010090,SLN,1,,t
ortha101,PHI190010100,PHI,1,,t
donob101,BRO190010110,BRO,1,,t
connb105,PHI190010110,PHI,1,,t
waddr101,PIT190010110,PIT,1,,t
yeagj101,BRO190010120,BRO,1,,t
dunnj102,PHI190010120,PHI,1,,t
phild101,PIT190010120,PIT,1,,t
bernb101,PHI190010130,PHI,1,,t
tannj101,PIT190010130,PIT,1,,t
jonec107,SLN190010130,SLN,1,,t
sudhw101,SLN190010140,SLN,1,,t
