id,game_id,team_id,field_pos,batt_ord,start
lynct901,PIT188904240,UMP,ump_hp,,t
lynct901,PIT188904250,UMP,ump_hp,,t
lynct901,PIT188904260,UMP,ump_hp,,t
fessw801,PHI188904290,UMP,ump_hp,,t
lynct901,PIT188904290,UMP,ump_hp,,t
fessw801,PHI188904300,UMP,ump_hp,,t
lynct901,PIT188904301,UMP,ump_hp,,t
lynct901,PIT188904302,UMP,ump_hp,,t
fessw801,PHI188905010,UMP,ump_hp,,t
lynct901,PIT188905010,UMP,ump_hp,,t
fessw801,PHI188905020,UMP,ump_hp,,t
lynct901,PIT188905020,UMP,ump_hp,,t
fessw801,PHI188905030,UMP,ump_hp,,t
currw101,PHI188905040,UMP,ump_hp,,t
fessw801,PHI188905060,UMP,ump_hp,,t
currw101,PHI188905070,UMP,ump_hp,,t
fessw801,BSN188905080,UMP,ump_hp,,t
lynct901,CHN188905080,UMP,ump_hp,,t
currw101,PHI188905080,UMP,ump_hp,,t
fessw801,BSN188905090,UMP,ump_hp,,t
lynct901,CHN188905090,UMP,ump_hp,,t
currw101,PHI188905090,UMP,ump_hp,,t
currw101,BSN188905100,UMP,ump_hp,,t
lynct901,CHN188905100,UMP,ump_hp,,t
mcquj902,PHI188905100,UMP,ump_hp,,t
currw101,BSN188905110,UMP,ump_hp,,t
lynct901,CHN188905110,UMP,ump_hp,,t
mcquj902,PHI188905110,UMP,ump_hp,,t
fessw801,BSN188905130,UMP,ump_hp,,t
mcquj902,PHI188905130,UMP,ump_hp,,t
currw101,BSN188905140,UMP,ump_hp,,t
mcquj902,PHI188905140,UMP,ump_hp,,t
fessw801,BSN188905150,UMP,ump_hp,,t
mcquj902,PHI188905150,UMP,ump_hp,,t
fessw801,BSN188905160,UMP,ump_hp,,t
mcquj902,PHI188905160,UMP,ump_hp,,t
fessw801,BSN188905170,UMP,ump_hp,,t
mcquj902,PHI188905170,UMP,ump_hp,,t
fessw801,BSN188905180,UMP,ump_hp,,t
mcquj902,PHI188905180,UMP,ump_hp,,t
lynct901,BSN188905220,UMP,ump_hp,,t
burnw801,PHI188905220,UMP,ump_hp,,t
burnw801,PHI188905230,UMP,ump_hp,,t
lynct901,BSN188905240,UMP,ump_hp,,t
burnw801,PHI188905240,UMP,ump_hp,,t
lynct901,BSN188905250,UMP,ump_hp,,t
currw101,PHI188905250,UMP,ump_hp,,t
burnw801,BSN188905280,UMP,ump_hp,,t
currw101,PHI188905280,UMP,ump_hp,,t
burnw801,BSN188905290,UMP,ump_hp,,t
currw101,PHI188905290,UMP,ump_hp,,t
burnw801,BSN188905301,UMP,ump_hp,,t
burnw801,BSN188905302,UMP,ump_hp,,t
currw101,PHI188905301,UMP,ump_hp,,t
currw101,PHI188905302,UMP,ump_hp,,t
currw101,PHI188905311,UMP,ump_hp,,t
currw101,PHI188905312,UMP,ump_hp,,t
weedu901,BSN188906010,UMP,ump_hp,,t
currw101,BSN188906030,UMP,ump_hp,,t
tenej101,CHN188906030,UMP,ump_hp,,t
fessw801,PIT188906030,UMP,ump_hp,,t
weedu901,BSN188906040,UMP,ump_hp,,t
sulld901,CHN188906040,UMP,ump_hp,,t
weedu901,BSN188906050,UMP,ump_hp,,t
sulld901,CHN188906051,UMP,ump_hp,,t
sulld901,CHN188906052,UMP,ump_hp,,t
burnw801,BSN188906060,UMP,ump_hp,,t
lynct901,CHN188906060,UMP,ump_hp,,t
andre101,PHI188906060,UMP,ump_hp,,t
weedu901,BSN188906070,UMP,ump_hp,,t
andre101,PHI188906070,UMP,ump_hp,,t
andre101,PHI188906080,UMP,ump_hp,,t
lynct901,CHN188906101,UMP,ump_hp,,t
lynct901,CHN188906102,UMP,ump_hp,,t
sulld901,CHN188906110,UMP,ump_hp,,t
lynct901,CHN188906120,UMP,ump_hp,,t
currw101,BSN188906130,UMP,ump_hp,,t
lynct901,CHN188906130,UMP,ump_hp,,t
currw101,BSN188906140,UMP,ump_hp,,t
currw101,BSN188906150,UMP,ump_hp,,t
currw101,BSN188906171,UMP,ump_hp,,t
currw101,BSN188906172,UMP,ump_hp,,t
currw101,CHN188906190,UMP,ump_hp,,t
fessw801,PIT188906190,UMP,ump_hp,,t
currw101,CHN188906200,UMP,ump_hp,,t
fessw801,PIT188906200,UMP,ump_hp,,t
currw101,CHN188906210,UMP,ump_hp,,t
currw101,CHN188906220,UMP,ump_hp,,t
fessw801,PIT188906221,UMP,ump_hp,,t
fessw801,PIT188906222,UMP,ump_hp,,t
lynct901,CHN188906240,UMP,ump_hp,,t
fessw801,PIT188906240,UMP,ump_hp,,t
lynct901,CHN188906250,UMP,ump_hp,,t
fessw801,PIT188906250,UMP,ump_hp,,t
lynct901,CHN188906260,UMP,ump_hp,,t
fessw801,PIT188906260,UMP,ump_hp,,t
lynct901,CHN188906270,UMP,ump_hp,,t
lynct901,CHN188906280,UMP,ump_hp,,t
mcquj902,PIT188906280,UMP,ump_hp,,t
lynct901,CHN188906290,UMP,ump_hp,,t
mcquj902,PIT188906291,UMP,ump_hp,,t
mcquj902,PIT188906292,UMP,ump_hp,,t
lynct901,CHN188907010,UMP,ump_hp,,t
mcquj902,PIT188907010,UMP,ump_hp,,t
lynct901,CHN188907020,UMP,ump_hp,,t
mcquj902,PIT188907020,UMP,ump_hp,,t
lynct901,CHN188907041,UMP,ump_hp,,t
lynct901,CHN188907042,UMP,ump_hp,,t
mcquj902,PIT188907041,UMP,ump_hp,,t
mcquj902,PIT188907042,UMP,ump_hp,,t
lynct901,CHN188907050,UMP,ump_hp,,t
mcquj902,PIT188907050,UMP,ump_hp,,t
lynct901,CHN188907060,UMP,ump_hp,,t
mcquj902,PIT188907060,UMP,ump_hp,,t
currw101,BSN188907080,UMP,ump_hp,,t
mcquj902,PHI188907080,UMP,ump_hp,,t
currw101,BSN188907090,UMP,ump_hp,,t
mcquj902,PHI188907090,UMP,ump_hp,,t
currw101,BSN188907100,UMP,ump_hp,,t
mcquj902,PHI188907100,UMP,ump_hp,,t
mcquj902,PHI188907110,UMP,ump_hp,,t
weedu901,BSN188907120,UMP,ump_hp,,t
mcquj902,PHI188907120,UMP,ump_hp,,t
powep101,BSN188907130,UMP,ump_hp,,t
lynct901,PHI188907150,UMP,ump_hp,,t
currw101,BSN188907160,UMP,ump_hp,,t
lynct901,PHI188907160,UMP,ump_hp,,t
lynct901,PHI188907170,UMP,ump_hp,,t
powep101,BSN188907171,UMP,ump_hp,,t
powep101,BSN188907172,UMP,ump_hp,,t
powep101,BSN188907180,UMP,ump_hp,,t
lynct901,PHI188907180,UMP,ump_hp,,t
powep101,BSN188907190,UMP,ump_hp,,t
powep101,BSN188907200,UMP,ump_hp,,t
lynct901,PHI188907201,UMP,ump_hp,,t
lynct901,PHI188907202,UMP,ump_hp,,t
powep101,BSN188907220,UMP,ump_hp,,t
mcquj902,CHN188907220,UMP,ump_hp,,t
lynct901,PHI188907220,UMP,ump_hp,,t
powep101,BSN188907230,UMP,ump_hp,,t
mcquj902,CHN188907230,UMP,ump_hp,,t
lynct901,PHI188907230,UMP,ump_hp,,t
powep101,BSN188907240,UMP,ump_hp,,t
lynct901,PHI188907240,UMP,ump_hp,,t
mcquj902,CHN188907241,UMP,ump_hp,,t
mcquj902,CHN188907242,UMP,ump_hp,,t
powep101,PHI188907250,UMP,ump_hp,,t
galvj103,PIT188907250,UMP,ump_hp,,t
powep101,PHI188907260,UMP,ump_hp,,t
mcquj902,PIT188907260,UMP,ump_hp,,t
powep101,PHI188907270,UMP,ump_hp,,t
mcquj902,PIT188907270,UMP,ump_hp,,t
powep101,BSN188907290,UMP,ump_hp,,t
mcquj902,PIT188907290,UMP,ump_hp,,t
quinb901,BSN188907300,UMP,ump_hp,,t
mcquj902,PIT188907300,UMP,ump_hp,,t
currw101,CHN188908010,UMP,ump_hp,,t
mcquj902,PIT188908011,UMP,ump_hp,,t
mcquj902,PIT188908012,UMP,ump_hp,,t
currw101,CHN188908020,UMP,ump_hp,,t
mcquj902,PIT188908021,UMP,ump_hp,,t
mcquj902,PIT188908022,UMP,ump_hp,,t
currw101,CHN188908030,UMP,ump_hp,,t
mcquj902,PIT188908030,UMP,ump_hp,,t
powep101,CHN188908050,UMP,ump_hp,,t
galvj103,PIT188908050,UMP,ump_hp,,t
powep101,CHN188908060,UMP,ump_hp,,t
mcquj902,PIT188908060,UMP,ump_hp,,t
powep101,CHN188908070,UMP,ump_hp,,t
currw101,PIT188908080,UMP,ump_hp,,t
powep101,CHN188908090,UMP,ump_hp,,t
currw101,PIT188908090,UMP,ump_hp,,t
powep101,CHN188908100,UMP,ump_hp,,t
currw101,PIT188908101,UMP,ump_hp,,t
currw101,PIT188908102,UMP,ump_hp,,t
lynct901,CHN188908120,UMP,ump_hp,,t
currw101,PIT188908120,UMP,ump_hp,,t
lynct901,CHN188908130,UMP,ump_hp,,t
currw101,PIT188908130,UMP,ump_hp,,t
lynct901,CHN188908140,UMP,ump_hp,,t
currw101,PIT188908140,UMP,ump_hp,,t
mcquj902,CHN188908150,UMP,ump_hp,,t
powep101,PIT188908150,UMP,ump_hp,,t
mcquj902,CHN188908160,UMP,ump_hp,,t
currw101,PIT188908160,UMP,ump_hp,,t
mcquj902,CHN188908170,UMP,ump_hp,,t
powep101,PIT188908170,UMP,ump_hp,,t
mcquj902,BSN188908190,UMP,ump_hp,,t
currw101,PHI188908190,UMP,ump_hp,,t
mcquj902,BSN188908200,UMP,ump_hp,,t
currw101,PHI188908200,UMP,ump_hp,,t
mcquj902,BSN188908210,UMP,ump_hp,,t
currw101,PHI188908210,UMP,ump_hp,,t
knigl101,BSN188908220,UMP,ump_hp,,t
lynct901,CHN188908220,UMP,ump_hp,,t
knigl101,BSN188908230,UMP,ump_hp,,t
lynct901,CHN188908230,UMP,ump_hp,,t
knigl101,BSN188908240,UMP,ump_hp,,t
lynct901,CHN188908240,UMP,ump_hp,,t
currw101,PHI188908260,UMP,ump_hp,,t
lynct901,PIT188908260,UMP,ump_hp,,t
currw101,PHI188908270,UMP,ump_hp,,t
lynct901,PIT188908271,UMP,ump_hp,,t
lynct901,PIT188908272,UMP,ump_hp,,t
currw101,PHI188908280,UMP,ump_hp,,t
lynct901,PIT188908280,UMP,ump_hp,,t
lynct901,PIT188908290,UMP,ump_hp,,t
lynct901,PIT188908301,UMP,ump_hp,,t
lynct901,PIT188908302,UMP,ump_hp,,t
lynct901,PIT188908311,UMP,ump_hp,,t
lynct901,PIT188908312,UMP,ump_hp,,t
mcquj902,BSN188909021,UMP,ump_hp,,t
mcquj902,BSN188909022,UMP,ump_hp,,t
lynct901,PHI188909021,UMP,ump_hp,,t
dwyef101,PHI188909022,UMP,ump_hp,,t
mcquj902,BSN188909030,UMP,ump_hp,,t
lynct901,PHI188909030,UMP,ump_hp,,t
currw101,BSN188909040,UMP,ump_hp,,t
lynct901,PHI188909040,UMP,ump_hp,,t
mcquj902,BSN188909050,UMP,ump_hp,,t
lynct901,PHI188909050,UMP,ump_hp,,t
mcquj902,BSN188909060,UMP,ump_hp,,t
lynct901,PHI188909060,UMP,ump_hp,,t
mcquj902,BSN188909070,UMP,ump_hp,,t
lynct901,PHI188909070,UMP,ump_hp,,t
powep101,BSN188909090,UMP,ump_hp,,t
knigl101,PHI188909090,UMP,ump_hp,,t
powep101,BSN188909100,UMP,ump_hp,,t
currw101,BSN188909121,UMP,ump_hp,,t
currw101,BSN188909122,UMP,ump_hp,,t
currw101,BSN188909131,UMP,ump_hp,,t
currw101,BSN188909132,UMP,ump_hp,,t
currw101,BSN188909141,UMP,ump_hp,,t
currw101,BSN188909142,UMP,ump_hp,,t
knigl101,PHI188909141,UMP,ump_hp,,t
knigl101,PHI188909142,UMP,ump_hp,,t
currw101,BSN188909160,UMP,ump_hp,,t
lynct901,CHN188909160,UMP,ump_hp,,t
currw101,BSN188909170,UMP,ump_hp,,t
lynct901,CHN188909170,UMP,ump_hp,,t
currw101,BSN188909180,UMP,ump_hp,,t
lynct901,CHN188909180,UMP,ump_hp,,t
mcquj902,PIT188909181,UMP,ump_hp,,t
mcquj902,PIT188909182,UMP,ump_hp,,t
lynct901,CHN188909190,UMP,ump_hp,,t
knigl101,PHI188909190,UMP,ump_hp,,t
lynct901,CHN188909200,UMP,ump_hp,,t
knigl101,PHI188909201,UMP,ump_hp,,t
knigl101,PHI188909202,UMP,ump_hp,,t
lynct901,CHN188909210,UMP,ump_hp,,t
knigl101,PHI188909210,UMP,ump_hp,,t
powep101,CHN188909230,UMP,ump_hp,,t
knigl101,PIT188909230,UMP,ump_hp,,t
powep101,CHN188909240,UMP,ump_hp,,t
knigl101,PIT188909240,UMP,ump_hp,,t
powep101,CHN188909250,UMP,ump_hp,,t
knigl101,PIT188909250,UMP,ump_hp,,t
powep101,CHN188909260,UMP,ump_hp,,t
knigl101,PIT188909260,UMP,ump_hp,,t
powep101,CHN188909270,UMP,ump_hp,,t
knigl101,PIT188909270,UMP,ump_hp,,t
powep101,CHN188909280,UMP,ump_hp,,t
knigl101,PIT188909280,UMP,ump_hp,,t
powep101,CHN188909300,UMP,ump_hp,,t
lynct901,PIT188909300,UMP,ump_hp,,t
powep101,CHN188910010,UMP,ump_hp,,t
lynct901,PIT188910010,UMP,ump_hp,,t
sullm101,CHN188910020,UMP,ump_hp,,t
lynct901,PIT188910020,UMP,ump_hp,,t
buffc101,CHN188910030,UMP,ump_hp,,t
lynct901,PIT188910030,UMP,ump_hp,,t
mcquj902,CHN188910040,UMP,ump_hp,,t
powep101,PIT188910040,UMP,ump_hp,,t
mcquj902,CHN188910050,UMP,ump_hp,,t
powep101,PIT188910050,UMP,ump_hp,,t
currw101,PHI188905030,UMP,ump_1b,,t
fessw801,PHI188905040,UMP,ump_1b,,t
currw101,PHI188905060,UMP,ump_1b,,t
fessw801,PHI188905070,UMP,ump_1b,,t
mcquj902,PHI188905080,UMP,ump_1b,,t
mcquj902,PHI188905090,UMP,ump_1b,,t
fessw801,BSN188905100,UMP,ump_1b,,t
fessw801,BSN188905110,UMP,ump_1b,,t
currw101,BSN188905130,UMP,ump_1b,,t
fessw801,BSN188905140,UMP,ump_1b,,t
currw101,BSN188905150,UMP,ump_1b,,t
currw101,BSN188905160,UMP,ump_1b,,t
currw101,BSN188905170,UMP,ump_1b,,t
currw101,BSN188905180,UMP,ump_1b,,t
beate101,CHN188906030,UMP,ump_1b,,t
odayh101,PHI188906060,UMP,ump_1b,,t
odayh101,PHI188906070,UMP,ump_1b,,t
haddg101,PHI188906080,UMP,ump_1b,,t
sutcs101,PIT188907250,UMP,ump_1b,,t
woodg104,BSN188907300,UMP,ump_1b,,t
sandb101,PIT188908050,UMP,ump_1b,,t
knigl101,BSN188908200,UMP,ump_1b,,t
knigl101,BSN188908210,UMP,ump_1b,,t
mcquj902,PHI188908260,UMP,ump_1b,,t
mcquj902,PHI188908270,UMP,ump_1b,,t
mcquj902,PHI188908280,UMP,ump_1b,,t
currw101,BSN188909021,UMP,ump_1b,,t
currw101,BSN188909022,UMP,ump_1b,,t
currw101,BSN188909030,UMP,ump_1b,,t
mcquj902,BSN188909040,UMP,ump_1b,,t
powep101,BSN188909160,UMP,ump_1b,,t
powep101,BSN188909170,UMP,ump_1b,,t
powep101,BSN188909180,UMP,ump_1b,,t
ansoc101,PIT188904240,CHN,manager,,t
ansoc101,PIT188904250,CHN,manager,,t
ansoc101,PIT188904260,CHN,manager,,t
hartj802,PHI188904290,BSN,manager,,t
loftt101,PIT188904290,CL4,manager,,t
hartj802,PHI188904300,BSN,manager,,t
loftt101,PIT188904301,CL4,manager,,t
loftt101,PIT188904302,CL4,manager,,t
hartj802,PHI188905010,BSN,manager,,t
loftt101,PIT188905010,CL4,manager,,t
hartj802,PHI188905020,BSN,manager,,t
loftt101,PIT188905020,CL4,manager,,t
mutrj801,PHI188905030,NY1,manager,,t
mutrj801,PHI188905040,NY1,manager,,t
mutrj801,PHI188905060,NY1,manager,,t
mutrj801,PHI188905070,NY1,manager,,t
mutrj801,BSN188905080,NY1,manager,,t
philh801,CHN188905080,PIT,manager,,t
morrj107,PHI188905080,WS8,manager,,t
mutrj801,BSN188905090,NY1,manager,,t
philh801,CHN188905090,PIT,manager,,t
morrj107,PHI188905090,WS8,manager,,t
mutrj801,BSN188905100,NY1,manager,,t
philh801,CHN188905100,PIT,manager,,t
morrj107,PHI188905100,WS8,manager,,t
mutrj801,BSN188905110,NY1,manager,,t
philh801,CHN188905110,PIT,manager,,t
morrj107,PHI188905110,WS8,manager,,t
philh801,BSN188905130,PIT,manager,,t
ansoc101,PHI188905130,CHN,manager,,t
philh801,BSN188905140,PIT,manager,,t
ansoc101,PHI188905140,CHN,manager,,t
philh801,BSN188905150,PIT,manager,,t
ansoc101,PHI188905150,CHN,manager,,t
philh801,BSN188905160,PIT,manager,,t
ansoc101,PHI188905160,CHN,manager,,t
loftt101,BSN188905170,CL4,manager,,t
bancf801,PHI188905170,IN3,manager,,t
loftt101,BSN188905180,CL4,manager,,t
bancf801,PHI188905180,IN3,manager,,t
bancf801,BSN188905220,IN3,manager,,t
loftt101,PHI188905220,CL4,manager,,t
loftt101,PHI188905230,CL4,manager,,t
bancf801,BSN188905240,IN3,manager,,t
loftt101,PHI188905240,CL4,manager,,t
bancf801,BSN188905250,IN3,manager,,t
loftt101,PHI188905250,CL4,manager,,t
ansoc101,BSN188905280,CHN,manager,,t
philh801,PHI188905280,PIT,manager,,t
ansoc101,BSN188905290,CHN,manager,,t
philh801,PHI188905290,PIT,manager,,t
ansoc101,BSN188905301,CHN,manager,,t
ansoc101,BSN188905302,CHN,manager,,t
philh801,PHI188905301,PIT,manager,,t
philh801,PHI188905302,PIT,manager,,t
bancf801,PHI188905311,IN3,manager,,t
bancf801,PHI188905312,IN3,manager,,t
wrigh101,BSN188906010,PHI,manager,,t
wrigh101,BSN188906030,PHI,manager,,t
loftt101,CHN188906030,CL4,manager,,t
bancf801,PIT188906030,IN3,manager,,t
wrigh101,BSN188906040,PHI,manager,,t
loftt101,CHN188906040,CL4,manager,,t
wrigh101,BSN188906050,PHI,manager,,t
loftt101,CHN188906051,CL4,manager,,t
loftt101,CHN188906052,CL4,manager,,t
mutrj801,BSN188906060,NY1,manager,,t
bancf801,CHN188906060,IN3,manager,,t
morrj107,PHI188906060,WS8,manager,,t
mutrj801,BSN188906070,NY1,manager,,t
morrj107,PHI188906070,WS8,manager,,t
morrj107,PHI188906080,WS8,manager,,t
bancf801,CHN188906101,IN3,manager,,t
bancf801,CHN188906102,IN3,manager,,t
philh801,CHN188906110,PIT,manager,,t
philh801,CHN188906120,PIT,manager,,t
morrj107,BSN188906130,WS8,manager,,t
philh801,CHN188906130,PIT,manager,,t
morrj107,BSN188906140,WS8,manager,,t
morrj107,BSN188906150,WS8,manager,,t
morrj107,BSN188906171,WS8,manager,,t
morrj107,BSN188906172,WS8,manager,,t
wrigh101,CHN188906190,PHI,manager,,t
hartj802,PIT188906190,BSN,manager,,t
wrigh101,CHN188906200,PHI,manager,,t
hartj802,PIT188906200,BSN,manager,,t
wrigh101,CHN188906210,PHI,manager,,t
wrigh101,CHN188906220,PHI,manager,,t
hartj802,PIT188906221,BSN,manager,,t
hartj802,PIT188906222,BSN,manager,,t
mutrj801,CHN188906240,NY1,manager,,t
morrj107,PIT188906240,WS8,manager,,t
mutrj801,CHN188906250,NY1,manager,,t
morrj107,PIT188906250,WS8,manager,,t
mutrj801,CHN188906260,NY1,manager,,t
morrj107,PIT188906260,WS8,manager,,t
mutrj801,CHN188906270,NY1,manager,,t
hartj802,CHN188906280,BSN,manager,,t
wrigh101,PIT188906280,PHI,manager,,t
hartj802,CHN188906290,BSN,manager,,t
wrigh101,PIT188906291,PHI,manager,,t
wrigh101,PIT188906292,PHI,manager,,t
hartj802,CHN188907010,BSN,manager,,t
wrigh101,PIT188907010,PHI,manager,,t
hartj802,CHN188907020,BSN,manager,,t
wrigh101,PIT188907020,PHI,manager,,t
morrj107,CHN188907041,WS8,manager,,t
morrj107,CHN188907042,WS8,manager,,t
mutrj801,PIT188907041,NY1,manager,,t
mutrj801,PIT188907042,NY1,manager,,t
irwia101,CHN188907050,WS8,manager,,t
mutrj801,PIT188907050,NY1,manager,,t
irwia101,CHN188907060,WS8,manager,,t
mutrj801,PIT188907060,NY1,manager,,t
loftt101,BSN188907080,CL4,manager,,t
bancf801,PHI188907080,IN3,manager,,t
loftt101,BSN188907090,CL4,manager,,t
bancf801,PHI188907090,IN3,manager,,t
loftt101,BSN188907100,CL4,manager,,t
bancf801,PHI188907100,IN3,manager,,t
ansoc101,PHI188907110,CHN,manager,,t
philh801,BSN188907120,PIT,manager,,t
ansoc101,PHI188907120,CHN,manager,,t
philh801,BSN188907130,PIT,manager,,t
loftt101,PHI188907150,CL4,manager,,t
bancf801,BSN188907160,IN3,manager,,t
loftt101,PHI188907160,CL4,manager,,t
loftt101,PHI188907170,CL4,manager,,t
bancf801,BSN188907171,IN3,manager,,t
bancf801,BSN188907172,IN3,manager,,t
ansoc101,BSN188907180,CHN,manager,,t
philh801,PHI188907180,PIT,manager,,t
ansoc101,BSN188907190,CHN,manager,,t
ansoc101,BSN188907200,CHN,manager,,t
philh801,PHI188907201,PIT,manager,,t
philh801,PHI188907202,PIT,manager,,t
irwia101,BSN188907220,WS8,manager,,t
glasj101,CHN188907220,IN3,manager,,t
mutrj801,PHI188907220,NY1,manager,,t
irwia101,BSN188907230,WS8,manager,,t
glasj101,CHN188907230,IN3,manager,,t
mutrj801,PHI188907230,NY1,manager,,t
irwia101,BSN188907240,WS8,manager,,t
mutrj801,PHI188907240,NY1,manager,,t
glasj101,CHN188907241,IN3,manager,,t
glasj101,CHN188907242,IN3,manager,,t
hartj802,PHI188907250,BSN,manager,,t
loftt101,PIT188907250,CL4,manager,,t
hartj802,PHI188907260,BSN,manager,,t
loftt101,PIT188907260,CL4,manager,,t
hartj802,PHI188907270,BSN,manager,,t
loftt101,PIT188907270,CL4,manager,,t
wrigh101,BSN188907290,PHI,manager,,t
ansoc101,PIT188907290,CHN,manager,,t
wrigh101,BSN188907300,PHI,manager,,t
ansoc101,PIT188907300,CHN,manager,,t
loftt101,CHN188908010,CL4,manager,,t
glasj101,PIT188908011,IN3,manager,,t
glasj101,PIT188908012,IN3,manager,,t
loftt101,CHN188908020,CL4,manager,,t
glasj101,PIT188908021,IN3,manager,,t
glasj101,PIT188908022,IN3,manager,,t
loftt101,CHN188908030,CL4,manager,,t
glasj101,PIT188908030,IN3,manager,,t
mutrj801,CHN188908050,NY1,manager,,t
wrigh101,PIT188908050,PHI,manager,,t
mutrj801,CHN188908060,NY1,manager,,t
wrigh101,PIT188908060,PHI,manager,,t
mutrj801,CHN188908070,NY1,manager,,t
irwia101,PIT188908080,WS8,manager,,t
hartj802,CHN188908090,BSN,manager,,t
irwia101,PIT188908090,WS8,manager,,t
hartj802,CHN188908100,BSN,manager,,t
irwia101,PIT188908101,WS8,manager,,t
irwia101,PIT188908102,WS8,manager,,t
wrigh101,CHN188908120,PHI,manager,,t
hartj802,PIT188908120,BSN,manager,,t
wrigh101,CHN188908130,PHI,manager,,t
hartj802,PIT188908130,BSN,manager,,t
wrigh101,CHN188908140,PHI,manager,,t
hartj802,PIT188908140,BSN,manager,,t
irwia101,CHN188908150,WS8,manager,,t
mutrj801,PIT188908150,NY1,manager,,t
irwia101,CHN188908160,WS8,manager,,t
mutrj801,PIT188908160,NY1,manager,,t
irwia101,CHN188908170,WS8,manager,,t
mutrj801,PIT188908170,NY1,manager,,t
mutrj801,BSN188908190,NY1,manager,,t
irwia101,PHI188908190,WS8,manager,,t
mutrj801,BSN188908200,NY1,manager,,t
irwia101,PHI188908200,WS8,manager,,t
mutrj801,BSN188908210,NY1,manager,,t
irwia101,PHI188908210,WS8,manager,,t
irwia101,BSN188908220,WS8,manager,,t
hanln101,CHN188908220,PIT,manager,,t
irwia101,BSN188908230,WS8,manager,,t
hanln101,CHN188908230,PIT,manager,,t
irwia101,BSN188908240,WS8,manager,,t
hanln101,CHN188908240,PIT,manager,,t
hartj802,PHI188908260,BSN,manager,,t
glasj101,PIT188908260,IN3,manager,,t
hartj802,PHI188908270,BSN,manager,,t
glasj101,PIT188908271,IN3,manager,,t
glasj101,PIT188908272,IN3,manager,,t
hartj802,PHI188908280,BSN,manager,,t
glasj101,PIT188908280,IN3,manager,,t
ansoc101,PIT188908290,CHN,manager,,t
ansoc101,PIT188908301,CHN,manager,,t
ansoc101,PIT188908302,CHN,manager,,t
ansoc101,PIT188908311,CHN,manager,,t
ansoc101,PIT188908312,CHN,manager,,t
glasj101,BSN188909021,IN3,manager,,t
glasj101,BSN188909022,IN3,manager,,t
ansoc101,PHI188909021,CHN,manager,,t
ansoc101,PHI188909022,CHN,manager,,t
glasj101,BSN188909030,IN3,manager,,t
ansoc101,PHI188909030,CHN,manager,,t
glasj101,BSN188909040,IN3,manager,,t
ansoc101,PHI188909040,CHN,manager,,t
hanln101,BSN188909050,PIT,manager,,t
loftt101,PHI188909050,CL4,manager,,t
hanln101,BSN188909060,PIT,manager,,t
loftt101,PHI188909060,CL4,manager,,t
hanln101,BSN188909070,PIT,manager,,t
loftt101,PHI188909070,CL4,manager,,t
ansoc101,BSN188909090,CHN,manager,,t
hanln101,PHI188909090,PIT,manager,,t
ansoc101,BSN188909100,CHN,manager,,t
loftt101,BSN188909121,CL4,manager,,t
loftt101,BSN188909122,CL4,manager,,t
loftt101,BSN188909131,CL4,manager,,t
loftt101,BSN188909132,CL4,manager,,t
loftt101,BSN188909141,CL4,manager,,t
loftt101,BSN188909142,CL4,manager,,t
glasj101,PHI188909141,IN3,manager,,t
glasj101,PHI188909142,IN3,manager,,t
wrigh101,BSN188909160,PHI,manager,,t
glasj101,CHN188909160,IN3,manager,,t
wrigh101,BSN188909170,PHI,manager,,t
glasj101,CHN188909170,IN3,manager,,t
wrigh101,BSN188909180,PHI,manager,,t
glasj101,CHN188909180,IN3,manager,,t
loftt101,PIT188909181,CL4,manager,,t
loftt101,PIT188909182,CL4,manager,,t
loftt101,CHN188909190,CL4,manager,,t
mutrj801,PHI188909190,NY1,manager,,t
loftt101,CHN188909200,CL4,manager,,t
mutrj801,PHI188909201,NY1,manager,,t
mutrj801,PHI188909202,NY1,manager,,t
loftt101,CHN188909210,CL4,manager,,t
mutrj801,PHI188909210,NY1,manager,,t
hartj802,CHN188909230,BSN,manager,,t
irwia101,PIT188909230,WS8,manager,,t
hartj802,CHN188909240,BSN,manager,,t
irwia101,PIT188909240,WS8,manager,,t
hartj802,CHN188909250,BSN,manager,,t
irwia101,PIT188909250,WS8,manager,,t
mutrj801,CHN188909260,NY1,manager,,t
wrigh101,PIT188909260,PHI,manager,,t
mutrj801,CHN188909270,NY1,manager,,t
wrigh101,PIT188909270,PHI,manager,,t
mutrj801,CHN188909280,NY1,manager,,t
wrigh101,PIT188909280,PHI,manager,,t
irwia101,CHN188909300,WS8,manager,,t
mutrj801,PIT188909300,NY1,manager,,t
irwia101,CHN188910010,WS8,manager,,t
mutrj801,PIT188910010,NY1,manager,,t
irwia101,CHN188910020,WS8,manager,,t
mutrj801,PIT188910020,NY1,manager,,t
wrigh101,CHN188910030,PHI,manager,,t
hartj802,PIT188910030,BSN,manager,,t
wrigh101,CHN188910040,PHI,manager,,t
hartj802,PIT188910040,BSN,manager,,t
wrigh101,CHN188910050,PHI,manager,,t
hartj802,PIT188910050,BSN,manager,,t
philh801,PIT188904240,PIT,manager,,t
philh801,PIT188904250,PIT,manager,,t
philh801,PIT188904260,PIT,manager,,t
wrigh101,PHI188904290,PHI,manager,,t
philh801,PIT188904290,PIT,manager,,t
wrigh101,PHI188904300,PHI,manager,,t
philh801,PIT188904301,PIT,manager,,t
philh801,PIT188904302,PIT,manager,,t
wrigh101,PHI188905010,PHI,manager,,t
philh801,PIT188905010,PIT,manager,,t
wrigh101,PHI188905020,PHI,manager,,t
philh801,PIT188905020,PIT,manager,,t
wrigh101,PHI188905030,PHI,manager,,t
wrigh101,PHI188905040,PHI,manager,,t
wrigh101,PHI188905060,PHI,manager,,t
wrigh101,PHI188905070,PHI,manager,,t
hartj802,BSN188905080,BSN,manager,,t
ansoc101,CHN188905080,CHN,manager,,t
wrigh101,PHI188905080,PHI,manager,,t
hartj802,BSN188905090,BSN,manager,,t
ansoc101,CHN188905090,CHN,manager,,t
wrigh101,PHI188905090,PHI,manager,,t
hartj802,BSN188905100,BSN,manager,,t
ansoc101,CHN188905100,CHN,manager,,t
wrigh101,PHI188905100,PHI,manager,,t
hartj802,BSN188905110,BSN,manager,,t
ansoc101,CHN188905110,CHN,manager,,t
wrigh101,PHI188905110,PHI,manager,,t
hartj802,BSN188905130,BSN,manager,,t
wrigh101,PHI188905130,PHI,manager,,t
hartj802,BSN188905140,BSN,manager,,t
wrigh101,PHI188905140,PHI,manager,,t
hartj802,BSN188905150,BSN,manager,,t
wrigh101,PHI188905150,PHI,manager,,t
hartj802,BSN188905160,BSN,manager,,t
wrigh101,PHI188905160,PHI,manager,,t
hartj802,BSN188905170,BSN,manager,,t
wrigh101,PHI188905170,PHI,manager,,t
hartj802,BSN188905180,BSN,manager,,t
wrigh101,PHI188905180,PHI,manager,,t
hartj802,BSN188905220,BSN,manager,,t
wrigh101,PHI188905220,PHI,manager,,t
wrigh101,PHI188905230,PHI,manager,,t
hartj802,BSN188905240,BSN,manager,,t
wrigh101,PHI188905240,PHI,manager,,t
hartj802,BSN188905250,BSN,manager,,t
wrigh101,PHI188905250,PHI,manager,,t
hartj802,BSN188905280,BSN,manager,,t
wrigh101,PHI188905280,PHI,manager,,t
hartj802,BSN188905290,BSN,manager,,t
wrigh101,PHI188905290,PHI,manager,,t
hartj802,BSN188905301,BSN,manager,,t
hartj802,BSN188905302,BSN,manager,,t
wrigh101,PHI188905301,PHI,manager,,t
wrigh101,PHI188905302,PHI,manager,,t
wrigh101,PHI188905311,PHI,manager,,t
wrigh101,PHI188905312,PHI,manager,,t
hartj802,BSN188906010,BSN,manager,,t
hartj802,BSN188906030,BSN,manager,,t
ansoc101,CHN188906030,CHN,manager,,t
philh801,PIT188906030,PIT,manager,,t
hartj802,BSN188906040,BSN,manager,,t
ansoc101,CHN188906040,CHN,manager,,t
hartj802,BSN188906050,BSN,manager,,t
ansoc101,CHN188906051,CHN,manager,,t
ansoc101,CHN188906052,CHN,manager,,t
hartj802,BSN188906060,BSN,manager,,t
ansoc101,CHN188906060,CHN,manager,,t
wrigh101,PHI188906060,PHI,manager,,t
hartj802,BSN188906070,BSN,manager,,t
wrigh101,PHI188906070,PHI,manager,,t
wrigh101,PHI188906080,PHI,manager,,t
ansoc101,CHN188906101,CHN,manager,,t
ansoc101,CHN188906102,CHN,manager,,t
ansoc101,CHN188906110,CHN,manager,,t
ansoc101,CHN188906120,CHN,manager,,t
hartj802,BSN188906130,BSN,manager,,t
ansoc101,CHN188906130,CHN,manager,,t
hartj802,BSN188906140,BSN,manager,,t
hartj802,BSN188906150,BSN,manager,,t
hartj802,BSN188906171,BSN,manager,,t
hartj802,BSN188906172,BSN,manager,,t
ansoc101,CHN188906190,CHN,manager,,t
philh801,PIT188906190,PIT,manager,,t
ansoc101,CHN188906200,CHN,manager,,t
philh801,PIT188906200,PIT,manager,,t
ansoc101,CHN188906210,CHN,manager,,t
ansoc101,CHN188906220,CHN,manager,,t
philh801,PIT188906221,PIT,manager,,t
philh801,PIT188906222,PIT,manager,,t
ansoc101,CHN188906240,CHN,manager,,t
philh801,PIT188906240,PIT,manager,,t
ansoc101,CHN188906250,CHN,manager,,t
philh801,PIT188906250,PIT,manager,,t
ansoc101,CHN188906260,CHN,manager,,t
philh801,PIT188906260,PIT,manager,,t
ansoc101,CHN188906270,CHN,manager,,t
ansoc101,CHN188906280,CHN,manager,,t
philh801,PIT188906280,PIT,manager,,t
ansoc101,CHN188906290,CHN,manager,,t
philh801,PIT188906291,PIT,manager,,t
philh801,PIT188906292,PIT,manager,,t
ansoc101,CHN188907010,CHN,manager,,t
philh801,PIT188907010,PIT,manager,,t
ansoc101,CHN188907020,CHN,manager,,t
philh801,PIT188907020,PIT,manager,,t
ansoc101,CHN188907041,CHN,manager,,t
ansoc101,CHN188907042,CHN,manager,,t
philh801,PIT188907041,PIT,manager,,t
philh801,PIT188907042,PIT,manager,,t
ansoc101,CHN188907050,CHN,manager,,t
philh801,PIT188907050,PIT,manager,,t
ansoc101,CHN188907060,CHN,manager,,t
philh801,PIT188907060,PIT,manager,,t
hartj802,BSN188907080,BSN,manager,,t
wrigh101,PHI188907080,PHI,manager,,t
hartj802,BSN188907090,BSN,manager,,t
wrigh101,PHI188907090,PHI,manager,,t
hartj802,BSN188907100,BSN,manager,,t
wrigh101,PHI188907100,PHI,manager,,t
wrigh101,PHI188907110,PHI,manager,,t
hartj802,BSN188907120,BSN,manager,,t
wrigh101,PHI188907120,PHI,manager,,t
hartj802,BSN188907130,BSN,manager,,t
wrigh101,PHI188907150,PHI,manager,,t
hartj802,BSN188907160,BSN,manager,,t
wrigh101,PHI188907160,PHI,manager,,t
wrigh101,PHI188907170,PHI,manager,,t
hartj802,BSN188907171,BSN,manager,,t
hartj802,BSN188907172,BSN,manager,,t
hartj802,BSN188907180,BSN,manager,,t
wrigh101,PHI188907180,PHI,manager,,t
hartj802,BSN188907190,BSN,manager,,t
hartj802,BSN188907200,BSN,manager,,t
wrigh101,PHI188907201,PHI,manager,,t
wrigh101,PHI188907202,PHI,manager,,t
hartj802,BSN188907220,BSN,manager,,t
ansoc101,CHN188907220,CHN,manager,,t
wrigh101,PHI188907220,PHI,manager,,t
hartj802,BSN188907230,BSN,manager,,t
ansoc101,CHN188907230,CHN,manager,,t
wrigh101,PHI188907230,PHI,manager,,t
hartj802,BSN188907240,BSN,manager,,t
wrigh101,PHI188907240,PHI,manager,,t
ansoc101,CHN188907241,CHN,manager,,t
ansoc101,CHN188907242,CHN,manager,,t
wrigh101,PHI188907250,PHI,manager,,t
dunlf101,PIT188907250,PIT,manager,,t
wrigh101,PHI188907260,PHI,manager,,t
dunlf101,PIT188907260,PIT,manager,,t
wrigh101,PHI188907270,PHI,manager,,t
dunlf101,PIT188907270,PIT,manager,,t
hartj802,BSN188907290,BSN,manager,,t
dunlf101,PIT188907290,PIT,manager,,t
hartj802,BSN188907300,BSN,manager,,t
dunlf101,PIT188907300,PIT,manager,,t
ansoc101,CHN188908010,CHN,manager,,t
dunlf101,PIT188908011,PIT,manager,,t
dunlf101,PIT188908012,PIT,manager,,t
ansoc101,CHN188908020,CHN,manager,,t
dunlf101,PIT188908021,PIT,manager,,t
dunlf101,PIT188908022,PIT,manager,,t
ansoc101,CHN188908030,CHN,manager,,t
dunlf101,PIT188908030,PIT,manager,,t
ansoc101,CHN188908050,CHN,manager,,t
dunlf101,PIT188908050,PIT,manager,,t
ansoc101,CHN188908060,CHN,manager,,t
dunlf101,PIT188908060,PIT,manager,,t
ansoc101,CHN188908070,CHN,manager,,t
dunlf101,PIT188908080,PIT,manager,,t
ansoc101,CHN188908090,CHN,manager,,t
dunlf101,PIT188908090,PIT,manager,,t
ansoc101,CHN188908100,CHN,manager,,t
dunlf101,PIT188908101,PIT,manager,,t
dunlf101,PIT188908102,PIT,manager,,t
ansoc101,CHN188908120,CHN,manager,,t
dunlf101,PIT188908120,PIT,manager,,t
ansoc101,CHN188908130,CHN,manager,,t
hanln101,PIT188908130,PIT,manager,,t
ansoc101,CHN188908140,CHN,manager,,t
hanln101,PIT188908140,PIT,manager,,t
ansoc101,CHN188908150,CHN,manager,,t
hanln101,PIT188908150,PIT,manager,,t
ansoc101,CHN188908160,CHN,manager,,t
hanln101,PIT188908160,PIT,manager,,t
ansoc101,CHN188908170,CHN,manager,,t
hanln101,PIT188908170,PIT,manager,,t
hartj802,BSN188908190,BSN,manager,,t
wrigh101,PHI188908190,PHI,manager,,t
hartj802,BSN188908200,BSN,manager,,t
wrigh101,PHI188908200,PHI,manager,,t
hartj802,BSN188908210,BSN,manager,,t
wrigh101,PHI188908210,PHI,manager,,t
hartj802,BSN188908220,BSN,manager,,t
ansoc101,CHN188908220,CHN,manager,,t
hartj802,BSN188908230,BSN,manager,,t
ansoc101,CHN188908230,CHN,manager,,t
hartj802,BSN188908240,BSN,manager,,t
ansoc101,CHN188908240,CHN,manager,,t
wrigh101,PHI188908260,PHI,manager,,t
hanln101,PIT188908260,PIT,manager,,t
wrigh101,PHI188908270,PHI,manager,,t
hanln101,PIT188908271,PIT,manager,,t
hanln101,PIT188908272,PIT,manager,,t
wrigh101,PHI188908280,PHI,manager,,t
hanln101,PIT188908280,PIT,manager,,t
hanln101,PIT188908290,PIT,manager,,t
hanln101,PIT188908301,PIT,manager,,t
hanln101,PIT188908302,PIT,manager,,t
hanln101,PIT188908311,PIT,manager,,t
hanln101,PIT188908312,PIT,manager,,t
hartj802,BSN188909021,BSN,manager,,t
hartj802,BSN188909022,BSN,manager,,t
wrigh101,PHI188909021,PHI,manager,,t
wrigh101,PHI188909022,PHI,manager,,t
hartj802,BSN188909030,BSN,manager,,t
wrigh101,PHI188909030,PHI,manager,,t
hartj802,BSN188909040,BSN,manager,,t
wrigh101,PHI188909040,PHI,manager,,t
hartj802,BSN188909050,BSN,manager,,t
wrigh101,PHI188909050,PHI,manager,,t
hartj802,BSN188909060,BSN,manager,,t
wrigh101,PHI188909060,PHI,manager,,t
hartj802,BSN188909070,BSN,manager,,t
wrigh101,PHI188909070,PHI,manager,,t
hartj802,BSN188909090,BSN,manager,,t
wrigh101,PHI188909090,PHI,manager,,t
hartj802,BSN188909100,BSN,manager,,t
hartj802,BSN188909121,BSN,manager,,t
hartj802,BSN188909122,BSN,manager,,t
hartj802,BSN188909131,BSN,manager,,t
hartj802,BSN188909132,BSN,manager,,t
hartj802,BSN188909141,BSN,manager,,t
hartj802,BSN188909142,BSN,manager,,t
wrigh101,PHI188909141,PHI,manager,,t
wrigh101,PHI188909142,PHI,manager,,t
hartj802,BSN188909160,BSN,manager,,t
ansoc101,CHN188909160,CHN,manager,,t
hartj802,BSN188909170,BSN,manager,,t
ansoc101,CHN188909170,CHN,manager,,t
hartj802,BSN188909180,BSN,manager,,t
ansoc101,CHN188909180,CHN,manager,,t
hanln101,PIT188909181,PIT,manager,,t
hanln101,PIT188909182,PIT,manager,,t
ansoc101,CHN188909190,CHN,manager,,t
wrigh101,PHI188909190,PHI,manager,,t
ansoc101,CHN188909200,CHN,manager,,t
wrigh101,PHI188909201,PHI,manager,,t
wrigh101,PHI188909202,PHI,manager,,t
ansoc101,CHN188909210,CHN,manager,,t
wrigh101,PHI188909210,PHI,manager,,t
ansoc101,CHN188909230,CHN,manager,,t
hanln101,PIT188909230,PIT,manager,,t
ansoc101,CHN188909240,CHN,manager,,t
hanln101,PIT188909240,PIT,manager,,t
ansoc101,CHN188909250,CHN,manager,,t
hanln101,PIT188909250,PIT,manager,,t
ansoc101,CHN188909260,CHN,manager,,t
hanln101,PIT188909260,PIT,manager,,t
ansoc101,CHN188909270,CHN,manager,,t
hanln101,PIT188909270,PIT,manager,,t
ansoc101,CHN188909280,CHN,manager,,t
hanln101,PIT188909280,PIT,manager,,t
ansoc101,CHN188909300,CHN,manager,,t
hanln101,PIT188909300,PIT,manager,,t
ansoc101,CHN188910010,CHN,manager,,t
hanln101,PIT188910010,PIT,manager,,t
ansoc101,CHN188910020,CHN,manager,,t
hanln101,PIT188910020,PIT,manager,,t
ansoc101,CHN188910030,CHN,manager,,t
hanln101,PIT188910030,PIT,manager,,t
ansoc101,CHN188910040,CHN,manager,,t
hanln101,PIT188910040,PIT,manager,,t
ansoc101,CHN188910050,CHN,manager,,t
hanln101,PIT188910050,PIT,manager,,t
hutcb101,PIT188904240,CHN,1,,t
gumba101,PIT188904250,CHN,1,,t
tenej101,PIT188904260,CHN,1,,t
clarj102,PHI188904290,BSN,1,,t
bakej102,PIT188904290,CL4,1,,t
maddk101,PHI188904300,BSN,1,,t
grubh101,PIT188904301,CL4,1,,t
beate101,PIT188904302,CL4,1,,t
sowdb101,PHI188905010,BSN,1,,t
bakej102,PIT188905010,CL4,1,,t
clarj102,PHI188905020,BSN,1,,t
obrid101,PIT188905020,CL4,1,,t
crane101,PHI188905030,NY1,1,,t
titcc101,PHI188905040,NY1,1,,t
welcm102,PHI188905060,NY1,1,,t
crane101,PHI188905070,NY1,1,,t
crane101,BSN188905080,NY1,1,,t
stalh101,CHN188905080,PIT,1,,t
haddg101,PHI188905080,WS8,1,,t
ewinb101,BSN188905090,NY1,1,,t
conwp101,CHN188905090,PIT,1,,t
heale101,PHI188905090,WS8,1,,t
keeft101,BSN188905100,NY1,1,,t
stalh101,CHN188905100,PIT,1,,t
fersa101,PHI188905100,WS8,1,,t
hatfg101,BSN188905110,NY1,1,,t
morre101,CHN188905110,PIT,1,,t
odayh101,PHI188905110,WS8,1,,t
stalh101,BSN188905130,PIT,1,,t
dwyef101,PHI188905130,CHN,1,,t
maula101,BSN188905140,PIT,1,,t
gumba101,PHI188905140,CHN,1,,t
stalh101,BSN188905150,PIT,1,,t
tenej101,PHI188905150,CHN,1,,t
maula101,BSN188905160,PIT,1,,t
hutcb101,PHI188905160,CHN,1,,t
bakej102,BSN188905170,CL4,1,,t
whitj102,PHI188905170,IN3,1,,t
obrid101,BSN188905180,CL4,1,,t
boylh102,PHI188905180,IN3,1,,t
getzp101,BSN188905220,IN3,1,,t
obrid101,PHI188905220,CL4,1,,t
beate101,PHI188905230,CL4,1,,t
whitj102,BSN188905240,IN3,1,,t
bakej102,PHI188905240,CL4,1,,t
boylh102,BSN188905250,IN3,1,,t
obrid101,PHI188905250,CL4,1,,t
tenej101,BSN188905280,CHN,1,,t
stalh101,PHI188905280,PIT,1,,t
dwyef101,BSN188905290,CHN,1,,t
beama101,PHI188905290,PIT,1,,t
krocg101,BSN188905301,CHN,1,,t
hutcb101,BSN188905302,CHN,1,,t
dunna101,PHI188905301,PIT,1,,t
stalh101,PHI188905302,PIT,1,,t
whitj102,PHI188905311,IN3,1,,t
getzp101,PHI188905312,IN3,1,,t
cased103,BSN188906010,PHI,1,,t
buffc101,BSN188906030,PHI,1,,t
obrid101,CHN188906030,CL4,1,,t
boylh102,PIT188906030,IN3,1,,t
sandb101,BSN188906040,PHI,1,,t
beate101,CHN188906040,CL4,1,,t
cased103,BSN188906050,PHI,1,,t
bakej102,CHN188906051,CL4,1,,t
obrid101,CHN188906052,CL4,1,,t
keeft101,BSN188906060,NY1,1,,t
getzp101,CHN188906060,IN3,1,,t
haddg101,PHI188906060,WS8,1,,t
welcm102,BSN188906070,NY1,1,,t
heale101,PHI188906070,WS8,1,,t
fersa101,PHI188906080,WS8,1,,t
burdb101,CHN188906101,IN3,1,,t
getzp101,CHN188906102,IN3,1,,t
stalh101,CHN188906110,PIT,1,,t
galvj103,CHN188906120,PIT,1,,t
keefg101,BSN188906130,WS8,1,,t
stalh101,CHN188906130,PIT,1,,t
fersa101,BSN188906140,WS8,1,,t
haddg101,BSN188906150,WS8,1,,t
keefg101,BSN188906171,WS8,1,,t
fersa101,BSN188906172,WS8,1,,t
buffc101,CHN188906190,PHI,1,,t
clarj102,PIT188906190,BSN,1,,t
buffc101,CHN188906200,PHI,1,,t
maddk101,PIT188906200,BSN,1,,t
gleak101,CHN188906210,PHI,1,,t
buffc101,CHN188906220,PHI,1,,t
clarj102,PIT188906221,BSN,1,,t
sowdb101,PIT188906222,BSN,1,,t
crane101,CHN188906240,NY1,1,,t
heale101,PIT188906240,WS8,1,,t
crane101,CHN188906250,NY1,1,,t
keefg101,PIT188906250,WS8,1,,t
welcm102,CHN188906260,NY1,1,,t
odayh101,PIT188906260,WS8,1,,t
crane101,CHN188906270,NY1,1,,t
clarj102,CHN188906280,BSN,1,,t
cased103,PIT188906280,PHI,1,,t
sowdb101,CHN188906290,BSN,1,,t
buffc101,PIT188906291,PHI,1,,t
woodp101,PIT188906292,PHI,1,,t
clarj102,CHN188907010,BSN,1,,t
buffc101,PIT188907010,PHI,1,,t
maddk101,CHN188907020,BSN,1,,t
gleak101,PIT188907020,PHI,1,,t
fersa101,CHN188907041,WS8,1,,t
odayh101,CHN188907042,WS8,1,,t
crane101,PIT188907041,NY1,1,,t
keeft101,PIT188907042,NY1,1,,t
keefg101,CHN188907050,WS8,1,,t
welcm102,PIT188907050,NY1,1,,t
heale101,CHN188907060,WS8,1,,t
keeft101,PIT188907060,NY1,1,,t
bakej102,BSN188907080,CL4,1,,t
getzp101,PHI188907080,IN3,1,,t
obrid101,BSN188907090,CL4,1,,t
boylh102,PHI188907090,IN3,1,,t
beate101,BSN188907100,CL4,1,,t
rusia101,PHI188907100,IN3,1,,t
dwyef101,PHI188907110,CHN,1,,t
galvj103,BSN188907120,PIT,1,,t
heale101,PHI188907120,CHN,1,,t
stalh101,BSN188907130,PIT,1,,t
grubh101,PHI188907150,CL4,1,,t
boylh102,BSN188907160,IN3,1,,t
beate101,PHI188907160,CL4,1,,t
bakej102,PHI188907170,CL4,1,,t
getzp101,BSN188907171,IN3,1,,t
rusia101,BSN188907172,IN3,1,,t
heale101,BSN188907180,CHN,1,,t
galvj103,PHI188907180,PIT,1,,t
tenej101,BSN188907190,CHN,1,,t
gumba101,BSN188907200,CHN,1,,t
stalh101,PHI188907201,PIT,1,,t
galvj103,PHI188907202,PIT,1,,t
fersa101,BSN188907220,WS8,1,,t
boylh102,CHN188907220,IN3,1,,t
keeft101,PHI188907220,NY1,1,,t
haddg101,BSN188907230,WS8,1,,t
getzp101,CHN188907230,IN3,1,,t
welcm102,PHI188907230,NY1,1,,t
odayh101,BSN188907240,WS8,1,,t
keeft101,PHI188907240,NY1,1,,t
rusia101,CHN188907241,IN3,1,,t
boylh102,CHN188907242,IN3,1,,t
clarj102,PHI188907250,BSN,1,,t
grubh101,PIT188907250,CL4,1,,t
maddk101,PHI188907260,BSN,1,,t
beate101,PIT188907260,CL4,1,,t
clarj102,PHI188907270,BSN,1,,t
obrid101,PIT188907270,CL4,1,,t
sandb101,BSN188907290,PHI,1,,t
dwyef101,PIT188907290,CHN,1,,t
gleak101,BSN188907300,PHI,1,,t
tenej101,PIT188907300,CHN,1,,t
beate101,CHN188908010,CL4,1,,t
getzp101,PIT188908011,IN3,1,,t
andev101,PIT188908012,IN3,1,,t
bakej102,CHN188908020,CL4,1,,t
boylh102,PIT188908021,IN3,1,,t
krocg101,PIT188908022,IN3,1,,t
beate101,CHN188908030,CL4,1,,t
getzp101,PIT188908030,IN3,1,,t
odayh101,CHN188908050,NY1,1,,t
gleak101,PIT188908050,PHI,1,,t
keeft101,CHN188908060,NY1,1,,t
buffc101,PIT188908060,PHI,1,,t
crane101,CHN188908070,NY1,1,,t
haddg101,PIT188908080,WS8,1,,t
clarj102,CHN188908090,BSN,1,,t
fersa101,PIT188908090,WS8,1,,t
daleb101,CHN188908100,BSN,1,,t
haddg101,PIT188908101,WS8,1,,t
sullm101,PIT188908102,WS8,1,,t
gleak101,CHN188908120,PHI,1,,t
clarj102,PIT188908120,BSN,1,,t
sandb101,CHN188908130,PHI,1,,t
daleb101,PIT188908130,BSN,1,,t
gleak101,CHN188908140,PHI,1,,t
clarj102,PIT188908140,BSN,1,,t
fersa101,CHN188908150,WS8,1,,t
keeft101,PIT188908150,NY1,1,,t
haddg101,CHN188908160,WS8,1,,t
crane101,PIT188908160,NY1,1,,t
sullm101,CHN188908170,WS8,1,,t
welcm102,PIT188908170,NY1,1,,t
crane101,BSN188908190,NY1,1,,t
fersa101,PHI188908190,WS8,1,,t
keeft101,BSN188908200,NY1,1,,t
haddg101,PHI188908200,WS8,1,,t
crane101,BSN188908210,NY1,1,,t
fersa101,PHI188908210,WS8,1,,t
haddg101,BSN188908220,WS8,1,,t
morre101,CHN188908220,PIT,1,,t
keefg101,BSN188908230,WS8,1,,t
stalh101,CHN188908230,PIT,1,,t
keefg101,BSN188908240,WS8,1,,t
galvj103,CHN188908240,PIT,1,,t
clarj102,PHI188908260,BSN,1,,t
boylh102,PIT188908260,IN3,1,,t
radbc101,PHI188908270,BSN,1,,t
getzp101,PIT188908271,IN3,1,,t
rusia101,PIT188908272,IN3,1,,t
radbc101,PHI188908280,BSN,1,,t
boylh102,PIT188908280,IN3,1,,t
tenej101,PIT188908290,CHN,1,,t
hutcb101,PIT188908301,CHN,1,,t
gumba101,PIT188908302,CHN,1,,t
dwyef101,PIT188908311,CHN,1,,t
tenej101,PIT188908312,CHN,1,,t
rusia101,BSN188909021,IN3,1,,t
boylh102,BSN188909022,IN3,1,,t
dwyef101,PHI188909021,CHN,1,,t
gumba101,PHI188909022,CHN,1,,t
rusia101,BSN188909030,IN3,1,,t
hutcb101,PHI188909030,CHN,1,,t
boylh102,BSN188909040,IN3,1,,t
tenej101,PHI188909040,CHN,1,,t
galvj103,BSN188909050,PIT,1,,t
bakej102,PHI188909050,CL4,1,,t
stalh101,BSN188909060,PIT,1,,t
beate101,PHI188909060,CL4,1,,t
galvj103,BSN188909070,PIT,1,,t
obrid101,PHI188909070,CL4,1,,t
hutcb101,BSN188909090,CHN,1,,t
morre101,PHI188909090,PIT,1,,t
tenej101,BSN188909100,CHN,1,,t
bakej102,BSN188909121,CL4,1,,t
obrid101,BSN188909122,CL4,1,,t
beate101,BSN188909131,CL4,1,,t
grubh101,BSN188909132,CL4,1,,t
bakej102,BSN188909141,CL4,1,,t
beate101,BSN188909142,CL4,1,,t
rusia101,PHI188909141,IN3,1,,t
rusia101,PHI188909142,IN3,1,,t
buffc101,BSN188909160,PHI,1,,t
boylh102,CHN188909160,IN3,1,,t
sandb101,BSN188909170,PHI,1,,t
fee-j101,CHN188909170,IN3,1,,t
gleak101,BSN188909180,PHI,1,,t
getzp101,CHN188909180,IN3,1,,t
bakej102,PIT188909181,CL4,1,,t
beate101,PIT188909182,CL4,1,,t
obrid101,CHN188909190,CL4,1,,t
odayh101,PHI188909190,NY1,1,,t
grubh101,CHN188909200,CL4,1,,t
keeft101,PHI188909201,NY1,1,,t
keeft101,PHI188909202,NY1,1,,t
beate101,CHN188909210,CL4,1,,t
welcm102,PHI188909210,NY1,1,,t
clarj102,CHN188909230,BSN,1,,t
keefg101,PIT188909230,WS8,1,,t
radbc101,CHN188909240,BSN,1,,t
krocg101,PIT188909240,WS8,1,,t
clarj102,CHN188909250,BSN,1,,t
keefg101,PIT188909250,WS8,1,,t
welcm102,CHN188909260,NY1,1,,t
gleak101,PIT188909260,PHI,1,,t
keeft101,CHN188909270,NY1,1,,t
sandb101,PIT188909270,PHI,1,,t
welcm102,CHN188909280,NY1,1,,t
buffc101,PIT188909280,PHI,1,,t
haddg101,CHN188909300,WS8,1,,t
keeft101,PIT188909300,NY1,1,,t
keefg101,CHN188910010,WS8,1,,t
welcm102,PIT188910010,NY1,1,,t
krocg101,CHN188910020,WS8,1,,t
crane101,PIT188910020,NY1,1,,t
sandb101,CHN188910030,PHI,1,,t
clarj102,PIT188910030,BSN,1,,t
buffc101,CHN188910040,PHI,1,,t
maddk101,PIT188910040,BSN,1,,t
sandb101,CHN188910050,PHI,1,,t
clarj102,PIT188910050,BSN,1,,t
galvj103,PIT188904240,PIT,1,,t
stalh101,PIT188904250,PIT,1,,t
galvj103,PIT188904260,PIT,1,,t
buffc101,PHI188904290,PHI,1,,t
stalh101,PIT188904290,PIT,1,,t
sandb101,PHI188904300,PHI,1,,t
galvj103,PIT188904301,PIT,1,,t
conwp101,PIT188904302,PIT,1,,t
gleak101,PHI188905010,PHI,1,,t
stalh101,PIT188905010,PIT,1,,t
cased103,PHI188905020,PHI,1,,t
galvj103,PIT188905020,PIT,1,,t
sandb101,PHI188905030,PHI,1,,t
buffc101,PHI188905040,PHI,1,,t
sandb101,PHI188905060,PHI,1,,t
buffc101,PHI188905070,PHI,1,,t
clarj102,BSN188905080,BSN,1,,t
krocg101,CHN188905080,CHN,1,,t
cased103,PHI188905080,PHI,1,,t
maddk101,BSN188905090,BSN,1,,t
tenej101,CHN188905090,CHN,1,,t
buffc101,PHI188905090,PHI,1,,t
radbc101,BSN188905100,BSN,1,,t
gumba101,CHN188905100,CHN,1,,t
gleak101,PHI188905100,PHI,1,,t
clarj102,BSN188905110,BSN,1,,t
hutcb101,CHN188905110,CHN,1,,t
buffc101,PHI188905110,PHI,1,,t
clarj102,BSN188905130,BSN,1,,t
buffc101,PHI188905130,PHI,1,,t
sowdb101,BSN188905140,BSN,1,,t
sandb101,PHI188905140,PHI,1,,t
radbc101,BSN188905150,BSN,1,,t
buffc101,PHI188905150,PHI,1,,t
clarj102,BSN188905160,BSN,1,,t
gleak101,PHI188905160,PHI,1,,t
radbc101,BSN188905170,BSN,1,,t
cased103,PHI188905170,PHI,1,,t
clarj102,BSN188905180,BSN,1,,t
buffc101,PHI188905180,PHI,1,,t
clarj102,BSN188905220,BSN,1,,t
buffc101,PHI188905220,PHI,1,,t
sandb101,PHI188905230,PHI,1,,t
radbc101,BSN188905240,BSN,1,,t
cased103,PHI188905240,PHI,1,,t
clarj102,BSN188905250,BSN,1,,t
buffc101,PHI188905250,PHI,1,,t
clarj102,BSN188905280,BSN,1,,t
cased103,PHI188905280,PHI,1,,t
radbc101,BSN188905290,BSN,1,,t
sandb101,PHI188905290,PHI,1,,t
radbc101,BSN188905301,BSN,1,,t
clarj102,BSN188905302,BSN,1,,t
gleak101,PHI188905301,PHI,1,,t
buffc101,PHI188905302,PHI,1,,t
sandb101,PHI188905311,PHI,1,,t
woodp101,PHI188905312,PHI,1,,t
clarj102,BSN188906010,BSN,1,,t
radbc101,BSN188906030,BSN,1,,t
hutcb101,CHN188906030,CHN,1,,t
galvj103,PIT188906030,PIT,1,,t
clarj102,BSN188906040,BSN,1,,t
gumba101,CHN188906040,CHN,1,,t
maddk101,BSN188906050,BSN,1,,t
dwyef101,CHN188906051,CHN,1,,t
hutcb101,CHN188906052,CHN,1,,t
clarj102,BSN188906060,BSN,1,,t
tenej101,CHN188906060,CHN,1,,t
buffc101,PHI188906060,PHI,1,,t
radbc101,BSN188906070,BSN,1,,t
sandb101,PHI188906070,PHI,1,,t
cased103,PHI188906080,PHI,1,,t
hutcb101,CHN188906101,CHN,1,,t
dwyef101,CHN188906102,CHN,1,,t
gumba101,CHN188906110,CHN,1,,t
hutcb101,CHN188906120,CHN,1,,t
clarj102,BSN188906130,BSN,1,,t
dwyef101,CHN188906130,CHN,1,,t
radbc101,BSN188906140,BSN,1,,t
clarj102,BSN188906150,BSN,1,,t
radbc101,BSN188906171,BSN,1,,t
clarj102,BSN188906172,BSN,1,,t
hutcb101,CHN188906190,CHN,1,,t
stalh101,PIT188906190,PIT,1,,t
gumba101,CHN188906200,CHN,1,,t
morre101,PIT188906200,PIT,1,,t
krocg101,CHN188906210,CHN,1,,t
tenej101,CHN188906220,CHN,1,,t
morre101,PIT188906221,PIT,1,,t
galvj103,PIT188906222,PIT,1,,t
gumba101,CHN188906240,CHN,1,,t
stalh101,PIT188906240,PIT,1,,t
hutcb101,CHN188906250,CHN,1,,t
galvj103,PIT188906250,PIT,1,,t
krocg101,CHN188906260,CHN,1,,t
morre101,PIT188906260,PIT,1,,t
gumba101,CHN188906270,CHN,1,,t
tenej101,CHN188906280,CHN,1,,t
galvj103,PIT188906280,PIT,1,,t
dwyef101,CHN188906290,CHN,1,,t
morre101,PIT188906291,PIT,1,,t
stalh101,PIT188906292,PIT,1,,t
tenej101,CHN188907010,CHN,1,,t
galvj103,PIT188907010,PIT,1,,t
dwyef101,CHN188907020,CHN,1,,t
stalh101,PIT188907020,PIT,1,,t
hutcb101,CHN188907041,CHN,1,,t
gumba101,CHN188907042,CHN,1,,t
morre101,PIT188907041,PIT,1,,t
galvj103,PIT188907042,PIT,1,,t
tenej101,CHN188907050,CHN,1,,t
stalh101,PIT188907050,PIT,1,,t
dwyef101,CHN188907060,CHN,1,,t
morre101,PIT188907060,PIT,1,,t
clarj102,BSN188907080,BSN,1,,t
sandb101,PHI188907080,PHI,1,,t
maddk101,BSN188907090,BSN,1,,t
gleak101,PHI188907090,PHI,1,,t
clarj102,BSN188907100,BSN,1,,t
sandb101,PHI188907100,PHI,1,,t
buffc101,PHI188907110,PHI,1,,t
clarj102,BSN188907120,BSN,1,,t
sandb101,PHI188907120,PHI,1,,t
maddk101,BSN188907130,BSN,1,,t
sandb101,PHI188907150,PHI,1,,t
clarj102,BSN188907160,BSN,1,,t
buffc101,PHI188907160,PHI,1,,t
sandb101,PHI188907170,PHI,1,,t
radbc101,BSN188907171,BSN,1,,t
daleb101,BSN188907172,BSN,1,,t
clarj102,BSN188907180,BSN,1,,t
cased103,PHI188907180,PHI,1,,t
radbc101,BSN188907190,BSN,1,,t
clarj102,BSN188907200,BSN,1,,t
buffc101,PHI188907201,PHI,1,,t
sandb101,PHI188907202,PHI,1,,t
daleb101,BSN188907220,BSN,1,,t
dwyef101,CHN188907220,CHN,1,,t
cased103,PHI188907220,PHI,1,,t
clarj102,BSN188907230,BSN,1,,t
heale101,CHN188907230,CHN,1,,t
sandb101,PHI188907230,PHI,1,,t
maddk101,BSN188907240,BSN,1,,t
buffc101,PHI188907240,PHI,1,,t
tenej101,CHN188907241,CHN,1,,t
gumba101,CHN188907242,CHN,1,,t
sandb101,PHI188907250,PHI,1,,t
sowdb101,PIT188907250,PIT,1,,t
buffc101,PHI188907260,PHI,1,,t
stalh101,PIT188907260,PIT,1,,t
cased103,PHI188907270,PHI,1,,t
galvj103,PIT188907270,PIT,1,,t
clarj102,BSN188907290,BSN,1,,t
sowdb101,PIT188907290,PIT,1,,t
radbc101,BSN188907300,BSN,1,,t
stalh101,PIT188907300,PIT,1,,t
gumba101,CHN188908010,CHN,1,,t
sowdb101,PIT188908011,PIT,1,,t
stalh101,PIT188908012,PIT,1,,t
dwyef101,CHN188908020,CHN,1,,t
galvj103,PIT188908021,PIT,1,,t
garfb101,PIT188908022,PIT,1,,t
tenej101,CHN188908030,CHN,1,,t
stalh101,PIT188908030,PIT,1,,t
gumba101,CHN188908050,CHN,1,,t
morre101,PIT188908050,PIT,1,,t
dwyef101,CHN188908060,CHN,1,,t
stalh101,PIT188908060,PIT,1,,t
tenej101,CHN188908070,CHN,1,,t
morre101,PIT188908080,PIT,1,,t
tenej101,CHN188908090,CHN,1,,t
galvj103,PIT188908090,PIT,1,,t
heale101,CHN188908100,CHN,1,,t
sowdb101,PIT188908101,PIT,1,,t
stalh101,PIT188908102,PIT,1,,t
tenej101,CHN188908120,CHN,1,,t
morre101,PIT188908120,PIT,1,,t
dwyef101,CHN188908130,CHN,1,,t
galvj103,PIT188908130,PIT,1,,t
gumba101,CHN188908140,CHN,1,,t
sowdb101,PIT188908140,PIT,1,,t
tenej101,CHN188908150,CHN,1,,t
morre101,PIT188908150,PIT,1,,t
dwyef101,CHN188908160,CHN,1,,t
stalh101,PIT188908160,PIT,1,,t
hutcb101,CHN188908170,CHN,1,,t
galvj103,PIT188908170,PIT,1,,t
clarj102,BSN188908190,BSN,1,,t
cased103,PHI188908190,PHI,1,,t
radbc101,BSN188908200,BSN,1,,t
day-b101,PHI188908200,PHI,1,,t
clarj102,BSN188908210,BSN,1,,t
sandb101,PHI188908210,PHI,1,,t
radbc101,BSN188908220,BSN,1,,t
gumba101,CHN188908220,CHN,1,,t
daleb101,BSN188908230,BSN,1,,t
hutcb101,CHN188908230,CHN,1,,t
clarj102,BSN188908240,BSN,1,,t
tenej101,CHN188908240,CHN,1,,t
sandb101,PHI188908260,PHI,1,,t
morre101,PIT188908260,PIT,1,,t
buffc101,PHI188908270,PHI,1,,t
stalh101,PIT188908271,PIT,1,,t
galvj103,PIT188908272,PIT,1,,t
sandb101,PHI188908280,PHI,1,,t
morre101,PIT188908280,PIT,1,,t
stalh101,PIT188908290,PIT,1,,t
galvj103,PIT188908301,PIT,1,,t
morre101,PIT188908302,PIT,1,,t
stalh101,PIT188908311,PIT,1,,t
sowdb101,PIT188908312,PIT,1,,t
radbc101,BSN188909021,BSN,1,,t
clarj102,BSN188909022,BSN,1,,t
cased103,PHI188909021,PHI,1,,t
sandb101,PHI188909022,PHI,1,,t
maddk101,BSN188909030,BSN,1,,t
gleak101,PHI188909030,PHI,1,,t
clarj102,BSN188909040,BSN,1,,t
sandb101,PHI188909040,PHI,1,,t
radbc101,BSN188909050,BSN,1,,t
buffc101,PHI188909050,PHI,1,,t
clarj102,BSN188909060,BSN,1,,t
cased103,PHI188909060,PHI,1,,t
daleb101,BSN188909070,BSN,1,,t
buffc101,PHI188909070,PHI,1,,t
clarj102,BSN188909090,BSN,1,,t
sandb101,PHI188909090,PHI,1,,t
radbc101,BSN188909100,BSN,1,,t
clarj102,BSN188909121,BSN,1,,t
clarj102,BSN188909122,BSN,1,,t
radbc101,BSN188909131,BSN,1,,t
radbc101,BSN188909132,BSN,1,,t
clarj102,BSN188909141,BSN,1,,t
maddk101,BSN188909142,BSN,1,,t
buffc101,PHI188909141,PHI,1,,t
sandb101,PHI188909142,PHI,1,,t
clarj102,BSN188909160,BSN,1,,t
hutcb101,CHN188909160,CHN,1,,t
radbc101,BSN188909170,BSN,1,,t
gumba101,CHN188909170,CHN,1,,t
clarj102,BSN188909180,BSN,1,,t
hutcb101,CHN188909180,CHN,1,,t
galvj103,PIT188909181,PIT,1,,t
sowdb101,PIT188909182,PIT,1,,t
tenej101,CHN188909190,CHN,1,,t
cased103,PHI188909190,PHI,1,,t
hutcb101,CHN188909200,CHN,1,,t
sandb101,PHI188909201,PHI,1,,t
anded102,PHI188909202,PHI,1,,t
dwyef101,CHN188909210,CHN,1,,t
day-b101,PHI188909210,PHI,1,,t
gumba101,CHN188909230,CHN,1,,t
stalh101,PIT188909230,PIT,1,,t
hutcb101,CHN188909240,CHN,1,,t
maula101,PIT188909240,PIT,1,,t
tenej101,CHN188909250,CHN,1,,t
jonea102,PIT188909250,PIT,1,,t
hutcb101,CHN188909260,CHN,1,,t
galvj103,PIT188909260,PIT,1,,t
tenej101,CHN188909270,CHN,1,,t
stalh101,PIT188909270,PIT,1,,t
hutcb101,CHN188909280,CHN,1,,t
sowdb101,PIT188909280,PIT,1,,t
gumba101,CHN188909300,CHN,1,,t
galvj103,PIT188909300,PIT,1,,t
dwyef101,CHN188910010,CHN,1,,t
stalh101,PIT188910010,PIT,1,,t
hutcb101,CHN188910020,CHN,1,,t
sowdb101,PIT188910020,PIT,1,,t
tenej101,CHN188910030,CHN,1,,t
galvj103,PIT188910030,PIT,1,,t
hutcb101,CHN188910040,CHN,1,,t
stalh101,PIT188910040,PIT,1,,t
hutcb101,CHN188910050,CHN,1,,t
galvj103,PIT188910050,PIT,1,,t
