id,game_id,team_id,field_pos,batt_ord,start
buncj101,HAR187704300,UMP,ump_hp,,t
bredg901,CHN187705080,UMP,ump_hp,,t
bredg901,CHN187705100,UMP,ump_hp,,t
conef101,CHN187705120,UMP,ump_hp,,t
conef101,CHN187705160,UMP,ump_hp,,t
stamc901,CHN187705170,UMP,ump_hp,,t
bredg901,CHN187705190,UMP,ump_hp,,t
summj901,BSN187706020,UMP,ump_hp,,t
summj901,BSN187706040,UMP,ump_hp,,t
conef101,CHN187706050,UMP,ump_hp,,t
bredg901,CHN187706070,UMP,ump_hp,,t
kennj102,HAR187706090,UMP,ump_hp,,t
stamc901,CHN187706110,UMP,ump_hp,,t
stamc901,CHN187706120,UMP,ump_hp,,t
kennj102,HAR187706120,UMP,ump_hp,,t
whitg901,BSN187706160,UMP,ump_hp,,t
kennj102,HAR187706160,UMP,ump_hp,,t
chanm901,BSN187706180,UMP,ump_hp,,t
kennj102,HAR187706180,UMP,ump_hp,,t
whitg901,BSN187706190,UMP,ump_hp,,t
duchu901,HAR187706190,UMP,ump_hp,,t
chanm901,BSN187706210,UMP,ump_hp,,t
kennj102,HAR187706210,UMP,ump_hp,,t
kennj102,HAR187706230,UMP,ump_hp,,t
buncj101,HAR187706250,UMP,ump_hp,,t
whitg901,BSN187706260,UMP,ump_hp,,t
conef101,CHN187706260,UMP,ump_hp,,t
kennj102,HAR187706270,UMP,ump_hp,,t
whitg901,BSN187706280,UMP,ump_hp,,t
stamc901,CHN187706280,UMP,ump_hp,,t
summj901,BSN187706300,UMP,ump_hp,,t
bredg901,CHN187707040,UMP,ump_hp,,t
conef101,CHN187707130,UMP,ump_hp,,t
kellw901,CHN187707140,UMP,ump_hp,,t
conef101,CHN187707160,UMP,ump_hp,,t
furlb901,CHN187707170,UMP,ump_hp,,t
furlb901,CHN187707180,UMP,ump_hp,,t
bredg901,CHN187707260,UMP,ump_hp,,t
bredg901,CHN187708070,UMP,ump_hp,,t
duchu901,HAR187708070,UMP,ump_hp,,t
buncj101,HAR187708080,UMP,ump_hp,,t
conef101,CHN187708090,UMP,ump_hp,,t
hodga902,BSN187708100,UMP,ump_hp,,t
summj901,BSN187708110,UMP,ump_hp,,t
stamc901,CHN187708110,UMP,ump_hp,,t
stamc901,CHN187708130,UMP,ump_hp,,t
summj901,BSN187708170,UMP,ump_hp,,t
bredg901,CHN187708170,UMP,ump_hp,,t
buncj101,HAR187708170,UMP,ump_hp,,t
conef101,CHN187708180,UMP,ump_hp,,t
duchu901,HAR187708180,UMP,ump_hp,,t
duchu901,HAR187708200,UMP,ump_hp,,t
chanm901,BSN187708210,UMP,ump_hp,,t
duchu901,HAR187708210,UMP,ump_hp,,t
summj901,BSN187708230,UMP,ump_hp,,t
duchu901,HAR187708230,UMP,ump_hp,,t
summj901,BSN187708240,UMP,ump_hp,,t
summj901,BSN187708250,UMP,ump_hp,,t
summj901,BSN187708270,UMP,ump_hp,,t
duchu901,HAR187708270,UMP,ump_hp,,t
summj901,BSN187708280,UMP,ump_hp,,t
kennj102,HAR187708280,UMP,ump_hp,,t
summj901,BSN187708300,UMP,ump_hp,,t
kennj102,HAR187708310,UMP,ump_hp,,t
summj901,BSN187709010,UMP,ump_hp,,t
wrigh101,BSN187709030,UMP,ump_hp,,t
summj901,BSN187709040,UMP,ump_hp,,t
kennj102,HAR187709040,UMP,ump_hp,,t
summj901,BSN187709060,UMP,ump_hp,,t
summj901,BSN187709080,UMP,ump_hp,,t
duchu901,HAR187709080,UMP,ump_hp,,t
summj901,BSN187709110,UMP,ump_hp,,t
duchu901,HAR187709110,UMP,ump_hp,,t
kennj102,HAR187709120,UMP,ump_hp,,t
bigew901,BSN187709130,UMP,ump_hp,,t
duchu901,HAR187709140,UMP,ump_hp,,t
summj901,BSN187709150,UMP,ump_hp,,t
buncj101,HAR187709150,UMP,ump_hp,,t
summj901,BSN187709170,UMP,ump_hp,,t
duchu901,HAR187709180,UMP,ump_hp,,t
summj901,BSN187709200,UMP,ump_hp,,t
buncj101,HAR187709210,UMP,ump_hp,,t
buncj101,HAR187709220,UMP,ump_hp,,t
summj901,BSN187709260,UMP,ump_hp,,t
summj901,BSN187709270,UMP,ump_hp,,t
summj901,BSN187709290,UMP,ump_hp,,t
bredg901,CHN187710010,UMP,ump_hp,,t
milla901,CHN187710020,UMP,ump_hp,,t
conef101,CHN187710050,UMP,ump_hp,,t
stamc901,CHN187710060,UMP,ump_hp,,t
wrigh101,HAR187704300,BSN,manager,,t
fergb101,CHN187705080,HAR,manager,,t
fergb101,CHN187705100,HAR,manager,,t
wrigh101,CHN187705120,BSN,manager,,t
wrigh101,CHN187705160,BSN,manager,,t
mcmag801,CHN187705170,SL3,manager,,t
mcmag801,CHN187705190,SL3,manager,,t
fergb101,BSN187706020,HAR,manager,,t
fergb101,BSN187706040,HAR,manager,,t
pikel101,CHN187706050,CN1,manager,,t
pikel101,CHN187706070,CN1,manager,,t
wrigh101,HAR187706090,BSN,manager,,t
chapj102,CHN187706110,LS1,manager,,t
chapj102,CHN187706120,LS1,manager,,t
wrigh101,HAR187706120,BSN,manager,,t
spala101,BSN187706160,CHN,manager,,t
mcmag801,HAR187706160,SL3,manager,,t
spala101,BSN187706180,CHN,manager,,t
mcmag801,HAR187706180,SL3,manager,,t
mcmag801,BSN187706190,SL3,manager,,t
spala101,HAR187706190,CHN,manager,,t
mcmag801,BSN187706210,SL3,manager,,t
spala101,HAR187706210,CHN,manager,,t
chapj102,HAR187706230,LS1,manager,,t
chapj102,HAR187706250,LS1,manager,,t
fergb101,BSN187706260,HAR,manager,,t
mcmag801,CHN187706260,SL3,manager,,t
chapj102,HAR187706270,LS1,manager,,t
chapj102,BSN187706280,LS1,manager,,t
mcmag801,CHN187706280,SL3,manager,,t
chapj102,BSN187706300,LS1,manager,,t
wrigh101,CHN187707040,BSN,manager,,t
fergb101,CHN187707130,HAR,manager,,t
fergb101,CHN187707140,HAR,manager,,t
wrigh101,CHN187707160,BSN,manager,,t
wrigh101,CHN187707170,BSN,manager,,t
wrigh101,CHN187707180,BSN,manager,,t
fergb101,CHN187707260,HAR,manager,,t
addyb101,CHN187708070,CN1,manager,,t
wrigh101,HAR187708070,BSN,manager,,t
wrigh101,HAR187708080,BSN,manager,,t
addyb101,CHN187708090,CN1,manager,,t
fergb101,BSN187708100,HAR,manager,,t
fergb101,BSN187708110,HAR,manager,,t
chapj102,CHN187708110,LS1,manager,,t
chapj102,CHN187708130,LS1,manager,,t
chapj102,BSN187708170,LS1,manager,,t
mcmag801,CHN187708170,SL3,manager,,t
addyb101,HAR187708170,CN1,manager,,t
mcmag801,CHN187708180,SL3,manager,,t
addyb101,HAR187708180,CN1,manager,,t
chapj102,HAR187708200,LS1,manager,,t
addyb101,BSN187708210,CN1,manager,,t
chapj102,HAR187708210,LS1,manager,,t
mannj101,BSN187708230,CN1,manager,,t
chapj102,HAR187708230,LS1,manager,,t
mannj101,BSN187708240,CN1,manager,,t
chapj102,BSN187708250,LS1,manager,,t
chapj102,BSN187708270,LS1,manager,,t
mannj101,HAR187708270,CN1,manager,,t
chapj102,BSN187708280,LS1,manager,,t
mannj101,HAR187708280,CN1,manager,,t
mannj101,BSN187708300,CN1,manager,,t
chapj102,HAR187708310,LS1,manager,,t
mannj101,BSN187709010,CN1,manager,,t
mannj101,BSN187709030,CN1,manager,,t
mannj101,BSN187709030,CN1,1,,t
mcmag801,BSN187709040,SL3,manager,,t
spala101,HAR187709040,CHN,manager,,t
mcmag801,BSN187709060,SL3,manager,,t
spala101,BSN187709080,CHN,manager,,t
mcmag801,HAR187709080,SL3,manager,,t
spala101,BSN187709110,CHN,manager,,t
mcmag801,HAR187709110,SL3,manager,,t
mcmag801,HAR187709120,SL3,manager,,t
mcmag801,BSN187709130,SL3,manager,,t
spala101,HAR187709140,CHN,manager,,t
mcmag801,BSN187709150,SL3,manager,,t
spala101,HAR187709150,CHN,manager,,t
spala101,BSN187709170,CHN,manager,,t
mcmag801,HAR187709180,SL3,manager,,t
spala101,BSN187709200,CHN,manager,,t
spala101,HAR187709210,CHN,manager,,t
spala101,HAR187709220,CHN,manager,,t
fergb101,BSN187709260,HAR,manager,,t
fergb101,BSN187709270,HAR,manager,,t
fergb101,BSN187709290,HAR,manager,,t
mannj101,CHN187710010,CN1,manager,,t
mannj101,CHN187710020,CN1,manager,,t
chapj102,CHN187710050,LS1,manager,,t
chapj102,CHN187710060,LS1,manager,,t
fergb101,HAR187704300,HAR,manager,,t
spala101,CHN187705080,CHN,manager,,t
spala101,CHN187705100,CHN,manager,,t
spala101,CHN187705120,CHN,manager,,t
spala101,CHN187705160,CHN,manager,,t
spala101,CHN187705170,CHN,manager,,t
spala101,CHN187705190,CHN,manager,,t
wrigh101,BSN187706020,BSN,manager,,t
wrigh101,BSN187706040,BSN,manager,,t
spala101,CHN187706050,CHN,manager,,t
spala101,CHN187706050,CHN,1,,t
spala101,CHN187706070,CHN,manager,,t
fergb101,HAR187706090,HAR,manager,,t
spala101,CHN187706110,CHN,manager,,t
spala101,CHN187706120,CHN,manager,,t
fergb101,HAR187706120,HAR,manager,,t
wrigh101,BSN187706160,BSN,manager,,t
fergb101,HAR187706160,HAR,manager,,t
wrigh101,BSN187706180,BSN,manager,,t
fergb101,HAR187706180,HAR,manager,,t
wrigh101,BSN187706190,BSN,manager,,t
fergb101,HAR187706190,HAR,manager,,t
wrigh101,BSN187706210,BSN,manager,,t
fergb101,HAR187706210,HAR,manager,,t
fergb101,HAR187706230,HAR,manager,,t
fergb101,HAR187706250,HAR,manager,,t
wrigh101,BSN187706260,BSN,manager,,t
spala101,CHN187706260,CHN,manager,,t
fergb101,HAR187706270,HAR,manager,,t
wrigh101,BSN187706280,BSN,manager,,t
spala101,CHN187706280,CHN,manager,,t
wrigh101,BSN187706300,BSN,manager,,t
spala101,CHN187707040,CHN,manager,,t
spala101,CHN187707130,CHN,manager,,t
spala101,CHN187707140,CHN,manager,,t
spala101,CHN187707160,CHN,manager,,t
spala101,CHN187707170,CHN,manager,,t
spala101,CHN187707180,CHN,manager,,t
spala101,CHN187707260,CHN,manager,,t
spala101,CHN187708070,CHN,manager,,t
fergb101,HAR187708070,HAR,manager,,t
fergb101,HAR187708080,HAR,manager,,t
spala101,CHN187708090,CHN,manager,,t
wrigh101,BSN187708100,BSN,manager,,t
wrigh101,BSN187708110,BSN,manager,,t
spala101,CHN187708110,CHN,manager,,t
spala101,CHN187708130,CHN,manager,,t
wrigh101,BSN187708170,BSN,manager,,t
spala101,CHN187708170,CHN,manager,,t
fergb101,HAR187708170,HAR,manager,,t
spala101,CHN187708180,CHN,manager,,t
fergb101,HAR187708180,HAR,manager,,t
fergb101,HAR187708200,HAR,manager,,t
wrigh101,BSN187708210,BSN,manager,,t
fergb101,HAR187708210,HAR,manager,,t
wrigh101,BSN187708230,BSN,manager,,t
fergb101,HAR187708230,HAR,manager,,t
wrigh101,BSN187708240,BSN,manager,,t
wrigh101,BSN187708250,BSN,manager,,t
wrigh101,BSN187708270,BSN,manager,,t
fergb101,HAR187708270,HAR,manager,,t
wrigh101,BSN187708280,BSN,manager,,t
fergb101,HAR187708280,HAR,manager,,t
wrigh101,BSN187708300,BSN,manager,,t
fergb101,HAR187708310,HAR,manager,,t
wrigh101,BSN187709010,BSN,manager,,t
wrigh101,BSN187709030,BSN,manager,,t
wrigh101,BSN187709040,BSN,manager,,t
fergb101,HAR187709040,HAR,manager,,t
wrigh101,BSN187709060,BSN,manager,,t
wrigh101,BSN187709080,BSN,manager,,t
fergb101,HAR187709080,HAR,manager,,t
wrigh101,BSN187709110,BSN,manager,,t
fergb101,HAR187709110,HAR,manager,,t
fergb101,HAR187709120,HAR,manager,,t
wrigh101,BSN187709130,BSN,manager,,t
fergb101,HAR187709140,HAR,manager,,t
wrigh101,BSN187709150,BSN,manager,,t
fergb101,HAR187709150,HAR,manager,,t
wrigh101,BSN187709170,BSN,manager,,t
fergb101,HAR187709180,HAR,manager,,t
wrigh101,BSN187709200,BSN,manager,,t
fergb101,HAR187709210,HAR,manager,,t
fergb101,HAR187709220,HAR,manager,,t
wrigh101,BSN187709260,BSN,manager,,t
wrigh101,BSN187709270,BSN,manager,,t
wrigh101,BSN187709290,BSN,manager,,t
spala101,CHN187710010,CHN,manager,,t
spala101,CHN187710020,CHN,manager,,t
spala101,CHN187710050,CHN,manager,,t
spala101,CHN187710060,CHN,manager,,t
bondt101,HAR187704300,BSN,1,,t
larkt101,CHN187705080,HAR,1,,t
larkt101,CHN187705100,HAR,1,,t
bondt101,CHN187705120,BSN,1,,t
bondt101,CHN187705160,BSN,1,,t
nicht101,CHN187705170,SL3,1,,t
nicht101,CHN187705190,SL3,1,,t
larkt101,BSN187706020,HAR,1,,t
larkt101,BSN187706040,HAR,1,,t
mathb101,CHN187706050,CN1,1,,t
mathb101,CHN187706070,CN1,1,,t
bondt101,HAR187706090,BSN,1,,t
devlj103,CHN187706110,LS1,1,,t
devlj103,CHN187706120,LS1,1,,t
bondt101,HAR187706120,BSN,1,,t
bradg103,BSN187706160,CHN,1,,t
nicht101,HAR187706160,SL3,1,,t
bradg103,BSN187706180,CHN,1,,t
nicht101,HAR187706180,SL3,1,,t
nicht101,BSN187706190,SL3,1,,t
bradg103,HAR187706190,CHN,1,,t
blonj101,BSN187706210,SL3,1,,t
bradg103,HAR187706210,CHN,1,,t
devlj103,HAR187706230,LS1,1,,t
devlj103,HAR187706250,LS1,1,,t
larkt101,BSN187706260,HAR,1,,t
nicht101,CHN187706260,SL3,1,,t
devlj103,HAR187706270,LS1,1,,t
devlj103,BSN187706280,LS1,1,,t
nicht101,CHN187706280,SL3,1,,t
devlj103,BSN187706300,LS1,1,,t
bondt101,CHN187707040,BSN,1,,t
larkt101,CHN187707130,HAR,1,,t
larkt101,CHN187707140,HAR,1,,t
bondt101,CHN187707160,BSN,1,,t
bondt101,CHN187707170,BSN,1,,t
bondt101,CHN187707180,BSN,1,,t
larkt101,CHN187707260,HAR,1,,t
mannj101,CHN187708070,CN1,1,,t
bondt101,HAR187708070,BSN,1,,t
bondt101,HAR187708080,BSN,1,,t
cummc101,CHN187708090,CN1,1,,t
larkt101,BSN187708100,HAR,1,,t
larkt101,BSN187708110,HAR,1,,t
devlj103,CHN187708110,LS1,1,,t
devlj103,CHN187708130,LS1,1,,t
devlj103,BSN187708170,LS1,1,,t
nicht101,CHN187708170,SL3,1,,t
cummc101,HAR187708170,CN1,1,,t
nicht101,CHN187708180,SL3,1,,t
cummc101,HAR187708180,CN1,1,,t
devlj103,HAR187708200,LS1,1,,t
boota101,BSN187708210,CN1,1,,t
devlj103,HAR187708210,LS1,1,,t
boota101,BSN187708230,CN1,1,,t
devlj103,HAR187708230,LS1,1,,t
boota101,BSN187708240,CN1,1,,t
devlj103,BSN187708250,LS1,1,,t
devlj103,BSN187708270,LS1,1,,t
boota101,HAR187708270,CN1,1,,t
devlj103,BSN187708280,LS1,1,,t
boota101,HAR187708280,CN1,1,,t
boota101,BSN187708300,CN1,1,,t
devlj103,HAR187708310,LS1,1,,t
boota101,BSN187709010,CN1,1,,t
blonj101,BSN187709040,SL3,1,,t
mcvec101,HAR187709040,CHN,1,,t
blonj101,BSN187709060,SL3,1,,t
bradg103,BSN187709080,CHN,1,,t
blonj101,HAR187709080,SL3,1,,t
bradg103,BSN187709110,CHN,1,,t
nicht101,HAR187709110,SL3,1,,t
nicht101,HAR187709120,SL3,1,,t
nicht101,BSN187709130,SL3,1,,t
bradg103,HAR187709140,CHN,1,,t
nicht101,BSN187709150,SL3,1,,t
mcvec101,HAR187709150,CHN,1,,t
mcvec101,BSN187709170,CHN,1,,t
nicht101,HAR187709180,SL3,1,,t
mcvec101,BSN187709200,CHN,1,,t
bradg103,HAR187709210,CHN,1,,t
bradg103,HAR187709220,CHN,1,,t
larkt101,BSN187709260,HAR,1,,t
larkt101,BSN187709270,HAR,1,,t
larkt101,BSN187709290,HAR,1,,t
mitcr102,CHN187710010,CN1,1,,t
mitcr102,CHN187710020,CN1,1,,t
devlj103,CHN187710050,LS1,1,,t
devlj103,CHN187710060,LS1,1,,t
larkt101,HAR187704300,HAR,1,,t
bradg103,CHN187705080,CHN,1,,t
bradg103,CHN187705100,CHN,1,,t
bradg103,CHN187705120,CHN,1,,t
bradg103,CHN187705160,CHN,1,,t
bradg103,CHN187705170,CHN,1,,t
bradg103,CHN187705190,CHN,1,,t
bondt101,BSN187706020,BSN,1,,t
bondt101,BSN187706040,BSN,1,,t
bradg103,CHN187706070,CHN,1,,t
larkt101,HAR187706090,HAR,1,,t
bradg103,CHN187706110,CHN,1,,t
bradg103,CHN187706120,CHN,1,,t
larkt101,HAR187706120,HAR,1,,t
bondt101,BSN187706160,BSN,1,,t
larkt101,HAR187706160,HAR,1,,t
bondt101,BSN187706180,BSN,1,,t
larkt101,HAR187706180,HAR,1,,t
bondt101,BSN187706190,BSN,1,,t
larkt101,HAR187706190,HAR,1,,t
bondt101,BSN187706210,BSN,1,,t
larkt101,HAR187706210,HAR,1,,t
larkt101,HAR187706230,HAR,1,,t
larkt101,HAR187706250,HAR,1,,t
bondt101,BSN187706260,BSN,1,,t
bradg103,CHN187706260,CHN,1,,t
larkt101,HAR187706270,HAR,1,,t
bondt101,BSN187706280,BSN,1,,t
bradg103,CHN187706280,CHN,1,,t
bondt101,BSN187706300,BSN,1,,t
bradg103,CHN187707040,CHN,1,,t
mcvec101,CHN187707130,CHN,1,,t
mcvec101,CHN187707140,CHN,1,,t
mcvec101,CHN187707160,CHN,1,,t
bradg103,CHN187707170,CHN,1,,t
bradg103,CHN187707180,CHN,1,,t
bradg103,CHN187707260,CHN,1,,t
bradg103,CHN187708070,CHN,1,,t
larkt101,HAR187708070,HAR,1,,t
larkt101,HAR187708080,HAR,1,,t
mcvec101,CHN187708090,CHN,1,,t
bondt101,BSN187708100,BSN,1,,t
bondt101,BSN187708110,BSN,1,,t
bradg103,CHN187708110,CHN,1,,t
bradg103,CHN187708130,CHN,1,,t
bondt101,BSN187708170,BSN,1,,t
bradg103,CHN187708170,CHN,1,,t
larkt101,HAR187708170,HAR,1,,t
bradg103,CHN187708180,CHN,1,,t
larkt101,HAR187708180,HAR,1,,t
larkt101,HAR187708200,HAR,1,,t
bondt101,BSN187708210,BSN,1,,t
larkt101,HAR187708210,HAR,1,,t
bondt101,BSN187708230,BSN,1,,t
larkt101,HAR187708230,HAR,1,,t
bondt101,BSN187708240,BSN,1,,t
bondt101,BSN187708250,BSN,1,,t
bondt101,BSN187708270,BSN,1,,t
larkt101,HAR187708270,HAR,1,,t
bondt101,BSN187708280,BSN,1,,t
larkt101,HAR187708280,HAR,1,,t
whitw103,BSN187708300,BSN,1,,t
larkt101,HAR187708310,HAR,1,,t
bondt101,BSN187709010,BSN,1,,t
whitw103,BSN187709030,BSN,1,,t
bondt101,BSN187709040,BSN,1,,t
larkt101,HAR187709040,HAR,1,,t
bondt101,BSN187709060,BSN,1,,t
bondt101,BSN187709080,BSN,1,,t
larkt101,HAR187709080,HAR,1,,t
bondt101,BSN187709110,BSN,1,,t
larkt101,HAR187709110,HAR,1,,t
larkt101,HAR187709120,HAR,1,,t
bondt101,BSN187709130,BSN,1,,t
larkt101,HAR187709140,HAR,1,,t
bondt101,BSN187709150,BSN,1,,t
larkt101,HAR187709150,HAR,1,,t
bondt101,BSN187709170,BSN,1,,t
larkt101,HAR187709180,HAR,1,,t
bondt101,BSN187709200,BSN,1,,t
larkt101,HAR187709210,HAR,1,,t
larkt101,HAR187709220,HAR,1,,t
bondt101,BSN187709260,BSN,1,,t
bondt101,BSN187709270,BSN,1,,t
bondt101,BSN187709290,BSN,1,,t
reisl101,CHN187710010,CHN,1,,t
reisl101,CHN187710020,CHN,1,,t
reisl101,CHN187710050,CHN,1,,t
reisl101,CHN187710060,CHN,1,,t
