id,game_id,team_id,field_pos,batt_ord,start
gaffj801,DTN188505010,UMP,ump_hp,,t
gaffj801,DTN188505020,UMP,ump_hp,,t
fergb101,PHI188505020,UMP,ump_hp,,t
gaffj801,DTN188505040,UMP,ump_hp,,t
fergb101,PHI188505040,UMP,ump_hp,,t
fergb101,PHI188505050,UMP,ump_hp,,t
fergb101,PHI188505060,UMP,ump_hp,,t
gaffj801,BFN188505080,UMP,ump_hp,,t
cushc801,DTN188505080,UMP,ump_hp,,t
fergb101,PHI188505080,UMP,ump_hp,,t
fergb101,PHI188505090,UMP,ump_hp,,t
decks901,BSN188505110,UMP,ump_hp,,t
cushc801,PHI188505110,UMP,ump_hp,,t
gaffj801,PRO188505110,UMP,ump_hp,,t
decks901,BSN188505120,UMP,ump_hp,,t
cushc801,PHI188505120,UMP,ump_hp,,t
gaffj801,PRO188505120,UMP,ump_hp,,t
gaffj801,BSN188505130,UMP,ump_hp,,t
cushc801,PHI188505130,UMP,ump_hp,,t
decks901,PRO188505130,UMP,ump_hp,,t
cushc801,PHI188505140,UMP,ump_hp,,t
decks901,BSN188505150,UMP,ump_hp,,t
fergb101,PHI188505150,UMP,ump_hp,,t
gaffj801,PRO188505150,UMP,ump_hp,,t
decks901,BSN188505160,UMP,ump_hp,,t
fergb101,PHI188505160,UMP,ump_hp,,t
gaffj801,PRO188505160,UMP,ump_hp,,t
cushc801,PHI188505180,UMP,ump_hp,,t
gaffj801,BSN188505190,UMP,ump_hp,,t
cushc801,PHI188505190,UMP,ump_hp,,t
decks901,PRO188505190,UMP,ump_hp,,t
gaffj801,BSN188505200,UMP,ump_hp,,t
decks901,PRO188505200,UMP,ump_hp,,t
decks901,BSN188505210,UMP,ump_hp,,t
cushc801,PHI188505210,UMP,ump_hp,,t
gaffj801,PRO188505210,UMP,ump_hp,,t
decks901,BSN188505220,UMP,ump_hp,,t
cushc801,PHI188505220,UMP,ump_hp,,t
gaffj801,PRO188505220,UMP,ump_hp,,t
fergb101,PHI188505230,UMP,ump_hp,,t
gaffj801,BSN188505250,UMP,ump_hp,,t
cushc801,PHI188505250,UMP,ump_hp,,t
decks901,PRO188505250,UMP,ump_hp,,t
gaffj801,BSN188505260,UMP,ump_hp,,t
decks901,PRO188505260,UMP,ump_hp,,t
decks901,BSN188505270,UMP,ump_hp,,t
fergb101,PHI188505270,UMP,ump_hp,,t
gaffj801,PRO188505270,UMP,ump_hp,,t
decks901,BSN188505280,UMP,ump_hp,,t
fergb101,PHI188505280,UMP,ump_hp,,t
gaffj801,PRO188505280,UMP,ump_hp,,t
cushc801,PHI188505290,UMP,ump_hp,,t
cushc801,PHI188505300,UMP,ump_hp,,t
fergb101,BSN188505300,UMP,ump_hp,,t
gaffj801,PRO188505301,UMP,ump_hp,,t
gaffj801,PRO188505302,UMP,ump_hp,,t
fergb101,BFN188506010,UMP,ump_hp,,t
gaffj801,DTN188506010,UMP,ump_hp,,t
decks901,PHI188506010,UMP,ump_hp,,t
fergb101,BFN188506020,UMP,ump_hp,,t
gaffj801,DTN188506020,UMP,ump_hp,,t
cushc801,PRO188506020,UMP,ump_hp,,t
cushc801,BSN188506030,UMP,ump_hp,,t
fergb101,BFN188506030,UMP,ump_hp,,t
decks901,PHI188506030,UMP,ump_hp,,t
fergb101,BFN188506040,UMP,ump_hp,,t
gaffj801,DTN188506040,UMP,ump_hp,,t
gaffj801,DTN188506050,UMP,ump_hp,,t
cushc801,BSN188506060,UMP,ump_hp,,t
gaffj801,BFN188506060,UMP,ump_hp,,t
fergb101,CHN188506060,UMP,ump_hp,,t
gaffj801,BFN188506080,UMP,ump_hp,,t
fergb101,CHN188506080,UMP,ump_hp,,t
decks901,PRO188506080,UMP,ump_hp,,t
cushc801,BSN188506090,UMP,ump_hp,,t
gaffj801,BFN188506090,UMP,ump_hp,,t
fergb101,CHN188506090,UMP,ump_hp,,t
decks901,PRO188506090,UMP,ump_hp,,t
cushc801,BSN188506100,UMP,ump_hp,,t
gaffj801,BFN188506100,UMP,ump_hp,,t
fergb101,CHN188506100,UMP,ump_hp,,t
decks901,PRO188506100,UMP,ump_hp,,t
cushc801,BSN188506110,UMP,ump_hp,,t
decks901,PRO188506110,UMP,ump_hp,,t
decks901,BSN188506120,UMP,ump_hp,,t
fergb101,CHN188506120,UMP,ump_hp,,t
decks901,BSN188506130,UMP,ump_hp,,t
fergb101,CHN188506130,UMP,ump_hp,,t
cushc801,PRO188506130,UMP,ump_hp,,t
cushc801,BSN188506150,UMP,ump_hp,,t
fergb101,CHN188506150,UMP,ump_hp,,t
decks901,PRO188506150,UMP,ump_hp,,t
fergb101,CHN188506160,UMP,ump_hp,,t
decks901,PRO188506160,UMP,ump_hp,,t
fergb101,CHN188506170,UMP,ump_hp,,t
cushc801,BSN188506171,UMP,ump_hp,,t
decks901,BSN188506172,UMP,ump_hp,,t
cushc801,PRO188506170,UMP,ump_hp,,t
fergb101,CHN188506180,UMP,ump_hp,,t
cushc801,PRO188506180,UMP,ump_hp,,t
fergb101,CHN188506190,UMP,ump_hp,,t
kellk102,PHI188506190,UMP,ump_hp,,t
cushc801,PRO188506190,UMP,ump_hp,,t
cushc801,BSN188506200,UMP,ump_hp,,t
fergb101,CHN188506200,UMP,ump_hp,,t
fergb101,BFN188506230,UMP,ump_hp,,t
cushc801,CHN188506230,UMP,ump_hp,,t
gaffj801,DTN188506230,UMP,ump_hp,,t
fergb101,BFN188506240,UMP,ump_hp,,t
cushc801,CHN188506240,UMP,ump_hp,,t
gaffj801,DTN188506240,UMP,ump_hp,,t
fergb101,BFN188506250,UMP,ump_hp,,t
cushc801,CHN188506250,UMP,ump_hp,,t
gaffj801,DTN188506250,UMP,ump_hp,,t
fergb101,BFN188506260,UMP,ump_hp,,t
cushc801,CHN188506260,UMP,ump_hp,,t
fergb101,BFN188506270,UMP,ump_hp,,t
cushc801,CHN188506270,UMP,ump_hp,,t
sulld901,BFN188506290,UMP,ump_hp,,t
cushc801,CHN188506290,UMP,ump_hp,,t
gaffj801,DTN188506290,UMP,ump_hp,,t
sulld901,BFN188506300,UMP,ump_hp,,t
cushc801,CHN188506300,UMP,ump_hp,,t
gaffj801,DTN188506300,UMP,ump_hp,,t
sulld901,BFN188507010,UMP,ump_hp,,t
cushc801,CHN188507010,UMP,ump_hp,,t
gaffj801,DTN188507010,UMP,ump_hp,,t
gaffj801,DTN188507020,UMP,ump_hp,,t
gaffj801,BFN188507030,UMP,ump_hp,,t
fergb101,CHN188507030,UMP,ump_hp,,t
sulld901,DTN188507030,UMP,ump_hp,,t
gaffj801,BFN188507041,UMP,ump_hp,,t
gaffj801,BFN188507042,UMP,ump_hp,,t
fergb101,CHN188507041,UMP,ump_hp,,t
fergb101,CHN188507042,UMP,ump_hp,,t
sulld901,DTN188507041,UMP,ump_hp,,t
sulld901,DTN188507042,UMP,ump_hp,,t
gaffj801,BFN188507060,UMP,ump_hp,,t
fergb101,CHN188507060,UMP,ump_hp,,t
sulld901,DTN188507070,UMP,ump_hp,,t
fergb101,BFN188507080,UMP,ump_hp,,t
gaffj801,CHN188507080,UMP,ump_hp,,t
sulld901,DTN188507080,UMP,ump_hp,,t
fergb101,BFN188507090,UMP,ump_hp,,t
gaffj801,CHN188507090,UMP,ump_hp,,t
sulld901,DTN188507090,UMP,ump_hp,,t
fergb101,BFN188507100,UMP,ump_hp,,t
gaffj801,CHN188507100,UMP,ump_hp,,t
sulld901,DTN188507100,UMP,ump_hp,,t
fergb101,BFN188507110,UMP,ump_hp,,t
gaffj801,CHN188507110,UMP,ump_hp,,t
sulld901,DTN188507110,UMP,ump_hp,,t
mccoj103,BFN188507130,UMP,ump_hp,,t
fergb101,DTN188507130,UMP,ump_hp,,t
gunnt101,PHI188507130,UMP,ump_hp,,t
gaffj801,BFN188507140,UMP,ump_hp,,t
fergb101,DTN188507140,UMP,ump_hp,,t
sulld901,PHI188507140,UMP,ump_hp,,t
gaffj801,BFN188507150,UMP,ump_hp,,t
fergb101,DTN188507150,UMP,ump_hp,,t
fergb101,DTN188507160,UMP,ump_hp,,t
sulld901,PHI188507160,UMP,ump_hp,,t
gaffj801,BFN188507161,UMP,ump_hp,,t
gaffj801,BFN188507162,UMP,ump_hp,,t
sulld901,PHI188507170,UMP,ump_hp,,t
sulld901,BSN188507180,UMP,ump_hp,,t
gaffj801,PHI188507180,UMP,ump_hp,,t
connt103,PRO188507180,UMP,ump_hp,,t
sulld901,BSN188507200,UMP,ump_hp,,t
gaffj801,PHI188507200,UMP,ump_hp,,t
bondt101,PRO188507200,UMP,ump_hp,,t
sulld901,BSN188507210,UMP,ump_hp,,t
gaffj801,PHI188507210,UMP,ump_hp,,t
sulld901,BSN188507220,UMP,ump_hp,,t
gaffj801,PHI188507220,UMP,ump_hp,,t
bondt101,PRO188507220,UMP,ump_hp,,t
sulld901,BSN188507230,UMP,ump_hp,,t
fergb101,PHI188507230,UMP,ump_hp,,t
bondt101,PRO188507230,UMP,ump_hp,,t
sulld901,BSN188507240,UMP,ump_hp,,t
sulld901,BSN188507250,UMP,ump_hp,,t
fergb101,PHI188507250,UMP,ump_hp,,t
sulld901,BSN188507270,UMP,ump_hp,,t
gaffj801,PHI188507270,UMP,ump_hp,,t
bondt101,PRO188507270,UMP,ump_hp,,t
sulld901,BSN188507280,UMP,ump_hp,,t
gaffj801,PHI188507280,UMP,ump_hp,,t
bondt101,PRO188507280,UMP,ump_hp,,t
sulld901,BSN188507290,UMP,ump_hp,,t
bondt101,PRO188507290,UMP,ump_hp,,t
fergb101,BSN188507300,UMP,ump_hp,,t
gaffj801,PHI188507300,UMP,ump_hp,,t
sulld901,PRO188507300,UMP,ump_hp,,t
fergb101,BSN188507310,UMP,ump_hp,,t
gaffj801,PHI188507310,UMP,ump_hp,,t
sulld901,PRO188507310,UMP,ump_hp,,t
sulld901,BSN188508010,UMP,ump_hp,,t
bondt101,PHI188508010,UMP,ump_hp,,t
fergb101,PRO188508010,UMP,ump_hp,,t
sulld901,BSN188508030,UMP,ump_hp,,t
fergb101,PRO188508030,UMP,ump_hp,,t
fergb101,BSN188508040,UMP,ump_hp,,t
gaffj801,PHI188508040,UMP,ump_hp,,t
sulld901,PRO188508040,UMP,ump_hp,,t
fergb101,BSN188508050,UMP,ump_hp,,t
gaffj801,PHI188508050,UMP,ump_hp,,t
sulld901,PRO188508050,UMP,ump_hp,,t
sulld901,BSN188508060,UMP,ump_hp,,t
currw101,PHI188508060,UMP,ump_hp,,t
fergb101,PRO188508060,UMP,ump_hp,,t
sulld901,BSN188508070,UMP,ump_hp,,t
fergb101,PRO188508070,UMP,ump_hp,,t
sulld901,BSN188508080,UMP,ump_hp,,t
currw101,PHI188508080,UMP,ump_hp,,t
currw101,PHI188508100,UMP,ump_hp,,t
fergb101,BSN188508110,UMP,ump_hp,,t
bondt101,BFN188508110,UMP,ump_hp,,t
currw101,PRO188508110,UMP,ump_hp,,t
fergb101,BSN188508120,UMP,ump_hp,,t
sulld901,BFN188508120,UMP,ump_hp,,t
bondt101,DTN188508120,UMP,ump_hp,,t
currw101,PRO188508120,UMP,ump_hp,,t
fergb101,BSN188508130,UMP,ump_hp,,t
sulld901,BFN188508130,UMP,ump_hp,,t
bondt101,DTN188508130,UMP,ump_hp,,t
currw101,PRO188508130,UMP,ump_hp,,t
sulld901,BFN188508140,UMP,ump_hp,,t
bondt101,DTN188508140,UMP,ump_hp,,t
fergb101,BSN188508150,UMP,ump_hp,,t
sulld901,BFN188508150,UMP,ump_hp,,t
chiph901,DTN188508150,UMP,ump_hp,,t
currw101,PRO188508150,UMP,ump_hp,,t
sulld901,CHN188508180,UMP,ump_hp,,t
gaffj801,DTN188508180,UMP,ump_hp,,t
currw101,PRO188508180,UMP,ump_hp,,t
currw101,BSN188508190,UMP,ump_hp,,t
sulld901,CHN188508190,UMP,ump_hp,,t
gaffj801,DTN188508190,UMP,ump_hp,,t
fergb101,PHI188508190,UMP,ump_hp,,t
sulld901,CHN188508200,UMP,ump_hp,,t
gaffj801,DTN188508200,UMP,ump_hp,,t
fergb101,PHI188508200,UMP,ump_hp,,t
currw101,PRO188508200,UMP,ump_hp,,t
gaffj801,DTN188508210,UMP,ump_hp,,t
currw101,BSN188508220,UMP,ump_hp,,t
sulld901,CHN188508220,UMP,ump_hp,,t
gaffj801,DTN188508220,UMP,ump_hp,,t
currw101,PHI188508240,UMP,ump_hp,,t
gaffj801,CHN188508250,UMP,ump_hp,,t
gaffj801,CHN188508260,UMP,ump_hp,,t
currw101,PHI188508260,UMP,ump_hp,,t
gaffj801,CHN188508270,UMP,ump_hp,,t
currw101,PHI188508270,UMP,ump_hp,,t
currw101,PHI188508280,UMP,ump_hp,,t
currw101,PHI188508290,UMP,ump_hp,,t
fergb101,BSN188508310,UMP,ump_hp,,t
gaffj801,CHN188508310,UMP,ump_hp,,t
currw101,PHI188508310,UMP,ump_hp,,t
gaffj801,CHN188509010,UMP,ump_hp,,t
fergb101,PRO188509010,UMP,ump_hp,,t
fergb101,BSN188509020,UMP,ump_hp,,t
gaffj801,CHN188509020,UMP,ump_hp,,t
fergb101,BSN188509030,UMP,ump_hp,,t
gaffj801,CHN188509030,UMP,ump_hp,,t
gaffj801,BFN188509040,UMP,ump_hp,,t
fergb101,BSN188509050,UMP,ump_hp,,t
gaffj801,CHN188509050,UMP,ump_hp,,t
currw101,PHI188509050,UMP,ump_hp,,t
fergb101,BSN188509070,UMP,ump_hp,,t
currw101,PHI188509070,UMP,ump_hp,,t
fergb101,BSN188509080,UMP,ump_hp,,t
currw101,PRO188509080,UMP,ump_hp,,t
fergb101,BSN188509090,UMP,ump_hp,,t
currw101,PRO188509090,UMP,ump_hp,,t
fergb101,BSN188509100,UMP,ump_hp,,t
sulld901,BFN188509100,UMP,ump_hp,,t
sulld901,BFN188509110,UMP,ump_hp,,t
fergb101,BSN188509120,UMP,ump_hp,,t
sulld901,BFN188509121,UMP,ump_hp,,t
sulld901,BFN188509122,UMP,ump_hp,,t
gaffj801,BFN188509150,UMP,ump_hp,,t
currw101,CHN188509150,UMP,ump_hp,,t
fergb101,DTN188509150,UMP,ump_hp,,t
gaffj801,BFN188509160,UMP,ump_hp,,t
currw101,CHN188509160,UMP,ump_hp,,t
fergb101,DTN188509160,UMP,ump_hp,,t
gaffj801,BFN188509170,UMP,ump_hp,,t
currw101,CHN188509170,UMP,ump_hp,,t
fergb101,DTN188509170,UMP,ump_hp,,t
gaffj801,BFN188509190,UMP,ump_hp,,t
sulld901,CHN188509190,UMP,ump_hp,,t
fergb101,DTN188509190,UMP,ump_hp,,t
fergb101,BFN188509210,UMP,ump_hp,,t
gaffj801,CHN188509220,UMP,ump_hp,,t
sulld901,DTN188509220,UMP,ump_hp,,t
gaffj801,CHN188509230,UMP,ump_hp,,t
sulld901,DTN188509230,UMP,ump_hp,,t
gaffj801,CHN188509240,UMP,ump_hp,,t
sulld901,DTN188509240,UMP,ump_hp,,t
gaffj801,PRO188509250,UMP,ump_hp,,t
gaffj801,CHN188509260,UMP,ump_hp,,t
sulld901,DTN188509260,UMP,ump_hp,,t
sulld901,DTN188509280,UMP,ump_hp,,t
fergb101,BFN188509290,UMP,ump_hp,,t
currw101,CHN188509290,UMP,ump_hp,,t
sulld901,DTN188509290,UMP,ump_hp,,t
fergb101,BFN188509300,UMP,ump_hp,,t
currw101,CHN188509300,UMP,ump_hp,,t
sulld901,DTN188509300,UMP,ump_hp,,t
fergb101,BFN188510010,UMP,ump_hp,,t
currw101,CHN188510010,UMP,ump_hp,,t
sulld901,DTN188510010,UMP,ump_hp,,t
fergb101,BFN188510030,UMP,ump_hp,,t
currw101,CHN188510030,UMP,ump_hp,,t
gaffj801,CHN188510060,UMP,ump_hp,,t
fergb101,DTN188510060,UMP,ump_hp,,t
fergb101,DTN188510070,UMP,ump_hp,,t
sulld901,BFN188510071,UMP,ump_hp,,t
sulld901,BFN188510072,UMP,ump_hp,,t
gaffj801,CHN188510080,UMP,ump_hp,,t
fergb101,DTN188510080,UMP,ump_hp,,t
gaffj801,CHN188510090,UMP,ump_hp,,t
fergb101,DTN188510090,UMP,ump_hp,,t
gaffj801,CHN188510100,UMP,ump_hp,,t
sulld901,BFN188510101,UMP,ump_hp,,t
sulld901,BFN188510102,UMP,ump_hp,,t
galvj103,DTN188505010,BFN,manager,,t
galvj103,DTN188505010,BFN,1,,t
galvj103,DTN188505020,BFN,manager,,t
bancf801,PHI188505020,PRO,manager,,t
galvj103,DTN188505040,BFN,manager,,t
galvj103,DTN188505040,BFN,1,,t
morrj107,PHI188505040,BSN,manager,,t
morrj107,PHI188505050,BSN,manager,,t
bancf801,PHI188505060,PRO,manager,,t
ansoc101,BFN188505080,CHN,manager,,t
dunlf101,DTN188505080,SL5,manager,,t
morrj107,PHI188505080,BSN,manager,,t
morrj107,PHI188505090,BSN,manager,,t
dunlf101,BSN188505110,SL5,manager,,t
mortc101,PHI188505110,DTN,manager,,t
galvj103,PRO188505110,BFN,manager,,t
galvj103,PRO188505110,BFN,1,,t
dunlf101,BSN188505120,SL5,manager,,t
mortc101,PHI188505120,DTN,manager,,t
galvj103,PRO188505120,BFN,manager,,t
galvj103,BSN188505130,BFN,manager,,t
ansoc101,PHI188505130,CHN,manager,,t
dunlf101,PRO188505130,SL5,manager,,t
ansoc101,PHI188505140,CHN,manager,,t
dunlf101,BSN188505150,SL5,manager,,t
mortc101,PHI188505150,DTN,manager,,t
galvj103,PRO188505150,BFN,manager,,t
dunlf101,BSN188505160,SL5,manager,,t
mortc101,PHI188505160,DTN,manager,,t
galvj103,PRO188505160,BFN,manager,,t
galvj103,PRO188505160,BFN,1,,t
ansoc101,PHI188505180,CHN,manager,,t
galvj103,BSN188505190,BFN,manager,,t
galvj103,BSN188505190,BFN,1,,t
ansoc101,PHI188505190,CHN,manager,,t
dunlf101,PRO188505190,SL5,manager,,t
galvj103,BSN188505200,BFN,manager,,t
dunlf101,PRO188505200,SL5,manager,,t
mortc101,BSN188505210,DTN,manager,,t
dunlf101,PHI188505210,SL5,manager,,t
ansoc101,PRO188505210,CHN,manager,,t
mortc101,BSN188505220,DTN,manager,,t
dunlf101,PHI188505220,SL5,manager,,t
ansoc101,PRO188505220,CHN,manager,,t
galvj103,PHI188505230,BFN,manager,,t
galvj103,PHI188505230,BFN,1,,t
ansoc101,BSN188505250,CHN,manager,,t
galvj103,PHI188505250,BFN,manager,,t
galvj103,PHI188505250,BFN,1,,t
mortc101,PRO188505250,DTN,manager,,t
ansoc101,BSN188505260,CHN,manager,,t
mortc101,PRO188505260,DTN,manager,,t
mortc101,BSN188505270,DTN,manager,,t
dunlf101,PHI188505270,SL5,manager,,t
ansoc101,PRO188505270,CHN,manager,,t
ansoc101,BSN188505280,CHN,manager,,t
dunlf101,PHI188505280,SL5,manager,,t
mortc101,PRO188505280,DTN,manager,,t
galvj103,PHI188505290,BFN,manager,,t
galvj103,PHI188505290,BFN,1,,t
galvj103,PHI188505300,BFN,manager,,t
mortc101,BSN188505300,DTN,manager,,t
ansoc101,PRO188505301,CHN,manager,,t
mortc101,PRO188505302,DTN,manager,,t
dunlf101,BFN188506010,SL5,manager,,t
ansoc101,DTN188506010,CHN,manager,,t
mutrj801,PHI188506010,NY1,manager,,t
dunlf101,BFN188506020,SL5,manager,,t
ansoc101,DTN188506020,CHN,manager,,t
morrj107,PRO188506020,BSN,manager,,t
bancf801,BSN188506030,PRO,manager,,t
dunlf101,BFN188506030,SL5,manager,,t
mutrj801,PHI188506030,NY1,manager,,t
dunlf101,BFN188506040,SL5,manager,,t
ansoc101,DTN188506040,CHN,manager,,t
ansoc101,DTN188506050,CHN,manager,,t
bancf801,BSN188506060,PRO,manager,,t
mortc101,BFN188506060,DTN,manager,,t
dunlf101,CHN188506060,SL5,manager,,t
mortc101,BFN188506080,DTN,manager,,t
dunlf101,CHN188506080,SL5,manager,,t
wrigh101,PRO188506080,PHI,manager,,t
mutrj801,BSN188506090,NY1,manager,,t
mortc101,BFN188506090,DTN,manager,,t
dunlf101,CHN188506090,SL5,manager,,t
wrigh101,PRO188506090,PHI,manager,,t
wrigh101,BSN188506100,PHI,manager,,t
mortc101,BFN188506100,DTN,manager,,t
dunlf101,CHN188506100,SL5,manager,,t
mutrj801,PRO188506100,NY1,manager,,t
wrigh101,BSN188506110,PHI,manager,,t
mutrj801,PRO188506110,NY1,manager,,t
mutrj801,BSN188506120,NY1,manager,,t
mortc101,CHN188506120,DTN,manager,,t
mutrj801,BSN188506130,NY1,manager,,t
mortc101,CHN188506130,DTN,manager,,t
wrigh101,PRO188506130,PHI,manager,,t
wrigh101,BSN188506150,PHI,manager,,t
mortc101,CHN188506150,DTN,manager,,t
mutrj801,PRO188506150,NY1,manager,,t
mortc101,CHN188506160,DTN,manager,,t
mutrj801,PRO188506160,NY1,manager,,t
chapj102,CHN188506170,BFN,manager,,t
wrigh101,BSN188506171,PHI,manager,,t
mutrj801,BSN188506172,NY1,manager,,t
wrigh101,PRO188506170,PHI,manager,,t
chapj102,CHN188506180,BFN,manager,,t
morrj107,PRO188506180,BSN,manager,,t
chapj102,CHN188506190,BFN,manager,,t
mutrj801,PHI188506190,NY1,manager,,t
morrj107,PRO188506190,BSN,manager,,t
bancf801,BSN188506200,PRO,manager,,t
chapj102,CHN188506200,BFN,manager,,t
mutrj801,BFN188506230,NY1,manager,,t
wrigh101,CHN188506230,PHI,manager,,t
bancf801,DTN188506230,PRO,manager,,t
mutrj801,BFN188506240,NY1,manager,,t
wrigh101,CHN188506240,PHI,manager,,t
bancf801,DTN188506240,PRO,manager,,t
mutrj801,BFN188506250,NY1,manager,,t
wrigh101,CHN188506250,PHI,manager,,t
bancf801,DTN188506250,PRO,manager,,t
mutrj801,BFN188506260,NY1,manager,,t
wrigh101,CHN188506260,PHI,manager,,t
bancf801,BFN188506270,PRO,manager,,t
morrj107,CHN188506270,BSN,manager,,t
bancf801,BFN188506290,PRO,manager,,t
morrj107,CHN188506290,BSN,manager,,t
mutrj801,DTN188506290,NY1,manager,,t
bancf801,BFN188506300,PRO,manager,,t
morrj107,CHN188506300,BSN,manager,,t
mutrj801,DTN188506300,NY1,manager,,t
bancf801,BFN188507010,PRO,manager,,t
morrj107,CHN188507010,BSN,manager,,t
mutrj801,DTN188507010,NY1,manager,,t
mutrj801,DTN188507020,NY1,manager,,t
wrigh101,BFN188507030,PHI,manager,,t
mutrj801,CHN188507030,NY1,manager,,t
morrj107,DTN188507030,BSN,manager,,t
wrigh101,BFN188507041,PHI,manager,,t
wrigh101,BFN188507042,PHI,manager,,t
mutrj801,CHN188507041,NY1,manager,,t
mutrj801,CHN188507042,NY1,manager,,t
morrj107,DTN188507041,BSN,manager,,t
morrj107,DTN188507042,BSN,manager,,t
wrigh101,BFN188507060,PHI,manager,,t
mutrj801,CHN188507060,NY1,manager,,t
morrj107,DTN188507070,BSN,manager,,t
morrj107,BFN188507080,BSN,manager,,t
bancf801,CHN188507080,PRO,manager,,t
wrigh101,DTN188507080,PHI,manager,,t
morrj107,BFN188507090,BSN,manager,,t
bancf801,CHN188507090,PRO,manager,,t
wrigh101,DTN188507090,PHI,manager,,t
morrj107,BFN188507100,BSN,manager,,t
bancf801,CHN188507100,PRO,manager,,t
wrigh101,DTN188507100,PHI,manager,,t
morrj107,BFN188507110,BSN,manager,,t
bancf801,CHN188507110,PRO,manager,,t
wrigh101,DTN188507110,PHI,manager,,t
ansoc101,BFN188507130,CHN,manager,,t
mckia101,DTN188507130,SL5,manager,,t
morrj107,PHI188507130,BSN,manager,,t
ansoc101,BFN188507140,CHN,manager,,t
mckia101,DTN188507140,SL5,manager,,t
morrj107,PHI188507140,BSN,manager,,t
ansoc101,BFN188507150,CHN,manager,,t
mckia101,DTN188507150,SL5,manager,,t
mckia101,DTN188507160,SL5,manager,,t
bancf801,PHI188507160,PRO,manager,,t
ansoc101,BFN188507161,CHN,manager,,t
ansoc101,BFN188507162,CHN,manager,,t
bancf801,PHI188507170,PRO,manager,,t
ansoc101,BSN188507180,CHN,manager,,t
watkb101,PHI188507180,DTN,manager,,t
chapj102,PRO188507180,BFN,manager,,t
ansoc101,BSN188507200,CHN,manager,,t
watkb101,PHI188507200,DTN,manager,,t
chapj102,PRO188507200,BFN,manager,,t
chapj102,BSN188507210,BFN,manager,,t
mckia101,PHI188507210,SL5,manager,,t
chapj102,BSN188507220,BFN,manager,,t
mckia101,PHI188507220,SL5,manager,,t
ansoc101,PRO188507220,CHN,manager,,t
ansoc101,BSN188507230,CHN,manager,,t
watkb101,PHI188507230,DTN,manager,,t
chapj102,PRO188507230,BFN,manager,,t
ansoc101,BSN188507240,CHN,manager,,t
chapj102,BSN188507250,BFN,manager,,t
watkb101,PHI188507250,DTN,manager,,t
chapj102,BSN188507270,BFN,manager,,t
mckia101,PHI188507270,SL5,manager,,t
ansoc101,PRO188507270,CHN,manager,,t
ansoc101,BSN188507280,CHN,manager,,t
mckia101,PHI188507280,SL5,manager,,t
chapj102,PRO188507280,BFN,manager,,t
chapj102,BSN188507290,BFN,manager,,t
ansoc101,PRO188507290,CHN,manager,,t
watkb101,BSN188507300,DTN,manager,,t
ansoc101,PHI188507300,CHN,manager,,t
mckia101,PRO188507300,SL5,manager,,t
watkb101,BSN188507310,DTN,manager,,t
ansoc101,PHI188507310,CHN,manager,,t
mckia101,PRO188507310,SL5,manager,,t
mckia101,BSN188508010,SL5,manager,,t
chapj102,PHI188508010,BFN,manager,,t
watkb101,PRO188508010,DTN,manager,,t
mckia101,BSN188508030,SL5,manager,,t
watkb101,PRO188508030,DTN,manager,,t
watkb101,BSN188508040,DTN,manager,,t
ansoc101,PHI188508040,CHN,manager,,t
mckia101,PRO188508040,SL5,manager,,t
watkb101,BSN188508050,DTN,manager,,t
ansoc101,PHI188508050,CHN,manager,,t
mckia101,PRO188508050,SL5,manager,,t
mckia101,BSN188508060,SL5,manager,,t
chapj102,PHI188508060,BFN,manager,,t
watkb101,PRO188508060,DTN,manager,,t
mckia101,BSN188508070,SL5,manager,,t
watkb101,PRO188508070,DTN,manager,,t
mckia101,BSN188508080,SL5,manager,,t
chapj102,PHI188508080,BFN,manager,,t
chapj102,PHI188508100,BFN,manager,,t
mutrj801,BSN188508110,NY1,manager,,t
ansoc101,BFN188508110,CHN,manager,,t
wrigh101,PRO188508110,PHI,manager,,t
mutrj801,BSN188508120,NY1,manager,,t
mckia101,BFN188508120,SL5,manager,,t
ansoc101,DTN188508120,CHN,manager,,t
wrigh101,PRO188508120,PHI,manager,,t
wrigh101,BSN188508130,PHI,manager,,t
mckia101,BFN188508130,SL5,manager,,t
ansoc101,DTN188508130,CHN,manager,,t
mutrj801,PRO188508130,NY1,manager,,t
mckia101,BFN188508140,SL5,manager,,t
ansoc101,DTN188508140,CHN,manager,,t
wrigh101,BSN188508150,PHI,manager,,t
mckia101,BFN188508150,SL5,manager,,t
ansoc101,DTN188508150,CHN,manager,,t
mutrj801,PRO188508150,NY1,manager,,t
mckia101,CHN188508180,SL5,manager,,t
chapj102,DTN188508180,BFN,manager,,t
morrj107,PRO188508180,BSN,manager,,t
bancf801,BSN188508190,PRO,manager,,t
mckia101,CHN188508190,SL5,manager,,t
chapj102,DTN188508190,BFN,manager,,t
mutrj801,PHI188508190,NY1,manager,,t
mckia101,CHN188508200,SL5,manager,,t
chapj102,DTN188508200,BFN,manager,,t
mutrj801,PHI188508200,NY1,manager,,t
morrj107,PRO188508200,BSN,manager,,t
chapj102,DTN188508210,BFN,manager,,t
bancf801,BSN188508220,PRO,manager,,t
mckia101,CHN188508220,SL5,manager,,t
chapj102,DTN188508220,BFN,manager,,t
morrj107,PHI188508240,BSN,manager,,t
watkb101,CHN188508250,DTN,manager,,t
watkb101,CHN188508260,DTN,manager,,t
morrj107,PHI188508260,BSN,manager,,t
watkb101,CHN188508270,DTN,manager,,t
bancf801,PHI188508270,PRO,manager,,t
bancf801,PHI188508280,PRO,manager,,t
bancf801,PHI188508290,PRO,manager,,t
bancf801,BSN188508310,PRO,manager,,t
watkb101,CHN188508310,DTN,manager,,t
mutrj801,PHI188508310,NY1,manager,,t
chapj102,CHN188509010,BFN,manager,,t
morrj107,PRO188509010,BSN,manager,,t
bancf801,BSN188509020,PRO,manager,,t
chapj102,CHN188509020,BFN,manager,,t
bancf801,BSN188509030,PRO,manager,,t
chapj102,CHN188509030,BFN,manager,,t
ansoc101,BFN188509040,CHN,manager,,t
bancf801,BSN188509050,PRO,manager,,t
chapj102,CHN188509050,BFN,manager,,t
mutrj801,PHI188509050,NY1,manager,,t
bancf801,BSN188509070,PRO,manager,,t
mutrj801,PHI188509070,NY1,manager,,t
mutrj801,BSN188509080,NY1,manager,,t
wrigh101,PRO188509080,PHI,manager,,t
mutrj801,BSN188509090,NY1,manager,,t
wrigh101,PRO188509090,PHI,manager,,t
wrigh101,BSN188509100,PHI,manager,,t
watkb101,BFN188509100,DTN,manager,,t
watkb101,BFN188509110,DTN,manager,,t
wrigh101,BSN188509120,PHI,manager,,t
watkb101,BFN188509121,DTN,manager,,t
watkb101,BFN188509122,DTN,manager,,t
wrigh101,BFN188509150,PHI,manager,,t
morrj107,CHN188509150,BSN,manager,,t
mutrj801,DTN188509150,NY1,manager,,t
wrigh101,BFN188509160,PHI,manager,,t
morrj107,CHN188509160,BSN,manager,,t
mutrj801,DTN188509160,NY1,manager,,t
wrigh101,BFN188509170,PHI,manager,,t
morrj107,CHN188509170,BSN,manager,,t
mutrj801,DTN188509170,NY1,manager,,t
wrigh101,BFN188509190,PHI,manager,,t
morrj107,CHN188509190,BSN,manager,,t
mutrj801,DTN188509190,NY1,manager,,t
mutrj801,BFN188509210,NY1,manager,,t
bancf801,CHN188509220,PRO,manager,,t
wrigh101,DTN188509220,PHI,manager,,t
bancf801,CHN188509230,PRO,manager,,t
wrigh101,DTN188509230,PHI,manager,,t
bancf801,CHN188509240,PRO,manager,,t
wrigh101,DTN188509240,PHI,manager,,t
ansoc101,PRO188509250,CHN,manager,,t
bancf801,CHN188509260,PRO,manager,,t
wrigh101,DTN188509260,PHI,manager,,t
bancf801,DTN188509280,PRO,manager,,t
morrj107,BFN188509290,BSN,manager,,t
mutrj801,CHN188509290,NY1,manager,,t
bancf801,DTN188509290,PRO,manager,,t
morrj107,BFN188509300,BSN,manager,,t
mutrj801,CHN188509300,NY1,manager,,t
bancf801,DTN188509300,PRO,manager,,t
morrj107,BFN188510010,BSN,manager,,t
mutrj801,CHN188510010,NY1,manager,,t
bancf801,DTN188510010,PRO,manager,,t
morrj107,BFN188510030,BSN,manager,,t
mutrj801,CHN188510030,NY1,manager,,t
wrigh101,CHN188510060,PHI,manager,,t
morrj107,DTN188510060,BSN,manager,,t
morrj107,DTN188510070,BSN,manager,,t
bancf801,BFN188510071,PRO,manager,,t
bancf801,BFN188510072,PRO,manager,,t
wrigh101,CHN188510080,PHI,manager,,t
morrj107,DTN188510080,BSN,manager,,t
wrigh101,CHN188510090,PHI,manager,,t
morrj107,DTN188510090,BSN,manager,,t
wrigh101,CHN188510100,PHI,manager,,t
bancf801,BFN188510101,PRO,manager,,t
bancf801,BFN188510102,PRO,manager,,t
mortc101,DTN188505010,DTN,manager,,t
mortc101,DTN188505020,DTN,manager,,t
wrigh101,PHI188505020,PHI,manager,,t
mortc101,DTN188505040,DTN,manager,,t
wrigh101,PHI188505040,PHI,manager,,t
wrigh101,PHI188505050,PHI,manager,,t
wrigh101,PHI188505060,PHI,manager,,t
galvj103,BFN188505080,BFN,manager,,t
galvj103,BFN188505080,BFN,1,,t
mortc101,DTN188505080,DTN,manager,,t
wrigh101,PHI188505080,PHI,manager,,t
wrigh101,PHI188505090,PHI,manager,,t
morrj107,BSN188505110,BSN,manager,,t
wrigh101,PHI188505110,PHI,manager,,t
bancf801,PRO188505110,PRO,manager,,t
morrj107,BSN188505120,BSN,manager,,t
wrigh101,PHI188505120,PHI,manager,,t
bancf801,PRO188505120,PRO,manager,,t
morrj107,BSN188505130,BSN,manager,,t
wrigh101,PHI188505130,PHI,manager,,t
bancf801,PRO188505130,PRO,manager,,t
wrigh101,PHI188505140,PHI,manager,,t
morrj107,BSN188505150,BSN,manager,,t
wrigh101,PHI188505150,PHI,manager,,t
bancf801,PRO188505150,PRO,manager,,t
morrj107,BSN188505160,BSN,manager,,t
wrigh101,PHI188505160,PHI,manager,,t
bancf801,PRO188505160,PRO,manager,,t
wrigh101,PHI188505180,PHI,manager,,t
morrj107,BSN188505190,BSN,manager,,t
wrigh101,PHI188505190,PHI,manager,,t
bancf801,PRO188505190,PRO,manager,,t
morrj107,BSN188505200,BSN,manager,,t
bancf801,PRO188505200,PRO,manager,,t
morrj107,BSN188505210,BSN,manager,,t
wrigh101,PHI188505210,PHI,manager,,t
bancf801,PRO188505210,PRO,manager,,t
morrj107,BSN188505220,BSN,manager,,t
wrigh101,PHI188505220,PHI,manager,,t
bancf801,PRO188505220,PRO,manager,,t
wrigh101,PHI188505230,PHI,manager,,t
morrj107,BSN188505250,BSN,manager,,t
wrigh101,PHI188505250,PHI,manager,,t
bancf801,PRO188505250,PRO,manager,,t
morrj107,BSN188505260,BSN,manager,,t
bancf801,PRO188505260,PRO,manager,,t
morrj107,BSN188505270,BSN,manager,,t
wrigh101,PHI188505270,PHI,manager,,t
bancf801,PRO188505270,PRO,manager,,t
morrj107,BSN188505280,BSN,manager,,t
wrigh101,PHI188505280,PHI,manager,,t
bancf801,PRO188505280,PRO,manager,,t
wrigh101,PHI188505290,PHI,manager,,t
wrigh101,PHI188505300,PHI,manager,,t
morrj107,BSN188505300,BSN,manager,,t
bancf801,PRO188505301,PRO,manager,,t
bancf801,PRO188505302,PRO,manager,,t
galvj103,BFN188506010,BFN,manager,,t
galvj103,BFN188506010,BFN,1,,t
mortc101,DTN188506010,DTN,manager,,t
wrigh101,PHI188506010,PHI,manager,,t
galvj103,BFN188506020,BFN,manager,,t
mortc101,DTN188506020,DTN,manager,,t
bancf801,PRO188506020,PRO,manager,,t
morrj107,BSN188506030,BSN,manager,,t
galvj103,BFN188506030,BFN,manager,,t
galvj103,BFN188506030,BFN,1,,t
wrigh101,PHI188506030,PHI,manager,,t
galvj103,BFN188506040,BFN,manager,,t
galvj103,BFN188506040,BFN,1,,t
mortc101,DTN188506040,DTN,manager,,t
mortc101,DTN188506050,DTN,manager,,t
morrj107,BSN188506060,BSN,manager,,t
galvj103,BFN188506060,BFN,manager,,t
galvj103,BFN188506060,BFN,1,,t
ansoc101,CHN188506060,CHN,manager,,t
galvj103,BFN188506080,BFN,manager,,t
ansoc101,CHN188506080,CHN,manager,,t
bancf801,PRO188506080,PRO,manager,,t
morrj107,BSN188506090,BSN,manager,,t
chapj102,BFN188506090,BFN,manager,,t
ansoc101,CHN188506090,CHN,manager,,t
bancf801,PRO188506090,PRO,manager,,t
morrj107,BSN188506100,BSN,manager,,t
chapj102,BFN188506100,BFN,manager,,t
ansoc101,CHN188506100,CHN,manager,,t
bancf801,PRO188506100,PRO,manager,,t
morrj107,BSN188506110,BSN,manager,,t
bancf801,PRO188506110,PRO,manager,,t
morrj107,BSN188506120,BSN,manager,,t
ansoc101,CHN188506120,CHN,manager,,t
morrj107,BSN188506130,BSN,manager,,t
ansoc101,CHN188506130,CHN,manager,,t
bancf801,PRO188506130,PRO,manager,,t
morrj107,BSN188506150,BSN,manager,,t
ansoc101,CHN188506150,CHN,manager,,t
bancf801,PRO188506150,PRO,manager,,t
ansoc101,CHN188506160,CHN,manager,,t
bancf801,PRO188506160,PRO,manager,,t
ansoc101,CHN188506170,CHN,manager,,t
morrj107,BSN188506171,BSN,manager,,t
morrj107,BSN188506172,BSN,manager,,t
bancf801,PRO188506170,PRO,manager,,t
ansoc101,CHN188506180,CHN,manager,,t
bancf801,PRO188506180,PRO,manager,,t
ansoc101,CHN188506190,CHN,manager,,t
wrigh101,PHI188506190,PHI,manager,,t
bancf801,PRO188506190,PRO,manager,,t
morrj107,BSN188506200,BSN,manager,,t
ansoc101,CHN188506200,CHN,manager,,t
chapj102,BFN188506230,BFN,manager,,t
ansoc101,CHN188506230,CHN,manager,,t
mortc101,DTN188506230,DTN,manager,,t
chapj102,BFN188506240,BFN,manager,,t
ansoc101,CHN188506240,CHN,manager,,t
mortc101,DTN188506240,DTN,manager,,t
chapj102,BFN188506250,BFN,manager,,t
ansoc101,CHN188506250,CHN,manager,,t
watkb101,DTN188506250,DTN,manager,,t
chapj102,BFN188506260,BFN,manager,,t
ansoc101,CHN188506260,CHN,manager,,t
chapj102,BFN188506270,BFN,manager,,t
ansoc101,CHN188506270,CHN,manager,,t
chapj102,BFN188506290,BFN,manager,,t
ansoc101,CHN188506290,CHN,manager,,t
watkb101,DTN188506290,DTN,manager,,t
chapj102,BFN188506300,BFN,manager,,t
ansoc101,CHN188506300,CHN,manager,,t
watkb101,DTN188506300,DTN,manager,,t
chapj102,BFN188507010,BFN,manager,,t
ansoc101,CHN188507010,CHN,manager,,t
watkb101,DTN188507010,DTN,manager,,t
watkb101,DTN188507020,DTN,manager,,t
chapj102,BFN188507030,BFN,manager,,t
ansoc101,CHN188507030,CHN,manager,,t
watkb101,DTN188507030,DTN,manager,,t
chapj102,BFN188507041,BFN,manager,,t
chapj102,BFN188507042,BFN,manager,,t
ansoc101,CHN188507041,CHN,manager,,t
ansoc101,CHN188507042,CHN,manager,,t
watkb101,DTN188507041,DTN,manager,,t
watkb101,DTN188507042,DTN,manager,,t
chapj102,BFN188507060,BFN,manager,,t
ansoc101,CHN188507060,CHN,manager,,t
watkb101,DTN188507070,DTN,manager,,t
chapj102,BFN188507080,BFN,manager,,t
ansoc101,CHN188507080,CHN,manager,,t
watkb101,DTN188507080,DTN,manager,,t
chapj102,BFN188507090,BFN,manager,,t
ansoc101,CHN188507090,CHN,manager,,t
watkb101,DTN188507090,DTN,manager,,t
chapj102,BFN188507100,BFN,manager,,t
ansoc101,CHN188507100,CHN,manager,,t
watkb101,DTN188507100,DTN,manager,,t
chapj102,BFN188507110,BFN,manager,,t
ansoc101,CHN188507110,CHN,manager,,t
watkb101,DTN188507110,DTN,manager,,t
chapj102,BFN188507130,BFN,manager,,t
watkb101,DTN188507130,DTN,manager,,t
wrigh101,PHI188507130,PHI,manager,,t
chapj102,BFN188507140,BFN,manager,,t
watkb101,DTN188507140,DTN,manager,,t
wrigh101,PHI188507140,PHI,manager,,t
chapj102,BFN188507150,BFN,manager,,t
watkb101,DTN188507150,DTN,manager,,t
watkb101,DTN188507160,DTN,manager,,t
wrigh101,PHI188507160,PHI,manager,,t
chapj102,BFN188507161,BFN,manager,,t
chapj102,BFN188507162,BFN,manager,,t
wrigh101,PHI188507170,PHI,manager,,t
morrj107,BSN188507180,BSN,manager,,t
wrigh101,PHI188507180,PHI,manager,,t
bancf801,PRO188507180,PRO,manager,,t
morrj107,BSN188507200,BSN,manager,,t
wrigh101,PHI188507200,PHI,manager,,t
bancf801,PRO188507200,PRO,manager,,t
morrj107,BSN188507210,BSN,manager,,t
wrigh101,PHI188507210,PHI,manager,,t
morrj107,BSN188507220,BSN,manager,,t
wrigh101,PHI188507220,PHI,manager,,t
bancf801,PRO188507220,PRO,manager,,t
morrj107,BSN188507230,BSN,manager,,t
wrigh101,PHI188507230,PHI,manager,,t
bancf801,PRO188507230,PRO,manager,,t
morrj107,BSN188507240,BSN,manager,,t
morrj107,BSN188507250,BSN,manager,,t
wrigh101,PHI188507250,PHI,manager,,t
morrj107,BSN188507270,BSN,manager,,t
wrigh101,PHI188507270,PHI,manager,,t
bancf801,PRO188507270,PRO,manager,,t
morrj107,BSN188507280,BSN,manager,,t
wrigh101,PHI188507280,PHI,manager,,t
bancf801,PRO188507280,PRO,manager,,t
morrj107,BSN188507290,BSN,manager,,t
bancf801,PRO188507290,PRO,manager,,t
morrj107,BSN188507300,BSN,manager,,t
wrigh101,PHI188507300,PHI,manager,,t
bancf801,PRO188507300,PRO,manager,,t
morrj107,BSN188507310,BSN,manager,,t
wrigh101,PHI188507310,PHI,manager,,t
bancf801,PRO188507310,PRO,manager,,t
morrj107,BSN188508010,BSN,manager,,t
wrigh101,PHI188508010,PHI,manager,,t
bancf801,PRO188508010,PRO,manager,,t
morrj107,BSN188508030,BSN,manager,,t
bancf801,PRO188508030,PRO,manager,,t
morrj107,BSN188508040,BSN,manager,,t
wrigh101,PHI188508040,PHI,manager,,t
bancf801,PRO188508040,PRO,manager,,t
morrj107,BSN188508050,BSN,manager,,t
wrigh101,PHI188508050,PHI,manager,,t
bancf801,PRO188508050,PRO,manager,,t
morrj107,BSN188508060,BSN,manager,,t
wrigh101,PHI188508060,PHI,manager,,t
bancf801,PRO188508060,PRO,manager,,t
morrj107,BSN188508070,BSN,manager,,t
bancf801,PRO188508070,PRO,manager,,t
morrj107,BSN188508080,BSN,manager,,t
wrigh101,PHI188508080,PHI,manager,,t
wrigh101,PHI188508100,PHI,manager,,t
morrj107,BSN188508110,BSN,manager,,t
chapj102,BFN188508110,BFN,manager,,t
bancf801,PRO188508110,PRO,manager,,t
morrj107,BSN188508120,BSN,manager,,t
chapj102,BFN188508120,BFN,manager,,t
watkb101,DTN188508120,DTN,manager,,t
bancf801,PRO188508120,PRO,manager,,t
morrj107,BSN188508130,BSN,manager,,t
chapj102,BFN188508130,BFN,manager,,t
watkb101,DTN188508130,DTN,manager,,t
bancf801,PRO188508130,PRO,manager,,t
chapj102,BFN188508140,BFN,manager,,t
watkb101,DTN188508140,DTN,manager,,t
morrj107,BSN188508150,BSN,manager,,t
chapj102,BFN188508150,BFN,manager,,t
watkb101,DTN188508150,DTN,manager,,t
bancf801,PRO188508150,PRO,manager,,t
ansoc101,CHN188508180,CHN,manager,,t
watkb101,DTN188508180,DTN,manager,,t
bancf801,PRO188508180,PRO,manager,,t
morrj107,BSN188508190,BSN,manager,,t
ansoc101,CHN188508190,CHN,manager,,t
watkb101,DTN188508190,DTN,manager,,t
wrigh101,PHI188508190,PHI,manager,,t
ansoc101,CHN188508200,CHN,manager,,t
watkb101,DTN188508200,DTN,manager,,t
wrigh101,PHI188508200,PHI,manager,,t
bancf801,PRO188508200,PRO,manager,,t
watkb101,DTN188508210,DTN,manager,,t
morrj107,BSN188508220,BSN,manager,,t
ansoc101,CHN188508220,CHN,manager,,t
watkb101,DTN188508220,DTN,manager,,t
wrigh101,PHI188508240,PHI,manager,,t
ansoc101,CHN188508250,CHN,manager,,t
ansoc101,CHN188508260,CHN,manager,,t
wrigh101,PHI188508260,PHI,manager,,t
ansoc101,CHN188508270,CHN,manager,,t
wrigh101,PHI188508270,PHI,manager,,t
wrigh101,PHI188508280,PHI,manager,,t
wrigh101,PHI188508290,PHI,manager,,t
morrj107,BSN188508310,BSN,manager,,t
ansoc101,CHN188508310,CHN,manager,,t
wrigh101,PHI188508310,PHI,manager,,t
ansoc101,CHN188509010,CHN,manager,,t
bancf801,PRO188509010,PRO,manager,,t
morrj107,BSN188509020,BSN,manager,,t
ansoc101,CHN188509020,CHN,manager,,t
morrj107,BSN188509030,BSN,manager,,t
ansoc101,CHN188509030,CHN,manager,,t
chapj102,BFN188509040,BFN,manager,,t
morrj107,BSN188509050,BSN,manager,,t
ansoc101,CHN188509050,CHN,manager,,t
wrigh101,PHI188509050,PHI,manager,,t
morrj107,BSN188509070,BSN,manager,,t
wrigh101,PHI188509070,PHI,manager,,t
morrj107,BSN188509080,BSN,manager,,t
bancf801,PRO188509080,PRO,manager,,t
morrj107,BSN188509090,BSN,manager,,t
bancf801,PRO188509090,PRO,manager,,t
morrj107,BSN188509100,BSN,manager,,t
chapj102,BFN188509100,BFN,manager,,t
chapj102,BFN188509110,BFN,manager,,t
morrj107,BSN188509120,BSN,manager,,t
chapj102,BFN188509121,BFN,manager,,t
chapj102,BFN188509122,BFN,manager,,t
chapj102,BFN188509150,BFN,manager,,t
ansoc101,CHN188509150,CHN,manager,,t
watkb101,DTN188509150,DTN,manager,,t
chapj102,BFN188509160,BFN,manager,,t
ansoc101,CHN188509160,CHN,manager,,t
watkb101,DTN188509160,DTN,manager,,t
chapj102,BFN188509170,BFN,manager,,t
ansoc101,CHN188509170,CHN,manager,,t
watkb101,DTN188509170,DTN,manager,,t
chapj102,BFN188509190,BFN,manager,,t
ansoc101,CHN188509190,CHN,manager,,t
watkb101,DTN188509190,DTN,manager,,t
chapj102,BFN188509210,BFN,manager,,t
ansoc101,CHN188509220,CHN,manager,,t
watkb101,DTN188509220,DTN,manager,,t
ansoc101,CHN188509230,CHN,manager,,t
watkb101,DTN188509230,DTN,manager,,t
ansoc101,CHN188509240,CHN,manager,,t
watkb101,DTN188509240,DTN,manager,,t
bancf801,PRO188509250,PRO,manager,,t
ansoc101,CHN188509260,CHN,manager,,t
watkb101,DTN188509260,DTN,manager,,t
watkb101,DTN188509280,DTN,manager,,t
chapj102,BFN188509290,BFN,manager,,t
ansoc101,CHN188509290,CHN,manager,,t
watkb101,DTN188509290,DTN,manager,,t
chapj102,BFN188509300,BFN,manager,,t
ansoc101,CHN188509300,CHN,manager,,t
watkb101,DTN188509300,DTN,manager,,t
chapj102,BFN188510010,BFN,manager,,t
ansoc101,CHN188510010,CHN,manager,,t
watkb101,DTN188510010,DTN,manager,,t
chapj102,BFN188510030,BFN,manager,,t
ansoc101,CHN188510030,CHN,manager,,t
ansoc101,CHN188510060,CHN,manager,,t
watkb101,DTN188510060,DTN,manager,,t
watkb101,DTN188510070,DTN,manager,,t
chapj102,BFN188510071,BFN,manager,,t
chapj102,BFN188510072,BFN,manager,,t
ansoc101,CHN188510080,CHN,manager,,t
watkb101,DTN188510080,DTN,manager,,t
ansoc101,CHN188510090,CHN,manager,,t
watkb101,DTN188510090,DTN,manager,,t
ansoc101,CHN188510100,CHN,manager,,t
chapj102,BFN188510101,BFN,manager,,t
chapj102,BFN188510102,BFN,manager,,t
serab101,DTN188505020,BFN,1,,t
radbc101,PHI188505020,PRO,1,,t
buffc101,PHI188505040,BSN,1,,t
whitj102,PHI188505050,BSN,1,,t
mccoj103,PHI188505060,PRO,1,,t
clarj102,BFN188505080,CHN,1,,t
boylh102,DTN188505080,SL5,1,,t
whitj102,PHI188505080,BSN,1,,t
buffc101,PHI188505090,BSN,1,,t
sweec101,BSN188505110,SL5,1,,t
wieds101,PHI188505110,DTN,1,,t
boylh102,BSN188505120,SL5,1,,t
getzp101,PHI188505120,DTN,1,,t
serab101,PRO188505120,BFN,1,,t
serab101,BSN188505130,BFN,1,,t
clarj102,PHI188505130,CHN,1,,t
sweec101,PRO188505130,SL5,1,,t
corcl101,PHI188505140,CHN,1,,t
boylh102,BSN188505150,SL5,1,,t
wieds101,PHI188505150,DTN,1,,t
serab101,PRO188505150,BFN,1,,t
sweec101,BSN188505160,SL5,1,,t
getzp101,PHI188505160,DTN,1,,t
clarj102,PHI188505180,CHN,1,,t
corcl101,PHI188505190,CHN,1,,t
boylh102,PRO188505190,SL5,1,,t
serab101,BSN188505200,BFN,1,,t
sweec101,PRO188505200,SL5,1,,t
wieds101,BSN188505210,DTN,1,,t
boylh102,PHI188505210,SL5,1,,t
clarj102,PRO188505210,CHN,1,,t
meinf101,BSN188505220,DTN,1,,t
sweec101,PHI188505220,SL5,1,,t
clarj102,PRO188505220,CHN,1,,t
clarj102,BSN188505250,CHN,1,,t
wieds101,PRO188505250,DTN,1,,t
corcl101,BSN188505260,CHN,1,,t
getzp101,PRO188505260,DTN,1,,t
wieds101,BSN188505270,DTN,1,,t
boylh102,PHI188505270,SL5,1,,t
clarj102,PRO188505270,CHN,1,,t
clarj102,BSN188505280,CHN,1,,t
palmu101,PHI188505280,SL5,1,,t
getzp101,PRO188505280,DTN,1,,t
serab101,PHI188505300,BFN,1,,t
wieds101,BSN188505300,DTN,1,,t
clarj102,PRO188505301,CHN,1,,t
getzp101,PRO188505302,DTN,1,,t
palmu101,BFN188506010,SL5,1,,t
clarj102,DTN188506010,CHN,1,,t
welcm102,PHI188506010,NY1,1,,t
boylh102,BFN188506020,SL5,1,,t
clarj102,DTN188506020,CHN,1,,t
buffc101,PRO188506020,BSN,1,,t
radbc101,BSN188506030,PRO,1,,t
palmu101,BFN188506030,SL5,1,,t
welcm102,PHI188506030,NY1,1,,t
boylh102,BFN188506040,SL5,1,,t
clarj102,DTN188506040,CHN,1,,t
pfeff101,DTN188506050,CHN,1,,t
shawd101,BSN188506060,PRO,1,,t
wieds101,BFN188506060,DTN,1,,t
dailh101,CHN188506060,SL5,1,,t
getzp101,BFN188506080,DTN,1,,t
boylh102,CHN188506080,SL5,1,,t
fergc101,PRO188506080,PHI,1,,t
welcm102,BSN188506090,NY1,1,,t
wieds101,BFN188506090,DTN,1,,t
sweec101,CHN188506090,SL5,1,,t
daile101,PRO188506090,PHI,1,,t
fergc101,BSN188506100,PHI,1,,t
getzp101,BFN188506100,DTN,1,,t
dailh101,CHN188506100,SL5,1,,t
keeft101,PRO188506100,NY1,1,,t
daile101,BSN188506110,PHI,1,,t
welcm102,PRO188506110,NY1,1,,t
keeft101,BSN188506120,NY1,1,,t
wieds101,CHN188506120,DTN,1,,t
welcm102,BSN188506130,NY1,1,,t
getzp101,CHN188506130,DTN,1,,t
daile101,PRO188506130,PHI,1,,t
fergc101,BSN188506150,PHI,1,,t
wieds101,CHN188506150,DTN,1,,t
keeft101,PRO188506150,NY1,1,,t
getzp101,CHN188506160,DTN,1,,t
welcm102,PRO188506160,NY1,1,,t
serab101,CHN188506170,BFN,1,,t
fergc101,BSN188506171,PHI,1,,t
keeft101,BSN188506172,NY1,1,,t
daile101,PRO188506170,PHI,1,,t
galvj103,CHN188506180,BFN,1,,t
buffc101,PRO188506180,BSN,1,,t
galvj103,CHN188506190,BFN,1,,t
welcm102,PHI188506190,NY1,1,,t
whitj102,PRO188506190,BSN,1,,t
radbc101,BSN188506200,PRO,1,,t
serab101,CHN188506200,BFN,1,,t
welcm102,BFN188506230,NY1,1,,t
daile101,CHN188506230,PHI,1,,t
shawd101,DTN188506230,PRO,1,,t
keeft101,BFN188506240,NY1,1,,t
vintb101,CHN188506240,PHI,1,,t
radbc101,DTN188506240,PRO,1,,t
welcm102,BFN188506250,NY1,1,,t
daile101,CHN188506250,PHI,1,,t
shawd101,DTN188506250,PRO,1,,t
keeft101,BFN188506260,NY1,1,,t
daile101,CHN188506260,PHI,1,,t
radbc101,BFN188506270,PRO,1,,t
david103,CHN188506270,BSN,1,,t
shawd101,BFN188506290,PRO,1,,t
whitj102,CHN188506290,BSN,1,,t
welcm102,DTN188506290,NY1,1,,t
radbc101,BFN188506300,PRO,1,,t
buffc101,CHN188506300,BSN,1,,t
keeft101,DTN188506300,NY1,1,,t
shawd101,BFN188507010,PRO,1,,t
whitj102,CHN188507010,BSN,1,,t
welcm102,DTN188507010,NY1,1,,t
keeft101,DTN188507020,NY1,1,,t
fergc101,BFN188507030,PHI,1,,t
welcm102,CHN188507030,NY1,1,,t
whitj102,DTN188507030,BSN,1,,t
vintb101,BFN188507041,PHI,1,,t
fergc101,BFN188507042,PHI,1,,t
keeft101,CHN188507041,NY1,1,,t
richd101,CHN188507042,NY1,1,,t
buffc101,DTN188507041,BSN,1,,t
whitj102,DTN188507042,BSN,1,,t
fergc101,BFN188507060,PHI,1,,t
welcm102,CHN188507060,NY1,1,,t
buffc101,DTN188507070,BSN,1,,t
whitj102,BFN188507080,BSN,1,,t
shawd101,CHN188507080,PRO,1,,t
vintb101,DTN188507080,PHI,1,,t
david103,BFN188507090,BSN,1,,t
radbc101,CHN188507090,PRO,1,,t
fergc101,DTN188507090,PHI,1,,t
buffc101,BFN188507100,BSN,1,,t
shawd101,CHN188507100,PRO,1,,t
vintb101,DTN188507100,PHI,1,,t
whitj102,BFN188507110,BSN,1,,t
radbc101,CHN188507110,PRO,1,,t
fergc101,DTN188507110,PHI,1,,t
clarj102,BFN188507130,CHN,1,,t
sweec101,DTN188507130,SL5,1,,t
david103,PHI188507130,BSN,1,,t
clarj102,BFN188507140,CHN,1,,t
dailh101,DTN188507140,SL5,1,,t
buffc101,PHI188507140,BSN,1,,t
clarj102,BFN188507150,CHN,1,,t
boylh102,DTN188507150,SL5,1,,t
dailh101,DTN188507160,SL5,1,,t
shawd101,PHI188507160,PRO,1,,t
kennt101,BFN188507161,CHN,1,,t
kennt101,BFN188507162,CHN,1,,t
radbc101,PHI188507170,PRO,1,,t
clarj102,BSN188507180,CHN,1,,t
wieds101,PHI188507180,DTN,1,,t
serab101,PRO188507180,BFN,1,,t
clarj102,BSN188507200,CHN,1,,t
baldl101,PHI188507200,DTN,1,,t
woodp101,PRO188507200,BFN,1,,t
serab101,BSN188507210,BFN,1,,t
boylh102,PHI188507210,SL5,1,,t
woodp101,BSN188507220,BFN,1,,t
sweec101,PHI188507220,SL5,1,,t
mccoj103,PRO188507220,CHN,1,,t
clarj102,BSN188507230,CHN,1,,t
baldl101,PHI188507230,DTN,1,,t
serab101,PRO188507230,BFN,1,,t
mccoj103,BSN188507240,CHN,1,,t
serab101,BSN188507250,BFN,1,,t
cased103,PHI188507250,DTN,1,,t
serab101,BSN188507270,BFN,1,,t
boylh102,PHI188507270,SL5,1,,t
clarj102,PRO188507270,CHN,1,,t
mccoj103,BSN188507280,CHN,1,,t
sweec101,PHI188507280,SL5,1,,t
woodp101,PRO188507280,BFN,1,,t
serab101,BSN188507290,BFN,1,,t
clarj102,PRO188507290,CHN,1,,t
cased103,BSN188507300,DTN,1,,t
clarj102,PHI188507300,CHN,1,,t
boylh102,PRO188507300,SL5,1,,t
wieds101,BSN188507310,DTN,1,,t
mccoj103,PHI188507310,CHN,1,,t
sweec101,PRO188507310,SL5,1,,t
sweec101,BSN188508010,SL5,1,,t
serab101,PHI188508010,BFN,1,,t
getzp101,PRO188508010,DTN,1,,t
sweec101,BSN188508030,SL5,1,,t
cased103,PRO188508030,DTN,1,,t
wieds101,BSN188508040,DTN,1,,t
clarj102,PHI188508040,CHN,1,,t
boylh102,PRO188508040,SL5,1,,t
cased103,BSN188508050,DTN,1,,t
mccoj103,PHI188508050,CHN,1,,t
sweec101,PRO188508050,SL5,1,,t
boylh102,BSN188508060,SL5,1,,t
fishu102,PHI188508060,BFN,1,,t
getzp101,PRO188508060,DTN,1,,t
sweec101,BSN188508070,SL5,1,,t
cased103,PRO188508070,DTN,1,,t
boylh102,BSN188508080,SL5,1,,t
woodp101,PHI188508080,BFN,1,,t
conwp101,PHI188508100,BFN,1,,t
corcl101,BSN188508110,NY1,1,,t
mccoj103,BFN188508110,CHN,1,,t
fergc101,PRO188508110,PHI,1,,t
welcm102,BSN188508120,NY1,1,,t
boylh102,BFN188508120,SL5,1,,t
clarj102,DTN188508120,CHN,1,,t
daile101,PRO188508120,PHI,1,,t
fergc101,BSN188508130,PHI,1,,t
sweec101,BFN188508130,SL5,1,,t
mccoj103,DTN188508130,CHN,1,,t
keeft101,PRO188508130,NY1,1,,t
boylh102,BFN188508140,SL5,1,,t
clarj102,DTN188508140,CHN,1,,t
daile101,BSN188508150,PHI,1,,t
sweec101,BFN188508150,SL5,1,,t
mccoj103,DTN188508150,CHN,1,,t
welcm102,PRO188508150,NY1,1,,t
boylh102,CHN188508180,SL5,1,,t
conwp101,DTN188508180,BFN,1,,t
whitj102,PRO188508180,BSN,1,,t
radbc101,BSN188508190,PRO,1,,t
sweec101,CHN188508190,SL5,1,,t
woodp101,DTN188508190,BFN,1,,t
keeft101,PHI188508190,NY1,1,,t
boylh102,CHN188508200,SL5,1,,t
conwp101,DTN188508200,BFN,1,,t
welcm102,PHI188508200,NY1,1,,t
whitj102,PRO188508200,BSN,1,,t
woodp101,DTN188508210,BFN,1,,t
shawd101,BSN188508220,PRO,1,,t
kirbj101,CHN188508220,SL5,1,,t
conwp101,DTN188508220,BFN,1,,t
whitj102,PHI188508240,BSN,1,,t
getzp101,CHN188508250,DTN,1,,t
baldl101,CHN188508260,DTN,1,,t
buffc101,PHI188508260,BSN,1,,t
wieds101,CHN188508270,DTN,1,,t
radbc101,PHI188508270,PRO,1,,t
radbc101,PHI188508280,PRO,1,,t
shawd101,PHI188508290,PRO,1,,t
radbc101,BSN188508310,PRO,1,,t
wieds101,CHN188508310,DTN,1,,t
welcm102,PHI188508310,NY1,1,,t
conwp101,CHN188509010,BFN,1,,t
whitj102,PRO188509010,BSN,1,,t
radbc101,BSN188509020,PRO,1,,t
woodp101,CHN188509020,BFN,1,,t
shawd101,BSN188509030,PRO,1,,t
conwp101,CHN188509030,BFN,1,,t
mccoj103,BFN188509040,CHN,1,,t
radbc101,BSN188509050,PRO,1,,t
conwp101,CHN188509050,BFN,1,,t
keeft101,PHI188509050,NY1,1,,t
radbc101,BSN188509070,PRO,1,,t
welcm102,PHI188509070,NY1,1,,t
keeft101,BSN188509080,NY1,1,,t
daile101,PRO188509080,PHI,1,,t
welcm102,BSN188509090,NY1,1,,t
nolae101,PRO188509090,PHI,1,,t
daile101,BSN188509100,PHI,1,,t
baldl101,BFN188509100,DTN,1,,t
getzp101,BFN188509110,DTN,1,,t
fergc101,BSN188509120,PHI,1,,t
wieds101,BFN188509121,DTN,1,,t
baldl101,BFN188509122,DTN,1,,t
daile101,BFN188509150,PHI,1,,t
buffc101,CHN188509150,BSN,1,,t
keeft101,DTN188509150,NY1,1,,t
fergc101,BFN188509160,PHI,1,,t
whitj102,CHN188509160,BSN,1,,t
welcm102,DTN188509160,NY1,1,,t
daile101,BFN188509170,PHI,1,,t
buffc101,CHN188509170,BSN,1,,t
keeft101,DTN188509170,NY1,1,,t
fergc101,BFN188509190,PHI,1,,t
whitj102,CHN188509190,BSN,1,,t
welcm102,DTN188509190,NY1,1,,t
keeft101,BFN188509210,NY1,1,,t
shawd101,CHN188509220,PRO,1,,t
daile101,DTN188509220,PHI,1,,t
hallc102,CHN188509230,PRO,1,,t
fergc101,DTN188509230,PHI,1,,t
shawd101,CHN188509240,PRO,1,,t
daile101,DTN188509240,PHI,1,,t
mccoj103,PRO188509250,CHN,1,,t
shawd101,CHN188509260,PRO,1,,t
fergc101,DTN188509260,PHI,1,,t
shawd101,DTN188509280,PRO,1,,t
buffc101,BFN188509290,BSN,1,,t
welcm102,CHN188509290,NY1,1,,t
kimbs101,DTN188509290,PRO,1,,t
whitj102,BFN188509300,BSN,1,,t
keeft101,CHN188509300,NY1,1,,t
shawd101,DTN188509300,PRO,1,,t
buffc101,BFN188510010,BSN,1,,t
welcm102,CHN188510010,NY1,1,,t
stelb101,DTN188510010,PRO,1,,t
stemb101,BFN188510030,BSN,1,,t
keeft101,CHN188510030,NY1,1,,t
daile101,CHN188510060,PHI,1,,t
whitj102,DTN188510060,BSN,1,,t
stemb101,DTN188510070,BSN,1,,t
shawd101,BFN188510071,PRO,1,,t
shawd101,BFN188510072,PRO,1,,t
fergc101,CHN188510080,PHI,1,,t
whitj102,DTN188510080,BSN,1,,t
nolae101,CHN188510090,PHI,1,,t
buffc101,DTN188510090,BSN,1,,t
fergc101,CHN188510100,PHI,1,,t
shawd101,BFN188510101,PRO,1,,t
shawd101,BFN188510102,PRO,1,,t
wieds101,DTN188505010,DTN,1,,t
getzp101,DTN188505020,DTN,1,,t
fergc101,PHI188505020,PHI,1,,t
wieds101,DTN188505040,DTN,1,,t
daile101,PHI188505040,PHI,1,,t
fergc101,PHI188505050,PHI,1,,t
daile101,PHI188505060,PHI,1,,t
getzp101,DTN188505080,DTN,1,,t
daile101,PHI188505080,PHI,1,,t
fergc101,PHI188505090,PHI,1,,t
whitj102,BSN188505110,BSN,1,,t
daile101,PHI188505110,PHI,1,,t
radbc101,PRO188505110,PRO,1,,t
buffc101,BSN188505120,BSN,1,,t
fergc101,PHI188505120,PHI,1,,t
shawd101,PRO188505120,PRO,1,,t
whitj102,BSN188505130,BSN,1,,t
daile101,PHI188505130,PHI,1,,t
radbc101,PRO188505130,PRO,1,,t
fergc101,PHI188505140,PHI,1,,t
buffc101,BSN188505150,BSN,1,,t
daile101,PHI188505150,PHI,1,,t
shawd101,PRO188505150,PRO,1,,t
whitj102,BSN188505160,BSN,1,,t
fergc101,PHI188505160,PHI,1,,t
radbc101,PRO188505160,PRO,1,,t
daile101,PHI188505180,PHI,1,,t
buffc101,BSN188505190,BSN,1,,t
nolae101,PHI188505190,PHI,1,,t
shawd101,PRO188505190,PRO,1,,t
david103,BSN188505200,BSN,1,,t
radbc101,PRO188505200,PRO,1,,t
whitj102,BSN188505210,BSN,1,,t
daile101,PHI188505210,PHI,1,,t
mccoj103,PRO188505210,PRO,1,,t
buffc101,BSN188505220,BSN,1,,t
fergc101,PHI188505220,PHI,1,,t
shawd101,PRO188505220,PRO,1,,t
daile101,PHI188505230,PHI,1,,t
whitj102,BSN188505250,BSN,1,,t
fergc101,PHI188505250,PHI,1,,t
shawd101,PRO188505250,PRO,1,,t
buffc101,BSN188505260,BSN,1,,t
radbc101,PRO188505260,PRO,1,,t
buffc101,BSN188505270,BSN,1,,t
daile101,PHI188505270,PHI,1,,t
shawd101,PRO188505270,PRO,1,,t
buffc101,BSN188505280,BSN,1,,t
fergc101,PHI188505280,PHI,1,,t
radbc101,PRO188505280,PRO,1,,t
daile101,PHI188505290,PHI,1,,t
fergc101,PHI188505300,PHI,1,,t
buffc101,BSN188505300,BSN,1,,t
shawd101,PRO188505301,PRO,1,,t
radbc101,PRO188505302,PRO,1,,t
wieds101,DTN188506010,DTN,1,,t
fergc101,PHI188506010,PHI,1,,t
serab101,BFN188506020,BFN,1,,t
getzp101,DTN188506020,DTN,1,,t
shawd101,PRO188506020,PRO,1,,t
whitj102,BSN188506030,BSN,1,,t
fergc101,PHI188506030,PHI,1,,t
wieds101,DTN188506040,DTN,1,,t
getzp101,DTN188506050,DTN,1,,t
whitj102,BSN188506060,BSN,1,,t
clarj102,CHN188506060,CHN,1,,t
serab101,BFN188506080,BFN,1,,t
willw102,CHN188506080,CHN,1,,t
radbc101,PRO188506080,PRO,1,,t
buffc101,BSN188506090,BSN,1,,t
galvj103,BFN188506090,BFN,1,,t
clarj102,CHN188506090,CHN,1,,t
radbc101,PRO188506090,PRO,1,,t
whitj102,BSN188506100,BSN,1,,t
serab101,BFN188506100,BFN,1,,t
clarj102,CHN188506100,CHN,1,,t
radbc101,PRO188506100,PRO,1,,t
david103,BSN188506110,BSN,1,,t
shawd101,PRO188506110,PRO,1,,t
whitj102,BSN188506120,BSN,1,,t
kennt101,CHN188506120,CHN,1,,t
buffc101,BSN188506130,BSN,1,,t
clarj102,CHN188506130,CHN,1,,t
shawd101,PRO188506130,PRO,1,,t
david103,BSN188506150,BSN,1,,t
clarj102,CHN188506150,CHN,1,,t
radbc101,PRO188506150,PRO,1,,t
kennt101,CHN188506160,CHN,1,,t
shawd101,PRO188506160,PRO,1,,t
clarj102,CHN188506170,CHN,1,,t
whitj102,BSN188506171,BSN,1,,t
david103,BSN188506172,BSN,1,,t
radbc101,PRO188506170,PRO,1,,t
clarj102,CHN188506180,CHN,1,,t
shawd101,PRO188506180,PRO,1,,t
kennt101,CHN188506190,CHN,1,,t
vintb101,PHI188506190,PHI,1,,t
shawd101,PRO188506190,PRO,1,,t
david103,BSN188506200,BSN,1,,t
clarj102,CHN188506200,CHN,1,,t
serab101,BFN188506230,BFN,1,,t
clarj102,CHN188506230,CHN,1,,t
wieds101,DTN188506230,DTN,1,,t
galvj103,BFN188506240,BFN,1,,t
clarj102,CHN188506240,CHN,1,,t
getzp101,DTN188506240,DTN,1,,t
serab101,BFN188506250,BFN,1,,t
clarj102,CHN188506250,CHN,1,,t
cased103,DTN188506250,DTN,1,,t
galvj103,BFN188506260,BFN,1,,t
kennt101,CHN188506260,CHN,1,,t
serab101,BFN188506270,BFN,1,,t
clarj102,CHN188506270,CHN,1,,t
galvj103,BFN188506290,BFN,1,,t
clarj102,CHN188506290,CHN,1,,t
wieds101,DTN188506290,DTN,1,,t
serab101,BFN188506300,BFN,1,,t
kennt101,CHN188506300,CHN,1,,t
baldl101,DTN188506300,DTN,1,,t
galvj103,BFN188507010,BFN,1,,t
clarj102,CHN188507010,CHN,1,,t
wieds101,DTN188507010,DTN,1,,t
getzp101,DTN188507020,DTN,1,,t
galvj103,BFN188507030,BFN,1,,t
clarj102,CHN188507030,CHN,1,,t
baldl101,DTN188507030,DTN,1,,t
serab101,BFN188507041,BFN,1,,t
galvj103,BFN188507042,BFN,1,,t
pfeff101,CHN188507041,CHN,1,,t
clarj102,CHN188507042,CHN,1,,t
wieds101,DTN188507041,DTN,1,,t
cased103,DTN188507042,DTN,1,,t
galvj103,BFN188507060,BFN,1,,t
clarj102,CHN188507060,CHN,1,,t
getzp101,DTN188507070,DTN,1,,t
galvj103,BFN188507080,BFN,1,,t
clarj102,CHN188507080,CHN,1,,t
baldl101,DTN188507080,DTN,1,,t
galvj103,BFN188507090,BFN,1,,t
kennt101,CHN188507090,CHN,1,,t
wieds101,DTN188507090,DTN,1,,t
serab101,BFN188507100,BFN,1,,t
clarj102,CHN188507100,CHN,1,,t
cased103,DTN188507100,DTN,1,,t
galvj103,BFN188507110,BFN,1,,t
kennt101,CHN188507110,CHN,1,,t
getzp101,DTN188507110,DTN,1,,t
serab101,BFN188507130,BFN,1,,t
baldl101,DTN188507130,DTN,1,,t
fergc101,PHI188507130,PHI,1,,t
serab101,BFN188507140,BFN,1,,t
wieds101,DTN188507140,DTN,1,,t
nolae101,PHI188507140,PHI,1,,t
woodp101,BFN188507150,BFN,1,,t
cased103,DTN188507150,DTN,1,,t
getzp101,DTN188507160,DTN,1,,t
fergc101,PHI188507160,PHI,1,,t
serab101,BFN188507161,BFN,1,,t
woodp101,BFN188507162,BFN,1,,t
nolae101,PHI188507170,PHI,1,,t
whitj102,BSN188507180,BSN,1,,t
daile101,PHI188507180,PHI,1,,t
shawd101,PRO188507180,PRO,1,,t
buffc101,BSN188507200,BSN,1,,t
fergc101,PHI188507200,PHI,1,,t
radbc101,PRO188507200,PRO,1,,t
david103,BSN188507210,BSN,1,,t
daile101,PHI188507210,PHI,1,,t
whitj102,BSN188507220,BSN,1,,t
nolae101,PHI188507220,PHI,1,,t
radbc101,PRO188507220,PRO,1,,t
buffc101,BSN188507230,BSN,1,,t
vintb101,PHI188507230,PHI,1,,t
radbc101,PRO188507230,PRO,1,,t
whitj102,BSN188507240,BSN,1,,t
buffc101,BSN188507250,BSN,1,,t
daile101,PHI188507250,PHI,1,,t
whitj102,BSN188507270,BSN,1,,t
nolae101,PHI188507270,PHI,1,,t
radbc101,PRO188507270,PRO,1,,t
buffc101,BSN188507280,BSN,1,,t
vintb101,PHI188507280,PHI,1,,t
shawd101,PRO188507280,PRO,1,,t
david103,BSN188507290,BSN,1,,t
radbc101,PRO188507290,PRO,1,,t
buffc101,BSN188507300,BSN,1,,t
daile101,PHI188507300,PHI,1,,t
shawd101,PRO188507300,PRO,1,,t
whitj102,BSN188507310,BSN,1,,t
nolae101,PHI188507310,PHI,1,,t
radbc101,PRO188507310,PRO,1,,t
buffc101,BSN188508010,BSN,1,,t
daile101,PHI188508010,PHI,1,,t
radbc101,PRO188508010,PRO,1,,t
whitj102,BSN188508030,BSN,1,,t
radbc101,PRO188508030,PRO,1,,t
buffc101,BSN188508040,BSN,1,,t
daile101,PHI188508040,PHI,1,,t
radbc101,PRO188508040,PRO,1,,t
whitj102,BSN188508050,BSN,1,,t
vintb101,PHI188508050,PHI,1,,t
smite101,PRO188508050,PRO,1,,t
buffc101,BSN188508060,BSN,1,,t
daile101,PHI188508060,PHI,1,,t
shawd101,PRO188508060,PRO,1,,t
whitj102,BSN188508070,BSN,1,,t
radbc101,PRO188508070,PRO,1,,t
buffc101,BSN188508080,BSN,1,,t
fergc101,PHI188508080,PHI,1,,t
daile101,PHI188508100,PHI,1,,t
whitj102,BSN188508110,BSN,1,,t
woodp101,BFN188508110,BFN,1,,t
radbc101,PRO188508110,PRO,1,,t
buffc101,BSN188508120,BSN,1,,t
conwp101,BFN188508120,BFN,1,,t
baldl101,DTN188508120,DTN,1,,t
shawd101,PRO188508120,PRO,1,,t
whitj102,BSN188508130,BSN,1,,t
woodp101,BFN188508130,BFN,1,,t
getzp101,DTN188508130,DTN,1,,t
radbc101,PRO188508130,PRO,1,,t
conwp101,BFN188508140,BFN,1,,t
cased103,DTN188508140,DTN,1,,t
buffc101,BSN188508150,BSN,1,,t
woodp101,BFN188508150,BFN,1,,t
wieds101,DTN188508150,DTN,1,,t
shawd101,PRO188508150,PRO,1,,t
clarj102,CHN188508180,CHN,1,,t
baldl101,DTN188508180,DTN,1,,t
shawd101,PRO188508180,PRO,1,,t
buffc101,BSN188508190,BSN,1,,t
mccoj103,CHN188508190,CHN,1,,t
getzp101,DTN188508190,DTN,1,,t
fergc101,PHI188508190,PHI,1,,t
clarj102,CHN188508200,CHN,1,,t
wieds101,DTN188508200,DTN,1,,t
daile101,PHI188508200,PHI,1,,t
radbc101,PRO188508200,PRO,1,,t
getzp101,DTN188508210,DTN,1,,t
buffc101,BSN188508220,BSN,1,,t
mccoj103,CHN188508220,CHN,1,,t
baldl101,DTN188508220,DTN,1,,t
fergc101,PHI188508240,PHI,1,,t
clarj102,CHN188508250,CHN,1,,t
mccoj103,CHN188508260,CHN,1,,t
daile101,PHI188508260,PHI,1,,t
clarj102,CHN188508270,CHN,1,,t
fergc101,PHI188508270,PHI,1,,t
daile101,PHI188508280,PHI,1,,t
fergc101,PHI188508290,PHI,1,,t
buffc101,BSN188508310,BSN,1,,t
mccoj103,CHN188508310,CHN,1,,t
daile101,PHI188508310,PHI,1,,t
clarj102,CHN188509010,CHN,1,,t
shawd101,PRO188509010,PRO,1,,t
buffc101,BSN188509020,BSN,1,,t
mccoj103,CHN188509020,CHN,1,,t
whitj102,BSN188509030,BSN,1,,t
clarj102,CHN188509030,CHN,1,,t
woodp101,BFN188509040,BFN,1,,t
buffc101,BSN188509050,BSN,1,,t
clarj102,CHN188509050,CHN,1,,t
daile101,PHI188509050,PHI,1,,t
buffc101,BSN188509070,BSN,1,,t
fergc101,PHI188509070,PHI,1,,t
whitj102,BSN188509080,BSN,1,,t
shawd101,PRO188509080,PRO,1,,t
buffc101,BSN188509090,BSN,1,,t
radbc101,PRO188509090,PRO,1,,t
whitj102,BSN188509100,BSN,1,,t
conwp101,BFN188509100,BFN,1,,t
woodp101,BFN188509110,BFN,1,,t
buffc101,BSN188509120,BSN,1,,t
serab101,BFN188509121,BFN,1,,t
conwp101,BFN188509122,BFN,1,,t
conwp101,BFN188509150,BFN,1,,t
mccoj103,CHN188509150,CHN,1,,t
wieds101,DTN188509150,DTN,1,,t
woodp101,BFN188509160,BFN,1,,t
clarj102,CHN188509160,CHN,1,,t
baldl101,DTN188509160,DTN,1,,t
conwp101,BFN188509170,BFN,1,,t
clarj102,CHN188509170,CHN,1,,t
getzp101,DTN188509170,DTN,1,,t
conwp101,BFN188509190,BFN,1,,t
clarj102,CHN188509190,CHN,1,,t
baldl101,DTN188509190,DTN,1,,t
conwp101,BFN188509210,BFN,1,,t
clarj102,CHN188509220,CHN,1,,t
getzp101,DTN188509220,DTN,1,,t
mccoj103,CHN188509230,CHN,1,,t
getzp101,DTN188509230,DTN,1,,t
clarj102,CHN188509240,CHN,1,,t
baldl101,DTN188509240,DTN,1,,t
radfp101,PRO188509250,PRO,1,,t
clarj102,CHN188509260,CHN,1,,t
wieds101,DTN188509260,DTN,1,,t
getzp101,DTN188509280,DTN,1,,t
conwp101,BFN188509290,BFN,1,,t
mccoj103,CHN188509290,CHN,1,,t
baldl101,DTN188509290,DTN,1,,t
woodp101,BFN188509300,BFN,1,,t
clarj102,CHN188509300,CHN,1,,t
wieds101,DTN188509300,DTN,1,,t
conwp101,BFN188510010,BFN,1,,t
mccoj103,CHN188510010,CHN,1,,t
getzp101,DTN188510010,DTN,1,,t
conwp101,BFN188510030,BFN,1,,t
clarj102,CHN188510030,CHN,1,,t
mccoj103,CHN188510060,CHN,1,,t
baldl101,DTN188510060,DTN,1,,t
wieds101,DTN188510070,DTN,1,,t
conwp101,BFN188510071,BFN,1,,t
conwp101,BFN188510072,BFN,1,,t
clarj102,CHN188510080,CHN,1,,t
getzp101,DTN188510080,DTN,1,,t
mccoj103,CHN188510090,CHN,1,,t
baldl101,DTN188510090,DTN,1,,t
clarj102,CHN188510100,CHN,1,,t
conwp101,BFN188510101,BFN,1,,t
conwp101,BFN188510102,BFN,1,,t
