id,game_id,team_id,field_pos,batt_ord,start
dunnj902,BSN188205010,UMP,ump_hp,,t
quinp101,BFN188205010,UMP,ump_hp,,t
peard102,PRO188205010,UMP,ump_hp,,t
peard102,PRO188205020,UMP,ump_hp,,t
dunnj902,WOR188205020,UMP,ump_hp,,t
dunnj902,BSN188205030,UMP,ump_hp,,t
quinp101,BFN188205030,UMP,ump_hp,,t
peard102,PRO188205030,UMP,ump_hp,,t
peard102,BSN188205050,UMP,ump_hp,,t
highd101,BFN188205050,UMP,ump_hp,,t
dunnj902,WOR188205050,UMP,ump_hp,,t
peard102,BSN188205060,UMP,ump_hp,,t
highd101,BFN188205060,UMP,ump_hp,,t
dunnj902,PRO188205060,UMP,ump_hp,,t
peard102,BSN188205080,UMP,ump_hp,,t
dunnj902,WOR188205080,UMP,ump_hp,,t
highd101,BFN188205090,UMP,ump_hp,,t
kellk102,CHN188205100,UMP,ump_hp,,t
dunnj902,PRO188205100,UMP,ump_hp,,t
peard102,WOR188205100,UMP,ump_hp,,t
dunnj902,BSN188205110,UMP,ump_hp,,t
peard102,WOR188205110,UMP,ump_hp,,t
kellk102,CHN188205150,UMP,ump_hp,,t
highd101,DTN188205150,UMP,ump_hp,,t
dunnj902,PRO188205150,UMP,ump_hp,,t
peard102,WOR188205150,UMP,ump_hp,,t
quinp101,CHN188205160,UMP,ump_hp,,t
bradf101,DTN188205160,UMP,ump_hp,,t
peard102,TRN188205160,UMP,ump_hp,,t
dunnj902,WOR188205160,UMP,ump_hp,,t
dunnj902,BSN188205170,UMP,ump_hp,,t
quinp101,CHN188205170,UMP,ump_hp,,t
bradf101,DTN188205170,UMP,ump_hp,,t
peard102,TRN188205170,UMP,ump_hp,,t
quinp101,CHN188205180,UMP,ump_hp,,t
bradf101,DTN188205180,UMP,ump_hp,,t
peard102,TRN188205180,UMP,ump_hp,,t
dunnj902,WOR188205180,UMP,ump_hp,,t
highd101,DTN188205190,UMP,ump_hp,,t
highd101,CHN188205200,UMP,ump_hp,,t
dailj101,TRN188205200,UMP,ump_hp,,t
highd101,CHN188205220,UMP,ump_hp,,t
dailj101,TRN188205220,UMP,ump_hp,,t
dunnj902,WOR188205220,UMP,ump_hp,,t
highd101,CHN188205230,UMP,ump_hp,,t
dailj101,TRN188205230,UMP,ump_hp,,t
dunnj902,PRO188205240,UMP,ump_hp,,t
bullc901,BFN188205250,UMP,ump_hp,,t
highd101,DTN188205250,UMP,ump_hp,,t
dailj101,BSN188205260,UMP,ump_hp,,t
bullc901,BFN188205260,UMP,ump_hp,,t
highd101,DTN188205260,UMP,ump_hp,,t
dunnj902,TRN188205260,UMP,ump_hp,,t
dailj101,PRO188205270,UMP,ump_hp,,t
dunnj902,TRN188205270,UMP,ump_hp,,t
dailj101,BSN188205290,UMP,ump_hp,,t
hickj901,BFN188205290,UMP,ump_hp,,t
dunnj902,TRN188205290,UMP,ump_hp,,t
dailj101,BSN188205300,UMP,ump_hp,,t
highd101,PRO188205300,UMP,ump_hp,,t
bradf101,WOR188205300,UMP,ump_hp,,t
kellk102,TRN188205301,UMP,ump_hp,,t
kellk102,TRN188205302,UMP,ump_hp,,t
dailj101,BSN188205310,UMP,ump_hp,,t
highd101,PRO188205310,UMP,ump_hp,,t
kellk102,TRN188205310,UMP,ump_hp,,t
bradf101,WOR188205310,UMP,ump_hp,,t
bradf101,WOR188206010,UMP,ump_hp,,t
dailj101,BSN188206020,UMP,ump_hp,,t
highd101,PRO188206020,UMP,ump_hp,,t
highd101,BSN188206030,UMP,ump_hp,,t
quinp101,PRO188206030,UMP,ump_hp,,t
barnb101,WOR188206030,UMP,ump_hp,,t
highd101,BSN188206050,UMP,ump_hp,,t
highd101,BSN188206060,UMP,ump_hp,,t
quinp101,PRO188206060,UMP,ump_hp,,t
bradf101,TRN188206060,UMP,ump_hp,,t
dunnj902,WOR188206060,UMP,ump_hp,,t
highd101,BSN188206070,UMP,ump_hp,,t
quinp101,PRO188206070,UMP,ump_hp,,t
bradf101,TRN188206070,UMP,ump_hp,,t
kellk102,WOR188206070,UMP,ump_hp,,t
bradf101,TRN188206080,UMP,ump_hp,,t
bradf101,BSN188206090,UMP,ump_hp,,t
kellk102,PRO188206090,UMP,ump_hp,,t
keeft101,TRN188206090,UMP,ump_hp,,t
highd101,WOR188206090,UMP,ump_hp,,t
bradf101,BSN188206100,UMP,ump_hp,,t
kellk102,PRO188206100,UMP,ump_hp,,t
welcm102,TRN188206100,UMP,ump_hp,,t
highd101,WOR188206100,UMP,ump_hp,,t
bradf101,BSN188206120,UMP,ump_hp,,t
kellk102,PRO188206120,UMP,ump_hp,,t
keeft101,TRN188206120,UMP,ump_hp,,t
highd101,WOR188206120,UMP,ump_hp,,t
kellk102,BSN188206140,UMP,ump_hp,,t
bradf101,PRO188206140,UMP,ump_hp,,t
highd101,TRN188206140,UMP,ump_hp,,t
quinp101,WOR188206140,UMP,ump_hp,,t
kellk102,BSN188206150,UMP,ump_hp,,t
bradf101,PRO188206150,UMP,ump_hp,,t
quinp101,WOR188206150,UMP,ump_hp,,t
highd101,TRN188206160,UMP,ump_hp,,t
quinp101,WOR188206160,UMP,ump_hp,,t
kellk102,BSN188206170,UMP,ump_hp,,t
bradf101,PRO188206170,UMP,ump_hp,,t
highd101,TRN188206170,UMP,ump_hp,,t
maddc901,DTN188206190,UMP,ump_hp,,t
highd101,BFN188206200,UMP,ump_hp,,t
dunnj902,CHN188206200,UMP,ump_hp,,t
peard102,DTN188206200,UMP,ump_hp,,t
highd101,BFN188206210,UMP,ump_hp,,t
dunnj902,CHN188206210,UMP,ump_hp,,t
peard102,DTN188206210,UMP,ump_hp,,t
highd101,BFN188206220,UMP,ump_hp,,t
dunnj902,CHN188206220,UMP,ump_hp,,t
peard102,DTN188206220,UMP,ump_hp,,t
mcleb901,BFN188206240,UMP,ump_hp,,t
peard102,CHN188206240,UMP,ump_hp,,t
mcleb901,BFN188206260,UMP,ump_hp,,t
peard102,CHN188206260,UMP,ump_hp,,t
dunnj902,DTN188206260,UMP,ump_hp,,t
mcleb901,BFN188206270,UMP,ump_hp,,t
peard102,CHN188206270,UMP,ump_hp,,t
dunnj902,DTN188206270,UMP,ump_hp,,t
dunnj902,DTN188206280,UMP,ump_hp,,t
lawlm101,BFN188206290,UMP,ump_hp,,t
haweb101,CHN188206290,UMP,ump_hp,,t
bradf101,DTN188206290,UMP,ump_hp,,t
haweb101,CHN188206300,UMP,ump_hp,,t
peard102,BFN188207010,UMP,ump_hp,,t
haweb101,CHN188207010,UMP,ump_hp,,t
bradf101,DTN188207010,UMP,ump_hp,,t
peard102,BFN188207030,UMP,ump_hp,,t
bradf101,DTN188207030,UMP,ump_hp,,t
dunnj902,BFN188207041,UMP,ump_hp,,t
dunnj902,BFN188207042,UMP,ump_hp,,t
bradf101,CHN188207041,UMP,ump_hp,,t
bradf101,CHN188207042,UMP,ump_hp,,t
haweb101,DTN188207041,UMP,ump_hp,,t
haweb101,DTN188207042,UMP,ump_hp,,t
dunnj902,BFN188207060,UMP,ump_hp,,t
guinb102,DTN188207060,UMP,ump_hp,,t
bradf101,CHN188207080,UMP,ump_hp,,t
bradf101,CHN188207110,UMP,ump_hp,,t
dailj101,TRN188207110,UMP,ump_hp,,t
haweb101,WOR188207110,UMP,ump_hp,,t
haweb101,BSN188207120,UMP,ump_hp,,t
bradf101,CHN188207120,UMP,ump_hp,,t
dailj101,TRN188207120,UMP,ump_hp,,t
dailj101,TRN188207130,UMP,ump_hp,,t
haweb101,WOR188207130,UMP,ump_hp,,t
bradf101,CHN188207140,UMP,ump_hp,,t
bradf101,CHN188207150,UMP,ump_hp,,t
peard102,DTN188207150,UMP,ump_hp,,t
mathb101,PRO188207150,UMP,ump_hp,,t
peard102,DTN188207170,UMP,ump_hp,,t
dunnj902,TRN188207170,UMP,ump_hp,,t
mcleb901,BSN188207180,UMP,ump_hp,,t
bradf101,CHN188207180,UMP,ump_hp,,t
peard102,DTN188207180,UMP,ump_hp,,t
dunnj902,TRN188207180,UMP,ump_hp,,t
bradf101,CHN188207190,UMP,ump_hp,,t
mcleb901,PRO188207190,UMP,ump_hp,,t
mcleb901,BSN188207200,UMP,ump_hp,,t
dunnj902,TRN188207200,UMP,ump_hp,,t
peard102,CHN188207210,UMP,ump_hp,,t
bradf101,DTN188207210,UMP,ump_hp,,t
peard102,CHN188207220,UMP,ump_hp,,t
bradf101,DTN188207220,UMP,ump_hp,,t
quinp101,PRO188207220,UMP,ump_hp,,t
peard102,CHN188207240,UMP,ump_hp,,t
bradf101,DTN188207240,UMP,ump_hp,,t
quinp101,PRO188207240,UMP,ump_hp,,t
mcleb901,TRN188207240,UMP,ump_hp,,t
peard102,CHN188207250,UMP,ump_hp,,t
bradf101,DTN188207250,UMP,ump_hp,,t
mcleb901,TRN188207250,UMP,ump_hp,,t
kellk102,WOR188207250,UMP,ump_hp,,t
kellk102,PRO188207260,UMP,ump_hp,,t
mcleb901,TRN188207260,UMP,ump_hp,,t
bradf101,DTN188207270,UMP,ump_hp,,t
sulld901,BFN188207280,UMP,ump_hp,,t
bradf101,DTN188207280,UMP,ump_hp,,t
mcleb901,PRO188207280,UMP,ump_hp,,t
kellk102,WOR188207280,UMP,ump_hp,,t
kellk102,BSN188207290,UMP,ump_hp,,t
sulld901,BFN188207290,UMP,ump_hp,,t
bradf101,DTN188207290,UMP,ump_hp,,t
mcleb901,PRO188207290,UMP,ump_hp,,t
kellk102,BSN188207310,UMP,ump_hp,,t
sulld901,BFN188207310,UMP,ump_hp,,t
mcleb901,PRO188207310,UMP,ump_hp,,t
kellk102,BSN188208030,UMP,ump_hp,,t
peard102,PRO188208030,UMP,ump_hp,,t
quinp101,TRN188208030,UMP,ump_hp,,t
peard102,PRO188208040,UMP,ump_hp,,t
quinp101,TRN188208040,UMP,ump_hp,,t
bradf101,WOR188208040,UMP,ump_hp,,t
kellk102,BSN188208050,UMP,ump_hp,,t
peard102,PRO188208050,UMP,ump_hp,,t
bradf101,WOR188208050,UMP,ump_hp,,t
kellk102,BSN188208070,UMP,ump_hp,,t
bradf101,WOR188208070,UMP,ump_hp,,t
quinp101,TRN188208080,UMP,ump_hp,,t
peard102,BSN188208090,UMP,ump_hp,,t
kellk102,PRO188208090,UMP,ump_hp,,t
bradf101,TRN188208090,UMP,ump_hp,,t
mcleb901,WOR188208090,UMP,ump_hp,,t
peard102,BSN188208100,UMP,ump_hp,,t
kellk102,PRO188208100,UMP,ump_hp,,t
bradf101,TRN188208100,UMP,ump_hp,,t
mcleb901,WOR188208100,UMP,ump_hp,,t
peard102,BSN188208120,UMP,ump_hp,,t
kellk102,PRO188208120,UMP,ump_hp,,t
mcleb901,WOR188208120,UMP,ump_hp,,t
bradf101,TRN188208140,UMP,ump_hp,,t
bradf101,PRO188208160,UMP,ump_hp,,t
kellk102,TRN188208160,UMP,ump_hp,,t
mcleb901,BSN188208170,UMP,ump_hp,,t
bradf101,PRO188208170,UMP,ump_hp,,t
kellk102,TRN188208170,UMP,ump_hp,,t
peard102,WOR188208170,UMP,ump_hp,,t
mcleb901,BSN188208180,UMP,ump_hp,,t
peard102,WOR188208180,UMP,ump_hp,,t
mcleb901,BSN188208190,UMP,ump_hp,,t
bradf101,PRO188208190,UMP,ump_hp,,t
peard102,WOR188208190,UMP,ump_hp,,t
kellk102,TRN188208210,UMP,ump_hp,,t
bradf101,BSN188208220,UMP,ump_hp,,t
kellk102,WOR188208220,UMP,ump_hp,,t
bradf101,BSN188208230,UMP,ump_hp,,t
keeft101,TRN188208230,UMP,ump_hp,,t
kellk102,WOR188208230,UMP,ump_hp,,t
bradf101,BSN188208240,UMP,ump_hp,,t
mcleb901,PRO188208240,UMP,ump_hp,,t
kellk102,WOR188208240,UMP,ump_hp,,t
mcleb901,PRO188208250,UMP,ump_hp,,t
sulld901,TRN188208250,UMP,ump_hp,,t
mcleb901,PRO188208260,UMP,ump_hp,,t
sulld901,TRN188208260,UMP,ump_hp,,t
reidb102,CHN188208290,UMP,ump_hp,,t
bradf101,DTN188208290,UMP,ump_hp,,t
mcleb901,BFN188208310,UMP,ump_hp,,t
bradf101,DTN188208310,UMP,ump_hp,,t
mcleb901,BFN188209010,UMP,ump_hp,,t
reidb102,CHN188209010,UMP,ump_hp,,t
bradf101,DTN188209010,UMP,ump_hp,,t
mcleb901,BFN188209020,UMP,ump_hp,,t
reidb102,CHN188209020,UMP,ump_hp,,t
bradf101,DTN188209040,UMP,ump_hp,,t
kellk102,BFN188209050,UMP,ump_hp,,t
bradf101,CHN188209050,UMP,ump_hp,,t
reidb102,DTN188209050,UMP,ump_hp,,t
kellk102,BFN188209070,UMP,ump_hp,,t
bradf101,CHN188209070,UMP,ump_hp,,t
reidb102,DTN188209070,UMP,ump_hp,,t
kellk102,BFN188209090,UMP,ump_hp,,t
bradf101,CHN188209090,UMP,ump_hp,,t
reidb102,DTN188209090,UMP,ump_hp,,t
bradf101,BFN188209120,UMP,ump_hp,,t
haweb101,CHN188209120,UMP,ump_hp,,t
kellk102,DTN188209120,UMP,ump_hp,,t
bradf101,BFN188209130,UMP,ump_hp,,t
haweb101,CHN188209130,UMP,ump_hp,,t
kellk102,DTN188209130,UMP,ump_hp,,t
bradf101,BFN188209140,UMP,ump_hp,,t
haweb101,CHN188209140,UMP,ump_hp,,t
kellk102,DTN188209140,UMP,ump_hp,,t
sulld901,BFN188209160,UMP,ump_hp,,t
kellk102,CHN188209160,UMP,ump_hp,,t
mcleb901,DTN188209160,UMP,ump_hp,,t
sulld901,BFN188209180,UMP,ump_hp,,t
sulld901,BFN188209190,UMP,ump_hp,,t
kellk102,CHN188209190,UMP,ump_hp,,t
mcleb901,DTN188209190,UMP,ump_hp,,t
kellk102,CHN188209200,UMP,ump_hp,,t
mcleb901,DTN188209200,UMP,ump_hp,,t
quinp101,BSN188209220,UMP,ump_hp,,t
bradf101,BFN188209220,UMP,ump_hp,,t
bradf101,BFN188209230,UMP,ump_hp,,t
mcleb901,PRO188209230,UMP,ump_hp,,t
quinp101,BSN188209250,UMP,ump_hp,,t
bradf101,BFN188209250,UMP,ump_hp,,t
mcleb901,WOR188209251,UMP,ump_hp,,t
mcleb901,WOR188209252,UMP,ump_hp,,t
quinp101,BSN188209260,UMP,ump_hp,,t
kellk102,BFN188209260,UMP,ump_hp,,t
kellk102,CHN188209270,UMP,ump_hp,,t
chapj102,WOR188209270,UMP,ump_hp,,t
kellk102,CHN188209280,UMP,ump_hp,,t
chapj102,WOR188209280,UMP,ump_hp,,t
flahm101,WOR188209290,UMP,ump_hp,,t
haweb101,BSN188209300,UMP,ump_hp,,t
kellk102,CHN188209300,UMP,ump_hp,,t
haweb101,PRO188210020,UMP,ump_hp,,t
cassj103,TRN188206120,UMP,ump_1b,,t
browf801,BSN188205010,WOR,manager,,t
ansoc101,BFN188205010,CHN,manager,,t
fergb101,PRO188205010,TRN,manager,,t
fergb101,PRO188205020,TRN,manager,,t
morrj107,WOR188205020,BSN,manager,,t
browf801,BSN188205030,WOR,manager,,t
ansoc101,BFN188205030,CHN,manager,,t
fergb101,PRO188205030,TRN,manager,,t
fergb101,BSN188205050,TRN,manager,,t
bancf801,BFN188205050,DTN,manager,,t
wrigh101,WOR188205050,PRO,manager,,t
fergb101,BSN188205060,TRN,manager,,t
bancf801,BFN188205060,DTN,manager,,t
browf801,PRO188205060,WOR,manager,,t
fergb101,BSN188205080,TRN,manager,,t
wrigh101,WOR188205080,PRO,manager,,t
bancf801,BFN188205090,DTN,manager,,t
dunlf101,CHN188205100,CL2,manager,,t
morrj107,PRO188205100,BSN,manager,,t
fergb101,WOR188205100,TRN,manager,,t
wrigh101,BSN188205110,PRO,manager,,t
fergb101,WOR188205110,TRN,manager,,t
dunlf101,CHN188205150,CL2,manager,,t
orouj103,DTN188205150,BFN,manager,,t
morrj107,PRO188205150,BSN,manager,,t
fergb101,WOR188205150,TRN,manager,,t
orouj103,CHN188205160,BFN,manager,,t
dunlf101,DTN188205160,CL2,manager,,t
wrigh101,TRN188205160,PRO,manager,,t
morrj107,WOR188205160,BSN,manager,,t
browf801,BSN188205170,WOR,manager,,t
orouj103,CHN188205170,BFN,manager,,t
dunlf101,DTN188205170,CL2,manager,,t
wrigh101,TRN188205170,PRO,manager,,t
orouj103,CHN188205180,BFN,manager,,t
dunlf101,DTN188205180,CL2,manager,,t
wrigh101,TRN188205180,PRO,manager,,t
morrj107,WOR188205180,BSN,manager,,t
orouj103,DTN188205190,BFN,manager,,t
bancf801,CHN188205200,DTN,manager,,t
morrj107,TRN188205200,BSN,manager,,t
bancf801,CHN188205220,DTN,manager,,t
morrj107,TRN188205220,BSN,manager,,t
wrigh101,WOR188205220,PRO,manager,,t
bancf801,CHN188205230,DTN,manager,,t
morrj107,TRN188205230,BSN,manager,,t
browf801,PRO188205240,WOR,manager,,t
dunlf101,BFN188205250,CL2,manager,,t
ansoc101,DTN188205250,CHN,manager,,t
wrigh101,BSN188205260,PRO,manager,,t
dunlf101,BFN188205260,CL2,manager,,t
ansoc101,DTN188205260,CHN,manager,,t
browf801,TRN188205260,WOR,manager,,t
morrj107,PRO188205270,BSN,manager,,t
browf801,TRN188205270,WOR,manager,,t
wrigh101,BSN188205290,PRO,manager,,t
dunlf101,BFN188205290,CL2,manager,,t
browf801,TRN188205290,WOR,manager,,t
orouj103,BSN188205300,BFN,manager,,t
bancf801,PRO188205300,DTN,manager,,t
dunlf101,WOR188205300,CL2,manager,,t
ansoc101,TRN188205301,CHN,manager,,t
ansoc101,TRN188205302,CHN,manager,,t
orouj103,BSN188205310,BFN,manager,,t
bancf801,PRO188205310,DTN,manager,,t
ansoc101,TRN188205310,CHN,manager,,t
dunlf101,WOR188205310,CL2,manager,,t
dunlf101,WOR188206010,CL2,manager,,t
orouj103,BSN188206020,BFN,manager,,t
bancf801,PRO188206020,DTN,manager,,t
bancf801,BSN188206030,DTN,manager,,t
orouj103,PRO188206030,BFN,manager,,t
ansoc101,WOR188206030,CHN,manager,,t
bancf801,BSN188206050,DTN,manager,,t
bancf801,BSN188206060,DTN,manager,,t
orouj103,PRO188206060,BFN,manager,,t
dunlf101,TRN188206060,CL2,manager,,t
ansoc101,WOR188206060,CHN,manager,,t
bancf801,BSN188206070,DTN,manager,,t
orouj103,PRO188206070,BFN,manager,,t
dunlf101,TRN188206070,CL2,manager,,t
ansoc101,WOR188206070,CHN,manager,,t
dunlf101,TRN188206080,CL2,manager,,t
dunlf101,BSN188206090,CL2,manager,,t
ansoc101,PRO188206090,CHN,manager,,t
orouj103,TRN188206090,BFN,manager,,t
bancf801,WOR188206090,DTN,manager,,t
dunlf101,BSN188206100,CL2,manager,,t
ansoc101,PRO188206100,CHN,manager,,t
orouj103,TRN188206100,BFN,manager,,t
bancf801,WOR188206100,DTN,manager,,t
dunlf101,BSN188206120,CL2,manager,,t
ansoc101,PRO188206120,CHN,manager,,t
orouj103,TRN188206120,BFN,manager,,t
bancf801,WOR188206120,DTN,manager,,t
ansoc101,BSN188206140,CHN,manager,,t
dunlf101,PRO188206140,CL2,manager,,t
bancf801,TRN188206140,DTN,manager,,t
orouj103,WOR188206140,BFN,manager,,t
ansoc101,BSN188206150,CHN,manager,,t
dunlf101,PRO188206150,CL2,manager,,t
orouj103,WOR188206150,BFN,manager,,t
bancf801,TRN188206160,DTN,manager,,t
orouj103,WOR188206160,BFN,manager,,t
ansoc101,BSN188206170,CHN,manager,,t
dunlf101,PRO188206170,CL2,manager,,t
bancf801,TRN188206170,DTN,manager,,t
ansoc101,DTN188206190,CHN,manager,,t
fergb101,BFN188206200,TRN,manager,,t
browf801,CHN188206200,WOR,manager,,t
wrigh101,DTN188206200,PRO,manager,,t
fergb101,BFN188206210,TRN,manager,,t
browf801,CHN188206210,WOR,manager,,t
wrigh101,DTN188206210,PRO,manager,,t
fergb101,BFN188206220,TRN,manager,,t
browf801,CHN188206220,WOR,manager,,t
wrigh101,DTN188206220,PRO,manager,,t
morrj107,BFN188206240,BSN,manager,,t
wrigh101,CHN188206240,PRO,manager,,t
morrj107,BFN188206260,BSN,manager,,t
wrigh101,CHN188206260,PRO,manager,,t
browf801,DTN188206260,WOR,manager,,t
morrj107,BFN188206270,BSN,manager,,t
wrigh101,CHN188206270,PRO,manager,,t
browf801,DTN188206270,WOR,manager,,t
browf801,DTN188206280,WOR,manager,,t
wrigh101,BFN188206290,PRO,manager,,t
morrj107,CHN188206290,BSN,manager,,t
fergb101,DTN188206290,TRN,manager,,t
morrj107,CHN188206300,BSN,manager,,t
wrigh101,BFN188207010,PRO,manager,,t
morrj107,CHN188207010,BSN,manager,,t
fergb101,DTN188207010,TRN,manager,,t
wrigh101,BFN188207030,PRO,manager,,t
fergb101,DTN188207030,TRN,manager,,t
browf801,BFN188207041,WOR,manager,,t
browf801,BFN188207042,WOR,manager,,t
fergb101,CHN188207041,TRN,manager,,t
fergb101,CHN188207042,TRN,manager,,t
morrj107,DTN188207041,BSN,manager,,t
morrj107,DTN188207042,BSN,manager,,t
browf801,BFN188207060,WOR,manager,,t
morrj107,DTN188207060,BSN,manager,,t
fergb101,CHN188207080,TRN,manager,,t
bancf801,CHN188207110,DTN,manager,,t
wrigh101,TRN188207110,PRO,manager,,t
morrj107,WOR188207110,BSN,manager,,t
bondt101,BSN188207120,WOR,manager,,t
bancf801,CHN188207120,DTN,manager,,t
wrigh101,TRN188207120,PRO,manager,,t
wrigh101,TRN188207130,PRO,manager,,t
morrj107,WOR188207130,BSN,manager,,t
bancf801,CHN188207140,DTN,manager,,t
orouj103,CHN188207150,BFN,manager,,t
dunlf101,DTN188207150,CL2,manager,,t
morrj107,PRO188207150,BSN,manager,,t
dunlf101,DTN188207170,CL2,manager,,t
bondt101,TRN188207170,WOR,manager,,t
wrigh101,BSN188207180,PRO,manager,,t
orouj103,CHN188207180,BFN,manager,,t
dunlf101,DTN188207180,CL2,manager,,t
bondt101,TRN188207180,WOR,manager,,t
orouj103,CHN188207190,BFN,manager,,t
morrj107,PRO188207190,BSN,manager,,t
wrigh101,BSN188207200,PRO,manager,,t
bondt101,TRN188207200,WOR,manager,,t
dunlf101,CHN188207210,CL2,manager,,t
orouj103,DTN188207210,BFN,manager,,t
dunlf101,CHN188207220,CL2,manager,,t
orouj103,DTN188207220,BFN,manager,,t
chapj102,PRO188207220,WOR,manager,,t
dunlf101,CHN188207240,CL2,manager,,t
orouj103,DTN188207240,BFN,manager,,t
chapj102,PRO188207240,WOR,manager,,t
morrj107,TRN188207240,BSN,manager,,t
dunlf101,CHN188207250,CL2,manager,,t
orouj103,DTN188207250,BFN,manager,,t
morrj107,TRN188207250,BSN,manager,,t
wrigh101,WOR188207250,PRO,manager,,t
chapj102,PRO188207260,WOR,manager,,t
morrj107,TRN188207260,BSN,manager,,t
ansoc101,DTN188207270,CHN,manager,,t
dunlf101,BFN188207280,CL2,manager,,t
ansoc101,DTN188207280,CHN,manager,,t
fergb101,PRO188207280,TRN,manager,,t
morrj107,WOR188207280,BSN,manager,,t
chapj102,BSN188207290,WOR,manager,,t
dunlf101,BFN188207290,CL2,manager,,t
ansoc101,DTN188207290,CHN,manager,,t
fergb101,PRO188207290,TRN,manager,,t
chapj102,BSN188207310,WOR,manager,,t
dunlf101,BFN188207310,CL2,manager,,t
fergb101,PRO188207310,TRN,manager,,t
ansoc101,BSN188208030,CHN,manager,,t
dunlf101,PRO188208030,CL2,manager,,t
orouj103,TRN188208030,BFN,manager,,t
dunlf101,PRO188208040,CL2,manager,,t
orouj103,TRN188208040,BFN,manager,,t
bancf801,WOR188208040,DTN,manager,,t
ansoc101,BSN188208050,CHN,manager,,t
dunlf101,PRO188208050,CL2,manager,,t
bancf801,WOR188208050,DTN,manager,,t
ansoc101,BSN188208070,CHN,manager,,t
bancf801,WOR188208070,DTN,manager,,t
orouj103,TRN188208080,BFN,manager,,t
dunlf101,BSN188208090,CL2,manager,,t
ansoc101,PRO188208090,CHN,manager,,t
bancf801,TRN188208090,DTN,manager,,t
orouj103,WOR188208090,BFN,manager,,t
dunlf101,BSN188208100,CL2,manager,,t
ansoc101,PRO188208100,CHN,manager,,t
bancf801,TRN188208100,DTN,manager,,t
orouj103,WOR188208100,BFN,manager,,t
dunlf101,BSN188208120,CL2,manager,,t
ansoc101,PRO188208120,CHN,manager,,t
orouj103,WOR188208120,BFN,manager,,t
bancf801,TRN188208140,DTN,manager,,t
bancf801,PRO188208160,DTN,manager,,t
ansoc101,TRN188208160,CHN,manager,,t
orouj103,BSN188208170,BFN,manager,,t
bancf801,PRO188208170,DTN,manager,,t
ansoc101,TRN188208170,CHN,manager,,t
dunlf101,WOR188208170,CL2,manager,,t
orouj103,BSN188208180,BFN,manager,,t
dunlf101,WOR188208180,CL2,manager,,t
orouj103,BSN188208190,BFN,manager,,t
bancf801,PRO188208190,DTN,manager,,t
dunlf101,WOR188208190,CL2,manager,,t
ansoc101,TRN188208210,CHN,manager,,t
bancf801,BSN188208220,DTN,manager,,t
ansoc101,WOR188208220,CHN,manager,,t
bancf801,BSN188208230,DTN,manager,,t
dunlf101,TRN188208230,CL2,manager,,t
ansoc101,WOR188208230,CHN,manager,,t
bancf801,BSN188208240,DTN,manager,,t
orouj103,PRO188208240,BFN,manager,,t
ansoc101,WOR188208240,CHN,manager,,t
orouj103,PRO188208250,BFN,manager,,t
dunlf101,TRN188208250,CL2,manager,,t
orouj103,PRO188208260,BFN,manager,,t
dunlf101,TRN188208260,CL2,manager,,t
morrj107,CHN188208290,BSN,manager,,t
fergb101,DTN188208290,TRN,manager,,t
wrigh101,BFN188208310,PRO,manager,,t
fergb101,DTN188208310,TRN,manager,,t
wrigh101,BFN188209010,PRO,manager,,t
morrj107,CHN188209010,BSN,manager,,t
fergb101,DTN188209010,TRN,manager,,t
wrigh101,BFN188209020,PRO,manager,,t
morrj107,CHN188209020,BSN,manager,,t
fergb101,DTN188209040,TRN,manager,,t
chapj102,BFN188209050,WOR,manager,,t
fergb101,CHN188209050,TRN,manager,,t
morrj107,DTN188209050,BSN,manager,,t
chapj102,BFN188209070,WOR,manager,,t
fergb101,CHN188209070,TRN,manager,,t
morrj107,DTN188209070,BSN,manager,,t
chapj102,BFN188209090,WOR,manager,,t
fergb101,CHN188209090,TRN,manager,,t
morrj107,DTN188209090,BSN,manager,,t
fergb101,BFN188209120,TRN,manager,,t
wrigh101,CHN188209120,PRO,manager,,t
chapj102,DTN188209120,WOR,manager,,t
fergb101,BFN188209130,TRN,manager,,t
wrigh101,CHN188209130,PRO,manager,,t
chapj102,DTN188209130,WOR,manager,,t
fergb101,BFN188209140,TRN,manager,,t
wrigh101,CHN188209140,PRO,manager,,t
chapj102,DTN188209140,WOR,manager,,t
morrj107,BFN188209160,BSN,manager,,t
chapj102,CHN188209160,WOR,manager,,t
wrigh101,DTN188209160,PRO,manager,,t
morrj107,BFN188209180,BSN,manager,,t
morrj107,BFN188209190,BSN,manager,,t
chapj102,CHN188209190,WOR,manager,,t
wrigh101,DTN188209190,PRO,manager,,t
chapj102,CHN188209200,WOR,manager,,t
wrigh101,DTN188209200,PRO,manager,,t
fergb101,BSN188209220,TRN,manager,,t
bancf801,BFN188209220,DTN,manager,,t
bancf801,BFN188209230,DTN,manager,,t
chapj102,PRO188209230,WOR,manager,,t
fergb101,BSN188209250,TRN,manager,,t
bancf801,BFN188209250,DTN,manager,,t
wrigh101,WOR188209251,PRO,manager,,t
wrigh101,WOR188209252,PRO,manager,,t
fergb101,BSN188209260,TRN,manager,,t
ansoc101,BFN188209260,CHN,manager,,t
orouj103,CHN188209270,BFN,manager,,t
fergb101,WOR188209270,TRN,manager,,t
orouj103,CHN188209280,BFN,manager,,t
fergb101,WOR188209280,TRN,manager,,t
fergb101,WOR188209290,TRN,manager,,t
wrigh101,BSN188209300,PRO,manager,,t
orouj103,CHN188209300,BFN,manager,,t
morrj107,PRO188210020,BSN,manager,,t
morrj107,BSN188205010,BSN,manager,,t
orouj103,BFN188205010,BFN,manager,,t
wrigh101,PRO188205010,PRO,manager,,t
wrigh101,PRO188205020,PRO,manager,,t
browf801,WOR188205020,WOR,manager,,t
morrj107,BSN188205030,BSN,manager,,t
orouj103,BFN188205030,BFN,manager,,t
wrigh101,PRO188205030,PRO,manager,,t
morrj107,BSN188205050,BSN,manager,,t
orouj103,BFN188205050,BFN,manager,,t
browf801,WOR188205050,WOR,manager,,t
morrj107,BSN188205060,BSN,manager,,t
orouj103,BFN188205060,BFN,manager,,t
wrigh101,PRO188205060,PRO,manager,,t
morrj107,BSN188205080,BSN,manager,,t
browf801,WOR188205080,WOR,manager,,t
orouj103,BFN188205090,BFN,manager,,t
ansoc101,CHN188205100,CHN,manager,,t
wrigh101,PRO188205100,PRO,manager,,t
browf801,WOR188205100,WOR,manager,,t
morrj107,BSN188205110,BSN,manager,,t
browf801,WOR188205110,WOR,manager,,t
ansoc101,CHN188205150,CHN,manager,,t
bancf801,DTN188205150,DTN,manager,,t
wrigh101,PRO188205150,PRO,manager,,t
browf801,WOR188205150,WOR,manager,,t
ansoc101,CHN188205160,CHN,manager,,t
bancf801,DTN188205160,DTN,manager,,t
fergb101,TRN188205160,TRN,manager,,t
browf801,WOR188205160,WOR,manager,,t
morrj107,BSN188205170,BSN,manager,,t
ansoc101,CHN188205170,CHN,manager,,t
bancf801,DTN188205170,DTN,manager,,t
fergb101,TRN188205170,TRN,manager,,t
ansoc101,CHN188205180,CHN,manager,,t
bancf801,DTN188205180,DTN,manager,,t
fergb101,TRN188205180,TRN,manager,,t
browf801,WOR188205180,WOR,manager,,t
bancf801,DTN188205190,DTN,manager,,t
ansoc101,CHN188205200,CHN,manager,,t
fergb101,TRN188205200,TRN,manager,,t
ansoc101,CHN188205220,CHN,manager,,t
fergb101,TRN188205220,TRN,manager,,t
browf801,WOR188205220,WOR,manager,,t
ansoc101,CHN188205230,CHN,manager,,t
fergb101,TRN188205230,TRN,manager,,t
wrigh101,PRO188205240,PRO,manager,,t
orouj103,BFN188205250,BFN,manager,,t
bancf801,DTN188205250,DTN,manager,,t
morrj107,BSN188205260,BSN,manager,,t
orouj103,BFN188205260,BFN,manager,,t
bancf801,DTN188205260,DTN,manager,,t
fergb101,TRN188205260,TRN,manager,,t
wrigh101,PRO188205270,PRO,manager,,t
fergb101,TRN188205270,TRN,manager,,t
morrj107,BSN188205290,BSN,manager,,t
orouj103,BFN188205290,BFN,manager,,t
fergb101,TRN188205290,TRN,manager,,t
morrj107,BSN188205300,BSN,manager,,t
wrigh101,PRO188205300,PRO,manager,,t
browf801,WOR188205300,WOR,manager,,t
fergb101,TRN188205301,TRN,manager,,t
fergb101,TRN188205302,TRN,manager,,t
morrj107,BSN188205310,BSN,manager,,t
wrigh101,PRO188205310,PRO,manager,,t
fergb101,TRN188205310,TRN,manager,,t
browf801,WOR188205310,WOR,manager,,t
browf801,WOR188206010,WOR,manager,,t
morrj107,BSN188206020,BSN,manager,,t
wrigh101,PRO188206020,PRO,manager,,t
morrj107,BSN188206030,BSN,manager,,t
wrigh101,PRO188206030,PRO,manager,,t
browf801,WOR188206030,WOR,manager,,t
morrj107,BSN188206050,BSN,manager,,t
morrj107,BSN188206060,BSN,manager,,t
wrigh101,PRO188206060,PRO,manager,,t
fergb101,TRN188206060,TRN,manager,,t
browf801,WOR188206060,WOR,manager,,t
morrj107,BSN188206070,BSN,manager,,t
wrigh101,PRO188206070,PRO,manager,,t
fergb101,TRN188206070,TRN,manager,,t
browf801,WOR188206070,WOR,manager,,t
fergb101,TRN188206080,TRN,manager,,t
morrj107,BSN188206090,BSN,manager,,t
wrigh101,PRO188206090,PRO,manager,,t
fergb101,TRN188206090,TRN,manager,,t
browf801,WOR188206090,WOR,manager,,t
morrj107,BSN188206100,BSN,manager,,t
wrigh101,PRO188206100,PRO,manager,,t
fergb101,TRN188206100,TRN,manager,,t
browf801,WOR188206100,WOR,manager,,t
morrj107,BSN188206120,BSN,manager,,t
wrigh101,PRO188206120,PRO,manager,,t
fergb101,TRN188206120,TRN,manager,,t
browf801,WOR188206120,WOR,manager,,t
morrj107,BSN188206140,BSN,manager,,t
wrigh101,PRO188206140,PRO,manager,,t
fergb101,TRN188206140,TRN,manager,,t
browf801,WOR188206140,WOR,manager,,t
morrj107,BSN188206150,BSN,manager,,t
wrigh101,PRO188206150,PRO,manager,,t
browf801,WOR188206150,WOR,manager,,t
fergb101,TRN188206160,TRN,manager,,t
browf801,WOR188206160,WOR,manager,,t
morrj107,BSN188206170,BSN,manager,,t
wrigh101,PRO188206170,PRO,manager,,t
fergb101,TRN188206170,TRN,manager,,t
bancf801,DTN188206190,DTN,manager,,t
orouj103,BFN188206200,BFN,manager,,t
ansoc101,CHN188206200,CHN,manager,,t
bancf801,DTN188206200,DTN,manager,,t
orouj103,BFN188206210,BFN,manager,,t
ansoc101,CHN188206210,CHN,manager,,t
bancf801,DTN188206210,DTN,manager,,t
orouj103,BFN188206220,BFN,manager,,t
ansoc101,CHN188206220,CHN,manager,,t
bancf801,DTN188206220,DTN,manager,,t
orouj103,BFN188206240,BFN,manager,,t
ansoc101,CHN188206240,CHN,manager,,t
orouj103,BFN188206260,BFN,manager,,t
ansoc101,CHN188206260,CHN,manager,,t
bancf801,DTN188206260,DTN,manager,,t
orouj103,BFN188206270,BFN,manager,,t
ansoc101,CHN188206270,CHN,manager,,t
bancf801,DTN188206270,DTN,manager,,t
bancf801,DTN188206280,DTN,manager,,t
orouj103,BFN188206290,BFN,manager,,t
ansoc101,CHN188206290,CHN,manager,,t
bancf801,DTN188206290,DTN,manager,,t
ansoc101,CHN188206300,CHN,manager,,t
orouj103,BFN188207010,BFN,manager,,t
ansoc101,CHN188207010,CHN,manager,,t
bancf801,DTN188207010,DTN,manager,,t
orouj103,BFN188207030,BFN,manager,,t
bancf801,DTN188207030,DTN,manager,,t
orouj103,BFN188207041,BFN,manager,,t
orouj103,BFN188207042,BFN,manager,,t
ansoc101,CHN188207041,CHN,manager,,t
ansoc101,CHN188207042,CHN,manager,,t
bancf801,DTN188207041,DTN,manager,,t
bancf801,DTN188207042,DTN,manager,,t
orouj103,BFN188207060,BFN,manager,,t
bancf801,DTN188207060,DTN,manager,,t
ansoc101,CHN188207080,CHN,manager,,t
ansoc101,CHN188207110,CHN,manager,,t
fergb101,TRN188207110,TRN,manager,,t
bondt101,WOR188207110,WOR,manager,,t
morrj107,BSN188207120,BSN,manager,,t
ansoc101,CHN188207120,CHN,manager,,t
fergb101,TRN188207120,TRN,manager,,t
fergb101,TRN188207130,TRN,manager,,t
bondt101,WOR188207130,WOR,manager,,t
ansoc101,CHN188207140,CHN,manager,,t
ansoc101,CHN188207150,CHN,manager,,t
bancf801,DTN188207150,DTN,manager,,t
wrigh101,PRO188207150,PRO,manager,,t
bancf801,DTN188207170,DTN,manager,,t
fergb101,TRN188207170,TRN,manager,,t
morrj107,BSN188207180,BSN,manager,,t
ansoc101,CHN188207180,CHN,manager,,t
bancf801,DTN188207180,DTN,manager,,t
fergb101,TRN188207180,TRN,manager,,t
ansoc101,CHN188207190,CHN,manager,,t
wrigh101,PRO188207190,PRO,manager,,t
morrj107,BSN188207200,BSN,manager,,t
fergb101,TRN188207200,TRN,manager,,t
ansoc101,CHN188207210,CHN,manager,,t
bancf801,DTN188207210,DTN,manager,,t
ansoc101,CHN188207220,CHN,manager,,t
bancf801,DTN188207220,DTN,manager,,t
wrigh101,PRO188207220,PRO,manager,,t
ansoc101,CHN188207240,CHN,manager,,t
bancf801,DTN188207240,DTN,manager,,t
wrigh101,PRO188207240,PRO,manager,,t
fergb101,TRN188207240,TRN,manager,,t
ansoc101,CHN188207250,CHN,manager,,t
bancf801,DTN188207250,DTN,manager,,t
fergb101,TRN188207250,TRN,manager,,t
chapj102,WOR188207250,WOR,manager,,t
wrigh101,PRO188207260,PRO,manager,,t
fergb101,TRN188207260,TRN,manager,,t
bancf801,DTN188207270,DTN,manager,,t
orouj103,BFN188207280,BFN,manager,,t
bancf801,DTN188207280,DTN,manager,,t
wrigh101,PRO188207280,PRO,manager,,t
chapj102,WOR188207280,WOR,manager,,t
morrj107,BSN188207290,BSN,manager,,t
orouj103,BFN188207290,BFN,manager,,t
bancf801,DTN188207290,DTN,manager,,t
wrigh101,PRO188207290,PRO,manager,,t
morrj107,BSN188207310,BSN,manager,,t
orouj103,BFN188207310,BFN,manager,,t
wrigh101,PRO188207310,PRO,manager,,t
morrj107,BSN188208030,BSN,manager,,t
wrigh101,PRO188208030,PRO,manager,,t
fergb101,TRN188208030,TRN,manager,,t
wrigh101,PRO188208040,PRO,manager,,t
fergb101,TRN188208040,TRN,manager,,t
chapj102,WOR188208040,WOR,manager,,t
morrj107,BSN188208050,BSN,manager,,t
wrigh101,PRO188208050,PRO,manager,,t
chapj102,WOR188208050,WOR,manager,,t
morrj107,BSN188208070,BSN,manager,,t
chapj102,WOR188208070,WOR,manager,,t
fergb101,TRN188208080,TRN,manager,,t
morrj107,BSN188208090,BSN,manager,,t
wrigh101,PRO188208090,PRO,manager,,t
fergb101,TRN188208090,TRN,manager,,t
chapj102,WOR188208090,WOR,manager,,t
morrj107,BSN188208100,BSN,manager,,t
wrigh101,PRO188208100,PRO,manager,,t
fergb101,TRN188208100,TRN,manager,,t
chapj102,WOR188208100,WOR,manager,,t
morrj107,BSN188208120,BSN,manager,,t
wrigh101,PRO188208120,PRO,manager,,t
chapj102,WOR188208120,WOR,manager,,t
fergb101,TRN188208140,TRN,manager,,t
wrigh101,PRO188208160,PRO,manager,,t
fergb101,TRN188208160,TRN,manager,,t
morrj107,BSN188208170,BSN,manager,,t
wrigh101,PRO188208170,PRO,manager,,t
fergb101,TRN188208170,TRN,manager,,t
chapj102,WOR188208170,WOR,manager,,t
morrj107,BSN188208180,BSN,manager,,t
chapj102,WOR188208180,WOR,manager,,t
morrj107,BSN188208190,BSN,manager,,t
wrigh101,PRO188208190,PRO,manager,,t
chapj102,WOR188208190,WOR,manager,,t
fergb101,TRN188208210,TRN,manager,,t
morrj107,BSN188208220,BSN,manager,,t
chapj102,WOR188208220,WOR,manager,,t
morrj107,BSN188208230,BSN,manager,,t
fergb101,TRN188208230,TRN,manager,,t
chapj102,WOR188208230,WOR,manager,,t
morrj107,BSN188208240,BSN,manager,,t
wrigh101,PRO188208240,PRO,manager,,t
chapj102,WOR188208240,WOR,manager,,t
wrigh101,PRO188208250,PRO,manager,,t
fergb101,TRN188208250,TRN,manager,,t
wrigh101,PRO188208260,PRO,manager,,t
fergb101,TRN188208260,TRN,manager,,t
ansoc101,CHN188208290,CHN,manager,,t
bancf801,DTN188208290,DTN,manager,,t
orouj103,BFN188208310,BFN,manager,,t
bancf801,DTN188208310,DTN,manager,,t
orouj103,BFN188209010,BFN,manager,,t
ansoc101,CHN188209010,CHN,manager,,t
bancf801,DTN188209010,DTN,manager,,t
orouj103,BFN188209020,BFN,manager,,t
ansoc101,CHN188209020,CHN,manager,,t
bancf801,DTN188209040,DTN,manager,,t
orouj103,BFN188209050,BFN,manager,,t
ansoc101,CHN188209050,CHN,manager,,t
bancf801,DTN188209050,DTN,manager,,t
orouj103,BFN188209070,BFN,manager,,t
ansoc101,CHN188209070,CHN,manager,,t
bancf801,DTN188209070,DTN,manager,,t
orouj103,BFN188209090,BFN,manager,,t
ansoc101,CHN188209090,CHN,manager,,t
bancf801,DTN188209090,DTN,manager,,t
orouj103,BFN188209120,BFN,manager,,t
ansoc101,CHN188209120,CHN,manager,,t
bancf801,DTN188209120,DTN,manager,,t
orouj103,BFN188209130,BFN,manager,,t
ansoc101,CHN188209130,CHN,manager,,t
bancf801,DTN188209130,DTN,manager,,t
orouj103,BFN188209140,BFN,manager,,t
ansoc101,CHN188209140,CHN,manager,,t
bancf801,DTN188209140,DTN,manager,,t
orouj103,BFN188209160,BFN,manager,,t
ansoc101,CHN188209160,CHN,manager,,t
bancf801,DTN188209160,DTN,manager,,t
orouj103,BFN188209180,BFN,manager,,t
orouj103,BFN188209190,BFN,manager,,t
ansoc101,CHN188209190,CHN,manager,,t
bancf801,DTN188209190,DTN,manager,,t
ansoc101,CHN188209200,CHN,manager,,t
bancf801,DTN188209200,DTN,manager,,t
morrj107,BSN188209220,BSN,manager,,t
orouj103,BFN188209220,BFN,manager,,t
orouj103,BFN188209230,BFN,manager,,t
wrigh101,PRO188209230,PRO,manager,,t
morrj107,BSN188209250,BSN,manager,,t
orouj103,BFN188209250,BFN,manager,,t
chapj102,WOR188209251,WOR,manager,,t
chapj102,WOR188209252,WOR,manager,,t
morrj107,BSN188209260,BSN,manager,,t
orouj103,BFN188209260,BFN,manager,,t
ansoc101,CHN188209270,CHN,manager,,t
chapj102,WOR188209270,WOR,manager,,t
ansoc101,CHN188209280,CHN,manager,,t
chapj102,WOR188209280,WOR,manager,,t
chapj102,WOR188209290,WOR,manager,,t
morrj107,BSN188209300,BSN,manager,,t
ansoc101,CHN188209300,CHN,manager,,t
wrigh101,PRO188210020,PRO,manager,,t
bondt101,BSN188205010,WOR,1,,t
corcl101,BFN188205010,CHN,1,,t
keeft101,PRO188205010,TRN,1,,t
welcm102,PRO188205020,TRN,1,,t
mathb101,WOR188205020,BSN,1,,t
coref101,BSN188205030,WOR,1,,t
goldf101,BFN188205030,CHN,1,,t
keeft101,PRO188205030,TRN,1,,t
keeft101,BSN188205050,TRN,1,,t
wieds101,BFN188205050,DTN,1,,t
radbc101,WOR188205050,PRO,1,,t
welcm102,BSN188205060,TRN,1,,t
derbg101,BFN188205060,DTN,1,,t
mounf101,PRO188205060,WOR,1,,t
keeft101,BSN188205080,TRN,1,,t
radbc101,WOR188205080,PRO,1,,t
wieds101,BFN188205090,DTN,1,,t
bradg103,CHN188205100,CL2,1,,t
whitj102,PRO188205100,BSN,1,,t
keeft101,WOR188205100,TRN,1,,t
radbc101,BSN188205110,PRO,1,,t
keeft101,WOR188205110,TRN,1,,t
mccoj103,CHN188205150,CL2,1,,t
dailh101,DTN188205150,BFN,1,,t
mathb101,PRO188205150,BSN,1,,t
keeft101,WOR188205150,TRN,1,,t
galvj103,CHN188205160,BFN,1,,t
bradg103,DTN188205160,CL2,1,,t
radbc101,TRN188205160,PRO,1,,t
whitj102,WOR188205160,BSN,1,,t
mounf101,BSN188205170,WOR,1,,t
dailh101,CHN188205170,BFN,1,,t
mccoj103,DTN188205170,CL2,1,,t
wardm101,TRN188205170,PRO,1,,t
dailh101,CHN188205180,BFN,1,,t
mccoj103,DTN188205180,CL2,1,,t
radbc101,TRN188205180,PRO,1,,t
buffc101,WOR188205180,BSN,1,,t
galvj103,DTN188205190,BFN,1,,t
wieds101,CHN188205200,DTN,1,,t
buffc101,TRN188205200,BSN,1,,t
derbg101,CHN188205220,DTN,1,,t
whitj102,TRN188205220,BSN,1,,t
radbc101,WOR188205220,PRO,1,,t
wieds101,CHN188205230,DTN,1,,t
whitj102,TRN188205230,BSN,1,,t
mounf101,PRO188205240,WOR,1,,t
bradg103,BFN188205250,CL2,1,,t
corcl101,DTN188205250,CHN,1,,t
radbc101,BSN188205260,PRO,1,,t
mccoj103,BFN188205260,CL2,1,,t
goldf101,DTN188205260,CHN,1,,t
richl104,TRN188205260,WOR,1,,t
buffc101,PRO188205270,BSN,1,,t
richl104,TRN188205270,WOR,1,,t
radbc101,BSN188205290,PRO,1,,t
mccoj103,BFN188205290,CL2,1,,t
richl104,TRN188205290,WOR,1,,t
dailh101,BSN188205300,BFN,1,,t
wieds101,PRO188205300,DTN,1,,t
mccoj103,WOR188205300,CL2,1,,t
goldf101,TRN188205301,CHN,1,,t
corcl101,TRN188205302,CHN,1,,t
galvj103,BSN188205310,BFN,1,,t
derbg101,PRO188205310,DTN,1,,t
goldf101,TRN188205310,CHN,1,,t
bradg103,WOR188205310,CL2,1,,t
mccoj103,WOR188206010,CL2,1,,t
galvj103,BSN188206020,BFN,1,,t
wieds101,PRO188206020,DTN,1,,t
derbg101,BSN188206030,DTN,1,,t
dailh101,PRO188206030,BFN,1,,t
corcl101,WOR188206030,CHN,1,,t
wieds101,BSN188206050,DTN,1,,t
derbg101,BSN188206060,DTN,1,,t
galvj103,PRO188206060,BFN,1,,t
mccoj103,TRN188206060,CL2,1,,t
goldf101,WOR188206060,CHN,1,,t
derbg101,BSN188206070,DTN,1,,t
galvj103,PRO188206070,BFN,1,,t
mccoj103,TRN188206070,CL2,1,,t
corcl101,WOR188206070,CHN,1,,t
bradg103,TRN188206080,CL2,1,,t
mccoj103,BSN188206090,CL2,1,,t
goldf101,PRO188206090,CHN,1,,t
galvj103,TRN188206090,BFN,1,,t
derbg101,WOR188206090,DTN,1,,t
mccoj103,BSN188206100,CL2,1,,t
corcl101,PRO188206100,CHN,1,,t
burkj105,TRN188206100,BFN,1,,t
wieds101,WOR188206100,DTN,1,,t
bradg103,BSN188206120,CL2,1,,t
goldf101,PRO188206120,CHN,1,,t
dailh101,TRN188206120,BFN,1,,t
derbg101,WOR188206120,DTN,1,,t
corcl101,BSN188206140,CHN,1,,t
mccoj103,PRO188206140,CL2,1,,t
derbg101,TRN188206140,DTN,1,,t
galvj103,WOR188206140,BFN,1,,t
goldf101,BSN188206150,CHN,1,,t
mccoj103,PRO188206150,CL2,1,,t
galvj103,WOR188206150,BFN,1,,t
wieds101,TRN188206160,DTN,1,,t
dailh101,WOR188206160,BFN,1,,t
corcl101,BSN188206170,CHN,1,,t
mccoj103,PRO188206170,CL2,1,,t
derbg101,TRN188206170,DTN,1,,t
goldf101,DTN188206190,CHN,1,,t
keeft101,BFN188206200,TRN,1,,t
richl104,CHN188206200,WOR,1,,t
radbc101,DTN188206200,PRO,1,,t
keeft101,BFN188206210,TRN,1,,t
coref101,CHN188206210,WOR,1,,t
wardm101,DTN188206210,PRO,1,,t
welcm102,BFN188206220,TRN,1,,t
richl104,CHN188206220,WOR,1,,t
wardm101,DTN188206220,PRO,1,,t
mathb101,BFN188206240,BSN,1,,t
radbc101,CHN188206240,PRO,1,,t
mathb101,BFN188206260,BSN,1,,t
radbc101,CHN188206260,PRO,1,,t
richl104,DTN188206260,WOR,1,,t
mathb101,BFN188206270,BSN,1,,t
wardm101,CHN188206270,PRO,1,,t
mounf101,DTN188206270,WOR,1,,t
richl104,DTN188206280,WOR,1,,t
radbc101,BFN188206290,PRO,1,,t
mathb101,CHN188206290,BSN,1,,t
keeft101,DTN188206290,TRN,1,,t
whitj102,CHN188206300,BSN,1,,t
wardm101,BFN188207010,PRO,1,,t
whitj102,CHN188207010,BSN,1,,t
welcm102,DTN188207010,TRN,1,,t
wardm101,BFN188207030,PRO,1,,t
welcm102,DTN188207030,TRN,1,,t
coref101,BFN188207041,WOR,1,,t
richl104,BFN188207042,WOR,1,,t
keeft101,CHN188207041,TRN,1,,t
keeft101,CHN188207042,TRN,1,,t
mathb101,DTN188207041,BSN,1,,t
whitj102,DTN188207042,BSN,1,,t
mounf101,BFN188207060,WOR,1,,t
whitj102,DTN188207060,BSN,1,,t
keeft101,CHN188207080,TRN,1,,t
derbg101,CHN188207110,DTN,1,,t
radbc101,TRN188207110,PRO,1,,t
whitj102,WOR188207110,BSN,1,,t
mounf101,BSN188207120,WOR,1,,t
wieds101,CHN188207120,DTN,1,,t
wardm101,TRN188207120,PRO,1,,t
radbc101,TRN188207130,PRO,1,,t
whitj102,WOR188207130,BSN,1,,t
derbg101,CHN188207140,DTN,1,,t
dailh101,CHN188207150,BFN,1,,t
mccoj103,DTN188207150,CL2,1,,t
whitj102,PRO188207150,BSN,1,,t
bradg103,DTN188207170,CL2,1,,t
richl104,TRN188207170,WOR,1,,t
radbc101,BSN188207180,PRO,1,,t
galvj103,CHN188207180,BFN,1,,t
mccoj103,DTN188207180,CL2,1,,t
richl104,TRN188207180,WOR,1,,t
dailh101,CHN188207190,BFN,1,,t
mathb101,PRO188207190,BSN,1,,t
radbc101,BSN188207200,PRO,1,,t
richl104,TRN188207200,WOR,1,,t
mccoj103,CHN188207210,CL2,1,,t
dailh101,DTN188207210,BFN,1,,t
mccoj103,CHN188207220,CL2,1,,t
galvj103,DTN188207220,BFN,1,,t
mounf101,PRO188207220,WOR,1,,t
rowed102,CHN188207240,CL2,1,,t
dailh101,DTN188207240,BFN,1,,t
mounf101,PRO188207240,WOR,1,,t
whitj102,TRN188207240,BSN,1,,t
mccoj103,CHN188207250,CL2,1,,t
galvj103,DTN188207250,BFN,1,,t
whitj102,TRN188207250,BSN,1,,t
radbc101,WOR188207250,PRO,1,,t
richl104,PRO188207260,WOR,1,,t
mathb101,TRN188207260,BSN,1,,t
corcl101,DTN188207270,CHN,1,,t
mccoj103,BFN188207280,CL2,1,,t
goldf101,DTN188207280,CHN,1,,t
eganj101,PRO188207280,TRN,1,,t
whitj102,WOR188207280,BSN,1,,t
mounf101,BSN188207290,WOR,1,,t
mccoj103,BFN188207290,CL2,1,,t
corcl101,DTN188207290,CHN,1,,t
eganj101,PRO188207290,TRN,1,,t
richl104,BSN188207310,WOR,1,,t
mccoj103,BFN188207310,CL2,1,,t
eganj101,PRO188207310,TRN,1,,t
corcl101,BSN188208030,CHN,1,,t
mccoj103,PRO188208030,CL2,1,,t
purcb101,TRN188208030,BFN,1,,t
bradg103,PRO188208040,CL2,1,,t
dailh101,TRN188208040,BFN,1,,t
wieds101,WOR188208040,DTN,1,,t
goldf101,BSN188208050,CHN,1,,t
mccoj103,PRO188208050,CL2,1,,t
derbg101,WOR188208050,DTN,1,,t
corcl101,BSN188208070,CHN,1,,t
wieds101,WOR188208070,DTN,1,,t
dailh101,TRN188208080,BFN,1,,t
mccoj103,BSN188208090,CL2,1,,t
goldf101,PRO188208090,CHN,1,,t
derbg101,TRN188208090,DTN,1,,t
galvj103,WOR188208090,BFN,1,,t
mccoj103,BSN188208100,CL2,1,,t
goldf101,PRO188208100,CHN,1,,t
wieds101,TRN188208100,DTN,1,,t
dailh101,WOR188208100,BFN,1,,t
mccoj103,BSN188208120,CL2,1,,t
corcl101,PRO188208120,CHN,1,,t
galvj103,WOR188208120,BFN,1,,t
derbg101,TRN188208140,DTN,1,,t
derbg101,PRO188208160,DTN,1,,t
corcl101,TRN188208160,CHN,1,,t
galvj103,BSN188208170,BFN,1,,t
wieds101,PRO188208170,DTN,1,,t
goldf101,TRN188208170,CHN,1,,t
mccoj103,WOR188208170,CL2,1,,t
dailh101,BSN188208180,BFN,1,,t
mccoj103,WOR188208180,CL2,1,,t
galvj103,BSN188208190,BFN,1,,t
wieds101,PRO188208190,DTN,1,,t
mccoj103,WOR188208190,CL2,1,,t
goldf101,TRN188208210,CHN,1,,t
derbg101,BSN188208220,DTN,1,,t
goldf101,WOR188208220,CHN,1,,t
wieds101,BSN188208230,DTN,1,,t
mccoj103,TRN188208230,CL2,1,,t
goldf101,WOR188208230,CHN,1,,t
derbg101,BSN188208240,DTN,1,,t
galvj103,PRO188208240,BFN,1,,t
goldf101,WOR188208240,CHN,1,,t
galvj103,PRO188208250,BFN,1,,t
mccoj103,TRN188208250,CL2,1,,t
galvj103,PRO188208260,BFN,1,,t
mccoj103,TRN188208260,CL2,1,,t
whitj102,CHN188208290,BSN,1,,t
keeft101,DTN188208290,TRN,1,,t
radbc101,BFN188208310,PRO,1,,t
welcm102,DTN188208310,TRN,1,,t
wardm101,BFN188209010,PRO,1,,t
whitj102,CHN188209010,BSN,1,,t
keeft101,DTN188209010,TRN,1,,t
radbc101,BFN188209020,PRO,1,,t
mathb101,CHN188209020,BSN,1,,t
keeft101,DTN188209040,TRN,1,,t
richl104,BFN188209050,WOR,1,,t
keeft101,CHN188209050,TRN,1,,t
whitj102,DTN188209050,BSN,1,,t
richl104,BFN188209070,WOR,1,,t
welcm102,CHN188209070,TRN,1,,t
mathb101,DTN188209070,BSN,1,,t
mounf101,BFN188209090,WOR,1,,t
welcm102,CHN188209090,TRN,1,,t
mathb101,DTN188209090,BSN,1,,t
keeft101,BFN188209120,TRN,1,,t
radbc101,CHN188209120,PRO,1,,t
richl104,DTN188209120,WOR,1,,t
welcm102,BFN188209130,TRN,1,,t
wardm101,CHN188209130,PRO,1,,t
richl104,DTN188209130,WOR,1,,t
keeft101,BFN188209140,TRN,1,,t
radbc101,CHN188209140,PRO,1,,t
richl104,DTN188209140,WOR,1,,t
whitj102,BFN188209160,BSN,1,,t
richl104,CHN188209160,WOR,1,,t
wardm101,DTN188209160,PRO,1,,t
mathb101,BFN188209180,BSN,1,,t
mathb101,BFN188209190,BSN,1,,t
richl104,CHN188209190,WOR,1,,t
radbc101,DTN188209190,PRO,1,,t
mounf101,CHN188209200,WOR,1,,t
radbc101,DTN188209200,PRO,1,,t
keeft101,BSN188209220,TRN,1,,t
derbg101,BFN188209220,DTN,1,,t
derbg101,BFN188209230,DTN,1,,t
richl104,PRO188209230,WOR,1,,t
welcm102,BSN188209250,TRN,1,,t
whita102,BFN188209250,DTN,1,,t
radbc101,WOR188209251,PRO,1,,t
radbc101,WOR188209252,PRO,1,,t
welcm102,BSN188209260,TRN,1,,t
goldf101,BFN188209260,CHN,1,,t
galvj103,CHN188209270,BFN,1,,t
welcm102,WOR188209270,TRN,1,,t
purcb101,CHN188209280,BFN,1,,t
keeft101,WOR188209280,TRN,1,,t
welcm102,WOR188209290,TRN,1,,t
radbc101,BSN188209300,PRO,1,,t
galvj103,CHN188209300,BFN,1,,t
whitj102,PRO188210020,BSN,1,,t
whitj102,BSN188205010,BSN,1,,t
dailh101,BFN188205010,BFN,1,,t
wardm101,PRO188205010,PRO,1,,t
radbc101,PRO188205020,PRO,1,,t
clarj102,WOR188205020,WOR,1,,t
whitj102,BSN188205030,BSN,1,,t
galvj103,BFN188205030,BFN,1,,t
wardm101,PRO188205030,PRO,1,,t
whitj102,BSN188205050,BSN,1,,t
dailh101,BFN188205050,BFN,1,,t
clarj102,WOR188205050,WOR,1,,t
whitj102,BSN188205060,BSN,1,,t
galvj103,BFN188205060,BFN,1,,t
wardm101,PRO188205060,PRO,1,,t
whitj102,BSN188205080,BSN,1,,t
mounf101,WOR188205080,WOR,1,,t
dailh101,BFN188205090,BFN,1,,t
goldf101,CHN188205100,CHN,1,,t
wardm101,PRO188205100,PRO,1,,t
mounf101,WOR188205100,WOR,1,,t
mathb101,BSN188205110,BSN,1,,t
clarj102,WOR188205110,WOR,1,,t
corcl101,CHN188205150,CHN,1,,t
derbg101,DTN188205150,DTN,1,,t
wardm101,PRO188205150,PRO,1,,t
richl104,WOR188205150,WOR,1,,t
goldf101,CHN188205160,CHN,1,,t
wieds101,DTN188205160,DTN,1,,t
keeft101,TRN188205160,TRN,1,,t
coref101,WOR188205160,WOR,1,,t
buffc101,BSN188205170,BSN,1,,t
corcl101,CHN188205170,CHN,1,,t
derbg101,DTN188205170,DTN,1,,t
eganj101,TRN188205170,TRN,1,,t
goldf101,CHN188205180,CHN,1,,t
wieds101,DTN188205180,DTN,1,,t
eganj101,TRN188205180,TRN,1,,t
richl104,WOR188205180,WOR,1,,t
derbg101,DTN188205190,DTN,1,,t
corcl101,CHN188205200,CHN,1,,t
keeft101,TRN188205200,TRN,1,,t
goldf101,CHN188205220,CHN,1,,t
keeft101,TRN188205220,TRN,1,,t
richl104,WOR188205220,WOR,1,,t
corcl101,CHN188205230,CHN,1,,t
welcm102,TRN188205230,TRN,1,,t
radbc101,PRO188205240,PRO,1,,t
dailh101,BFN188205250,BFN,1,,t
wieds101,DTN188205250,DTN,1,,t
whitj102,BSN188205260,BSN,1,,t
galvj103,BFN188205260,BFN,1,,t
derbg101,DTN188205260,DTN,1,,t
eganj101,TRN188205260,TRN,1,,t
radbc101,PRO188205270,PRO,1,,t
eganj101,TRN188205270,TRN,1,,t
mathb101,BSN188205290,BSN,1,,t
dailh101,BFN188205290,BFN,1,,t
eganj101,TRN188205290,TRN,1,,t
whitj102,BSN188205300,BSN,1,,t
wardm101,PRO188205300,PRO,1,,t
bondt101,WOR188205300,WOR,1,,t
keeft101,TRN188205301,TRN,1,,t
welcm102,TRN188205302,TRN,1,,t
buffc101,BSN188205310,BSN,1,,t
wardm101,PRO188205310,PRO,1,,t
welcm102,TRN188205310,TRN,1,,t
coref101,WOR188205310,WOR,1,,t
richl104,WOR188206010,WOR,1,,t
whitj102,BSN188206020,BSN,1,,t
wardm101,PRO188206020,PRO,1,,t
whitj102,BSN188206030,BSN,1,,t
radbc101,PRO188206030,PRO,1,,t
richl104,WOR188206030,WOR,1,,t
whitj102,BSN188206050,BSN,1,,t
whitj102,BSN188206060,BSN,1,,t
wardm101,PRO188206060,PRO,1,,t
welcm102,TRN188206060,TRN,1,,t
richl104,WOR188206060,WOR,1,,t
mathb101,BSN188206070,BSN,1,,t
radbc101,PRO188206070,PRO,1,,t
welcm102,TRN188206070,TRN,1,,t
coref101,WOR188206070,WOR,1,,t
keeft101,TRN188206080,TRN,1,,t
whitj102,BSN188206090,BSN,1,,t
wardm101,PRO188206090,PRO,1,,t
welcm102,TRN188206090,TRN,1,,t
richl104,WOR188206090,WOR,1,,t
whitj102,BSN188206100,BSN,1,,t
radbc101,PRO188206100,PRO,1,,t
keeft101,TRN188206100,TRN,1,,t
richl104,WOR188206100,WOR,1,,t
whitj102,BSN188206120,BSN,1,,t
radbc101,PRO188206120,PRO,1,,t
welcm102,TRN188206120,TRN,1,,t
coref101,WOR188206120,WOR,1,,t
mathb101,BSN188206140,BSN,1,,t
radbc101,PRO188206140,PRO,1,,t
keeft101,TRN188206140,TRN,1,,t
richl104,WOR188206140,WOR,1,,t
whitj102,BSN188206150,BSN,1,,t
wardm101,PRO188206150,PRO,1,,t
coref101,WOR188206150,WOR,1,,t
eganj101,TRN188206160,TRN,1,,t
coref101,WOR188206160,WOR,1,,t
whitj102,BSN188206170,BSN,1,,t
radbc101,PRO188206170,PRO,1,,t
keeft101,TRN188206170,TRN,1,,t
wieds101,DTN188206190,DTN,1,,t
dailh101,BFN188206200,BFN,1,,t
corcl101,CHN188206200,CHN,1,,t
derbg101,DTN188206200,DTN,1,,t
galvj103,BFN188206210,BFN,1,,t
goldf101,CHN188206210,CHN,1,,t
wieds101,DTN188206210,DTN,1,,t
dailh101,BFN188206220,BFN,1,,t
corcl101,CHN188206220,CHN,1,,t
derbg101,DTN188206220,DTN,1,,t
galvj103,BFN188206240,BFN,1,,t
corcl101,CHN188206240,CHN,1,,t
dailh101,BFN188206260,BFN,1,,t
goldf101,CHN188206260,CHN,1,,t
wieds101,DTN188206260,DTN,1,,t
dailh101,BFN188206270,BFN,1,,t
goldf101,CHN188206270,CHN,1,,t
derbg101,DTN188206270,DTN,1,,t
wieds101,DTN188206280,DTN,1,,t
galvj103,BFN188206290,BFN,1,,t
corcl101,CHN188206290,CHN,1,,t
derbg101,DTN188206290,DTN,1,,t
goldf101,CHN188206300,CHN,1,,t
dailh101,BFN188207010,BFN,1,,t
corcl101,CHN188207010,CHN,1,,t
wieds101,DTN188207010,DTN,1,,t
galvj103,BFN188207030,BFN,1,,t
derbg101,DTN188207030,DTN,1,,t
galvj103,BFN188207041,BFN,1,,t
galvj103,BFN188207042,BFN,1,,t
goldf101,CHN188207041,CHN,1,,t
corcl101,CHN188207042,CHN,1,,t
wieds101,DTN188207041,DTN,1,,t
derbg101,DTN188207042,DTN,1,,t
galvj103,BFN188207060,BFN,1,,t
wieds101,DTN188207060,DTN,1,,t
goldf101,CHN188207080,CHN,1,,t
corcl101,CHN188207110,CHN,1,,t
keeft101,TRN188207110,TRN,1,,t
richl104,WOR188207110,WOR,1,,t
mathb101,BSN188207120,BSN,1,,t
goldf101,CHN188207120,CHN,1,,t
welcm102,TRN188207120,TRN,1,,t
keeft101,TRN188207130,TRN,1,,t
richl104,WOR188207130,WOR,1,,t
corcl101,CHN188207140,CHN,1,,t
goldf101,CHN188207150,CHN,1,,t
wieds101,DTN188207150,DTN,1,,t
radbc101,PRO188207150,PRO,1,,t
wieds101,DTN188207170,DTN,1,,t
keeft101,TRN188207170,TRN,1,,t
whitj102,BSN188207180,BSN,1,,t
corcl101,CHN188207180,CHN,1,,t
derbg101,DTN188207180,DTN,1,,t
welcm102,TRN188207180,TRN,1,,t
goldf101,CHN188207190,CHN,1,,t
wardm101,PRO188207190,PRO,1,,t
whitj102,BSN188207200,BSN,1,,t
keeft101,TRN188207200,TRN,1,,t
corcl101,CHN188207210,CHN,1,,t
wieds101,DTN188207210,DTN,1,,t
goldf101,CHN188207220,CHN,1,,t
derbg101,DTN188207220,DTN,1,,t
radbc101,PRO188207220,PRO,1,,t
corcl101,CHN188207240,CHN,1,,t
wieds101,DTN188207240,DTN,1,,t
wardm101,PRO188207240,PRO,1,,t
welcm102,TRN188207240,TRN,1,,t
goldf101,CHN188207250,CHN,1,,t
derbg101,DTN188207250,DTN,1,,t
welcm102,TRN188207250,TRN,1,,t
mounf101,WOR188207250,WOR,1,,t
wardm101,PRO188207260,PRO,1,,t
eganj101,TRN188207260,TRN,1,,t
wieds101,DTN188207270,DTN,1,,t
galvj103,BFN188207280,BFN,1,,t
derbg101,DTN188207280,DTN,1,,t
radbc101,PRO188207280,PRO,1,,t
richl104,WOR188207280,WOR,1,,t
mathb101,BSN188207290,BSN,1,,t
galvj103,BFN188207290,BFN,1,,t
wieds101,DTN188207290,DTN,1,,t
wardm101,PRO188207290,PRO,1,,t
mathb101,BSN188207310,BSN,1,,t
galvj103,BFN188207310,BFN,1,,t
radbc101,PRO188207310,PRO,1,,t
whitj102,BSN188208030,BSN,1,,t
wardm101,PRO188208030,PRO,1,,t
welcm102,TRN188208030,TRN,1,,t
radbc101,PRO188208040,PRO,1,,t
welcm102,TRN188208040,TRN,1,,t
coref101,WOR188208040,WOR,1,,t
mathb101,BSN188208050,BSN,1,,t
wardm101,PRO188208050,PRO,1,,t
richl104,WOR188208050,WOR,1,,t
whitj102,BSN188208070,BSN,1,,t
richl104,WOR188208070,WOR,1,,t
keeft101,TRN188208080,TRN,1,,t
whitj102,BSN188208090,BSN,1,,t
radbc101,PRO188208090,PRO,1,,t
keeft101,TRN188208090,TRN,1,,t
richl104,WOR188208090,WOR,1,,t
whitj102,BSN188208100,BSN,1,,t
wardm101,PRO188208100,PRO,1,,t
keeft101,TRN188208100,TRN,1,,t
coref101,WOR188208100,WOR,1,,t
whitj102,BSN188208120,BSN,1,,t
radbc101,PRO188208120,PRO,1,,t
richl104,WOR188208120,WOR,1,,t
keeft101,TRN188208140,TRN,1,,t
radbc101,PRO188208160,PRO,1,,t
keeft101,TRN188208160,TRN,1,,t
whitj102,BSN188208170,BSN,1,,t
wardm101,PRO188208170,PRO,1,,t
welcm102,TRN188208170,TRN,1,,t
richl104,WOR188208170,WOR,1,,t
mathb101,BSN188208180,BSN,1,,t
coref101,WOR188208180,WOR,1,,t
whitj102,BSN188208190,BSN,1,,t
radbc101,PRO188208190,PRO,1,,t
mounf101,WOR188208190,WOR,1,,t
keeft101,TRN188208210,TRN,1,,t
whitj102,BSN188208220,BSN,1,,t
coref101,WOR188208220,WOR,1,,t
mathb101,BSN188208230,BSN,1,,t
welcm102,TRN188208230,TRN,1,,t
richl104,WOR188208230,WOR,1,,t
whitj102,BSN188208240,BSN,1,,t
radbc101,PRO188208240,PRO,1,,t
richl104,WOR188208240,WOR,1,,t
wardm101,PRO188208250,PRO,1,,t
keeft101,TRN188208250,TRN,1,,t
radbc101,PRO188208260,PRO,1,,t
welcm102,TRN188208260,TRN,1,,t
goldf101,CHN188208290,CHN,1,,t
wieds101,DTN188208290,DTN,1,,t
galvj103,BFN188208310,BFN,1,,t
derbg101,DTN188208310,DTN,1,,t
galvj103,BFN188209010,BFN,1,,t
corcl101,CHN188209010,CHN,1,,t
wieds101,DTN188209010,DTN,1,,t
galvj103,BFN188209020,BFN,1,,t
goldf101,CHN188209020,CHN,1,,t
wieds101,DTN188209040,DTN,1,,t
galvj103,BFN188209050,BFN,1,,t
corcl101,CHN188209050,CHN,1,,t
wieds101,DTN188209050,DTN,1,,t
galvj103,BFN188209070,BFN,1,,t
goldf101,CHN188209070,CHN,1,,t
derbg101,DTN188209070,DTN,1,,t
galvj103,BFN188209090,BFN,1,,t
corcl101,CHN188209090,CHN,1,,t
wieds101,DTN188209090,DTN,1,,t
galvj103,BFN188209120,BFN,1,,t
goldf101,CHN188209120,CHN,1,,t
wieds101,DTN188209120,DTN,1,,t
purcb101,BFN188209130,BFN,1,,t
corcl101,CHN188209130,CHN,1,,t
wieds101,DTN188209130,DTN,1,,t
galvj103,BFN188209140,BFN,1,,t
goldf101,CHN188209140,CHN,1,,t
derbg101,DTN188209140,DTN,1,,t
galvj103,BFN188209160,BFN,1,,t
corcl101,CHN188209160,CHN,1,,t
wieds101,DTN188209160,DTN,1,,t
galvj103,BFN188209180,BFN,1,,t
purcb101,BFN188209190,BFN,1,,t
goldf101,CHN188209190,CHN,1,,t
wieds101,DTN188209190,DTN,1,,t
corcl101,CHN188209200,CHN,1,,t
wieds101,DTN188209200,DTN,1,,t
mathb101,BSN188209220,BSN,1,,t
galvj103,BFN188209220,BFN,1,,t
galvj103,BFN188209230,BFN,1,,t
radbc101,PRO188209230,PRO,1,,t
whitj102,BSN188209250,BSN,1,,t
galvj103,BFN188209250,BFN,1,,t
mounf101,WOR188209251,WOR,1,,t
richl104,WOR188209252,WOR,1,,t
mathb101,BSN188209260,BSN,1,,t
galvj103,BFN188209260,BFN,1,,t
corcl101,CHN188209270,CHN,1,,t
richl104,WOR188209270,WOR,1,,t
goldf101,CHN188209280,CHN,1,,t
richl104,WOR188209280,WOR,1,,t
evanj102,WOR188209290,WOR,1,,t
mathb101,BSN188209300,BSN,1,,t
corcl101,CHN188209300,CHN,1,,t
radbc101,PRO188210020,PRO,1,,t
