id,game_id,team_id,field_pos,batt_ord,start
dosch101,CHN188104300,UMP,ump_hp,,t
dunnj902,WOR188104300,UMP,ump_hp,,t
dosch101,CHN188105020,UMP,ump_hp,,t
giffj801,DTN188105020,UMP,ump_hp,,t
highd101,PRO188105020,UMP,ump_hp,,t
dunnj902,WOR188105020,UMP,ump_hp,,t
highd101,BSN188105030,UMP,ump_hp,,t
dosch101,CHN188105030,UMP,ump_hp,,t
giffj801,DTN188105030,UMP,ump_hp,,t
dunnj902,WOR188105030,UMP,ump_hp,,t
giffj801,DTN188105040,UMP,ump_hp,,t
highd101,PRO188105040,UMP,ump_hp,,t
highd101,BSN188105050,UMP,ump_hp,,t
jeffw901,BFN188105050,UMP,ump_hp,,t
smitp101,TRN188105050,UMP,ump_hp,,t
jeffw901,BFN188105060,UMP,ump_hp,,t
highd101,BSN188105070,UMP,ump_hp,,t
jeffw901,BFN188105070,UMP,ump_hp,,t
smitp101,TRN188105070,UMP,ump_hp,,t
jeffw901,BFN188105100,UMP,ump_hp,,t
dosch101,CHN188105100,UMP,ump_hp,,t
bradf101,DTN188105100,UMP,ump_hp,,t
jeffw901,BFN188105110,UMP,ump_hp,,t
dosch101,CHN188105110,UMP,ump_hp,,t
bradf101,DTN188105110,UMP,ump_hp,,t
jeffw901,BFN188105120,UMP,ump_hp,,t
dosch101,CHN188105120,UMP,ump_hp,,t
bradf101,DTN188105120,UMP,ump_hp,,t
jeffw901,BFN188105140,UMP,ump_hp,,t
bradf101,CHN188105140,UMP,ump_hp,,t
dosch101,DTN188105160,UMP,ump_hp,,t
bradf101,CHN188105170,UMP,ump_hp,,t
dosch101,DTN188105170,UMP,ump_hp,,t
jeffw901,BFN188105180,UMP,ump_hp,,t
bradf101,CHN188105180,UMP,ump_hp,,t
dosch101,DTN188105180,UMP,ump_hp,,t
jeffw901,BFN188105190,UMP,ump_hp,,t
bradf101,BFN188105200,UMP,ump_hp,,t
barka101,CHN188105200,UMP,ump_hp,,t
highd101,DTN188105200,UMP,ump_hp,,t
bradf101,BFN188105210,UMP,ump_hp,,t
barka101,CHN188105210,UMP,ump_hp,,t
highd101,DTN188105210,UMP,ump_hp,,t
highd101,DTN188105230,UMP,ump_hp,,t
bradf101,BFN188105240,UMP,ump_hp,,t
barka101,CHN188105240,UMP,ump_hp,,t
dosch101,BFN188105250,UMP,ump_hp,,t
jeffw901,CHN188105250,UMP,ump_hp,,t
highd101,DTN188105250,UMP,ump_hp,,t
dosch101,BFN188105260,UMP,ump_hp,,t
jeffw901,CHN188105260,UMP,ump_hp,,t
highd101,DTN188105260,UMP,ump_hp,,t
jeffw901,CHN188105270,UMP,ump_hp,,t
highd101,DTN188105270,UMP,ump_hp,,t
dosch101,BFN188105280,UMP,ump_hp,,t
powep101,BSN188105300,UMP,ump_hp,,t
bradf101,PRO188105300,UMP,ump_hp,,t
jeffw901,TRN188105300,UMP,ump_hp,,t
dosch101,WOR188105300,UMP,ump_hp,,t
powep101,BSN188106010,UMP,ump_hp,,t
bradf101,PRO188106010,UMP,ump_hp,,t
jeffw901,TRN188106010,UMP,ump_hp,,t
dosch101,WOR188106010,UMP,ump_hp,,t
powep101,BSN188106020,UMP,ump_hp,,t
bradf101,PRO188106020,UMP,ump_hp,,t
jeffw901,TRN188106020,UMP,ump_hp,,t
dosch101,WOR188106020,UMP,ump_hp,,t
bradf101,BSN188106040,UMP,ump_hp,,t
jeffw901,WOR188106040,UMP,ump_hp,,t
powep101,PRO188106060,UMP,ump_hp,,t
dosch101,TRN188106060,UMP,ump_hp,,t
bradf101,BSN188106070,UMP,ump_hp,,t
powep101,PRO188106070,UMP,ump_hp,,t
jeffw901,WOR188106070,UMP,ump_hp,,t
highd101,TRN188106080,UMP,ump_hp,,t
bradf101,BSN188106090,UMP,ump_hp,,t
powep101,PRO188106090,UMP,ump_hp,,t
dosch101,TRN188106090,UMP,ump_hp,,t
jeffw901,WOR188106090,UMP,ump_hp,,t
dosch101,BSN188106130,UMP,ump_hp,,t
jeffw901,PRO188106130,UMP,ump_hp,,t
powep101,TRN188106130,UMP,ump_hp,,t
bradf101,WOR188106130,UMP,ump_hp,,t
dosch101,BSN188106140,UMP,ump_hp,,t
dosch101,BSN188106150,UMP,ump_hp,,t
jeffw901,PRO188106150,UMP,ump_hp,,t
powep101,TRN188106150,UMP,ump_hp,,t
bradf101,WOR188106150,UMP,ump_hp,,t
jeffw901,PRO188106160,UMP,ump_hp,,t
powep101,TRN188106160,UMP,ump_hp,,t
bradf101,WOR188106160,UMP,ump_hp,,t
haweb101,BSN188106170,UMP,ump_hp,,t
dosch101,PRO188106170,UMP,ump_hp,,t
bradf101,TRN188106170,UMP,ump_hp,,t
powep101,WOR188106170,UMP,ump_hp,,t
smitp101,BSN188106180,UMP,ump_hp,,t
dosch101,PRO188106180,UMP,ump_hp,,t
powep101,WOR188106180,UMP,ump_hp,,t
dosch101,PRO188106200,UMP,ump_hp,,t
bradf101,TRN188106200,UMP,ump_hp,,t
smitp101,BSN188106210,UMP,ump_hp,,t
bradf101,TRN188106210,UMP,ump_hp,,t
powep101,WOR188106210,UMP,ump_hp,,t
hegew901,BFN188106240,UMP,ump_hp,,t
bradf101,CHN188106240,UMP,ump_hp,,t
powep101,DTN188106240,UMP,ump_hp,,t
hegew901,BFN188106250,UMP,ump_hp,,t
bradf101,CHN188106250,UMP,ump_hp,,t
bradf101,CHN188106270,UMP,ump_hp,,t
powep101,DTN188106270,UMP,ump_hp,,t
powep101,DTN188106280,UMP,ump_hp,,t
stead101,BFN188106290,UMP,ump_hp,,t
powep101,CHN188106290,UMP,ump_hp,,t
bradf101,DTN188106290,UMP,ump_hp,,t
stead101,BFN188106300,UMP,ump_hp,,t
powep101,CHN188106300,UMP,ump_hp,,t
bradf101,DTN188106300,UMP,ump_hp,,t
stead101,BFN188107020,UMP,ump_hp,,t
powep101,CHN188107020,UMP,ump_hp,,t
bradf101,DTN188107020,UMP,ump_hp,,t
jeffw901,CHN188107040,UMP,ump_hp,,t
powep101,BFN188107041,UMP,ump_hp,,t
powep101,BFN188107042,UMP,ump_hp,,t
dosch101,DTN188107041,UMP,ump_hp,,t
dosch101,DTN188107042,UMP,ump_hp,,t
jeffw901,CHN188107050,UMP,ump_hp,,t
powep101,BFN188107060,UMP,ump_hp,,t
jeffw901,CHN188107070,UMP,ump_hp,,t
dosch101,DTN188107070,UMP,ump_hp,,t
bradf101,BFN188107090,UMP,ump_hp,,t
dosch101,CHN188107090,UMP,ump_hp,,t
highd101,DTN188107090,UMP,ump_hp,,t
bradf101,BFN188107120,UMP,ump_hp,,t
dosch101,CHN188107120,UMP,ump_hp,,t
bradf101,BFN188107130,UMP,ump_hp,,t
dosch101,CHN188107130,UMP,ump_hp,,t
highd101,DTN188107130,UMP,ump_hp,,t
highd101,DTN188107140,UMP,ump_hp,,t
powep101,BFN188107160,UMP,ump_hp,,t
calle101,PRO188107160,UMP,ump_hp,,t
highd101,TRN188107160,UMP,ump_hp,,t
highd101,TRN188107180,UMP,ump_hp,,t
powep101,BFN188107190,UMP,ump_hp,,t
calle101,WOR188107190,UMP,ump_hp,,t
powep101,BFN188107200,UMP,ump_hp,,t
calle101,PRO188107200,UMP,ump_hp,,t
highd101,TRN188107200,UMP,ump_hp,,t
bradf101,BFN188107220,UMP,ump_hp,,t
dosch101,DTN188107220,UMP,ump_hp,,t
highd101,TRN188107220,UMP,ump_hp,,t
smitp101,WOR188107220,UMP,ump_hp,,t
smitp101,BSN188107230,UMP,ump_hp,,t
bradf101,BFN188107230,UMP,ump_hp,,t
dosch101,DTN188107230,UMP,ump_hp,,t
highd101,TRN188107250,UMP,ump_hp,,t
dosch101,DTN188107260,UMP,ump_hp,,t
highd101,TRN188107260,UMP,ump_hp,,t
smitp101,WOR188107260,UMP,ump_hp,,t
highd101,BSN188107280,UMP,ump_hp,,t
dosch101,CHN188107280,UMP,ump_hp,,t
bradf101,DTN188107280,UMP,ump_hp,,t
calle101,WOR188107280,UMP,ump_hp,,t
highd101,BSN188107290,UMP,ump_hp,,t
dosch101,CHN188107290,UMP,ump_hp,,t
bradf101,DTN188107290,UMP,ump_hp,,t
calle101,PRO188107290,UMP,ump_hp,,t
highd101,BSN188107300,UMP,ump_hp,,t
dosch101,CHN188107300,UMP,ump_hp,,t
bradf101,DTN188107300,UMP,ump_hp,,t
calle101,WOR188107300,UMP,ump_hp,,t
kippe901,CHN188108020,UMP,ump_hp,,t
dosch101,DTN188108020,UMP,ump_hp,,t
highd101,PRO188108020,UMP,ump_hp,,t
calle101,BSN188108030,UMP,ump_hp,,t
highd101,PRO188108030,UMP,ump_hp,,t
kippe901,CHN188108040,UMP,ump_hp,,t
dosch101,DTN188108040,UMP,ump_hp,,t
highd101,PRO188108040,UMP,ump_hp,,t
calle101,WOR188108040,UMP,ump_hp,,t
calle101,BSN188108060,UMP,ump_hp,,t
kippe901,CHN188108060,UMP,ump_hp,,t
dosch101,DTN188108060,UMP,ump_hp,,t
highd101,PRO188108060,UMP,ump_hp,,t
smitp101,PRO188108080,UMP,ump_hp,,t
dosch101,CHN188108090,UMP,ump_hp,,t
highd101,WOR188108090,UMP,ump_hp,,t
smitp101,PRO188108100,UMP,ump_hp,,t
highd101,WOR188108100,UMP,ump_hp,,t
calle101,BSN188108110,UMP,ump_hp,,t
dosch101,CHN188108110,UMP,ump_hp,,t
dosch101,CHN188108130,UMP,ump_hp,,t
calle101,PRO188108130,UMP,ump_hp,,t
highd101,WOR188108130,UMP,ump_hp,,t
highd101,BSN188108150,UMP,ump_hp,,t
highd101,BSN188108160,UMP,ump_hp,,t
bradf101,CHN188108160,UMP,ump_hp,,t
calle101,WOR188108160,UMP,ump_hp,,t
highd101,BSN188108170,UMP,ump_hp,,t
bradf101,CHN188108170,UMP,ump_hp,,t
calle101,WOR188108170,UMP,ump_hp,,t
bradf101,CHN188108180,UMP,ump_hp,,t
calle101,WOR188108180,UMP,ump_hp,,t
dosch101,CHN188108200,UMP,ump_hp,,t
highd101,PRO188108200,UMP,ump_hp,,t
calle101,WOR188108200,UMP,ump_hp,,t
highd101,PRO188108220,UMP,ump_hp,,t
dosch101,CHN188108230,UMP,ump_hp,,t
calle101,WOR188108230,UMP,ump_hp,,t
calle101,WOR188108240,UMP,ump_hp,,t
dosch101,CHN188108250,UMP,ump_hp,,t
bradf101,BFN188108270,UMP,ump_hp,,t
dosch101,DTN188108270,UMP,ump_hp,,t
calle101,PRO188108270,UMP,ump_hp,,t
bradf101,BFN188108290,UMP,ump_hp,,t
calle101,PRO188108290,UMP,ump_hp,,t
highd101,TRN188108290,UMP,ump_hp,,t
bradf101,BFN188108300,UMP,ump_hp,,t
dosch101,DTN188108300,UMP,ump_hp,,t
calle101,PRO188108300,UMP,ump_hp,,t
highd101,TRN188108300,UMP,ump_hp,,t
bradf101,BFN188108310,UMP,ump_hp,,t
dosch101,DTN188108310,UMP,ump_hp,,t
calle101,PRO188108310,UMP,ump_hp,,t
highd101,TRN188108310,UMP,ump_hp,,t
kippe901,BFN188109020,UMP,ump_hp,,t
highd101,TRN188109020,UMP,ump_hp,,t
calle101,BSN188109030,UMP,ump_hp,,t
kippe901,BFN188109030,UMP,ump_hp,,t
highd101,TRN188109030,UMP,ump_hp,,t
calle101,BSN188109050,UMP,ump_hp,,t
kippe901,BFN188109050,UMP,ump_hp,,t
highd101,TRN188109050,UMP,ump_hp,,t
calle101,BSN188109070,UMP,ump_hp,,t
dosch101,DTN188109070,UMP,ump_hp,,t
highd101,TRN188109070,UMP,ump_hp,,t
dunnj902,BFN188109080,UMP,ump_hp,,t
dosch101,DTN188109080,UMP,ump_hp,,t
calle101,PRO188109080,UMP,ump_hp,,t
highd101,TRN188109080,UMP,ump_hp,,t
dunnj902,BFN188109090,UMP,ump_hp,,t
dosch101,DTN188109090,UMP,ump_hp,,t
highd101,TRN188109090,UMP,ump_hp,,t
calle101,BSN188109100,UMP,ump_hp,,t
dunnj902,BFN188109100,UMP,ump_hp,,t
highd101,TRN188109100,UMP,ump_hp,,t
burdj101,BSN188109130,UMP,ump_hp,,t
highd101,PRO188109130,UMP,ump_hp,,t
dosch101,TRN188109130,UMP,ump_hp,,t
dunnj902,WOR188109130,UMP,ump_hp,,t
kellk101,BSN188109140,UMP,ump_hp,,t
highd101,PRO188109140,UMP,ump_hp,,t
dosch101,TRN188109140,UMP,ump_hp,,t
dunnj902,WOR188109140,UMP,ump_hp,,t
highd101,PRO188109150,UMP,ump_hp,,t
dosch101,TRN188109150,UMP,ump_hp,,t
dunnj902,WOR188109150,UMP,ump_hp,,t
kellk101,BSN188109160,UMP,ump_hp,,t
dosch101,TRN188109160,UMP,ump_hp,,t
highd101,BSN188109170,UMP,ump_hp,,t
calle101,PRO188109170,UMP,ump_hp,,t
dosch101,WOR188109170,UMP,ump_hp,,t
keeft101,TRN188109190,UMP,ump_hp,,t
highd101,BSN188109200,UMP,ump_hp,,t
sulls101,TRN188109200,UMP,ump_hp,,t
bushd101,WOR188109200,UMP,ump_hp,,t
highd101,BSN188109210,UMP,ump_hp,,t
calle101,PRO188109210,UMP,ump_hp,,t
galvj103,TRN188109210,UMP,ump_hp,,t
dosch101,WOR188109210,UMP,ump_hp,,t
calle101,PRO188109220,UMP,ump_hp,,t
mannj101,BSN188109230,UMP,ump_hp,,t
dosch101,PRO188109230,UMP,ump_hp,,t
welcm102,TRN188109230,UMP,ump_hp,,t
highd101,WOR188109230,UMP,ump_hp,,t
rowej101,BSN188109240,UMP,ump_hp,,t
dosch101,PRO188109240,UMP,ump_hp,,t
highd101,WOR188109240,UMP,ump_hp,,t
briof101,TRN188109260,UMP,ump_hp,,t
forcd101,BSN188109270,UMP,ump_hp,,t
grose101,PRO188109270,UMP,ump_hp,,t
welcm102,TRN188109270,UMP,ump_hp,,t
highd101,WOR188109270,UMP,ump_hp,,t
irwia101,BSN188109280,UMP,ump_hp,,t
nolae101,PRO188109280,UMP,ump_hp,,t
highd101,TRN188109280,UMP,ump_hp,,t
quinp101,WOR188109280,UMP,ump_hp,,t
irwia101,BSN188109290,UMP,ump_hp,,t
nolae101,PRO188109290,UMP,ump_hp,,t
highd101,TRN188109290,UMP,ump_hp,,t
quinp101,WOR188109290,UMP,ump_hp,,t
irwia101,BSN188109300,UMP,ump_hp,,t
sulls101,PRO188109300,UMP,ump_hp,,t
highd101,TRN188109300,UMP,ump_hp,,t
quinp101,WOR188109300,UMP,ump_hp,,t
mcgem101,CHN188104300,CL2,manager,,t
fergb101,WOR188104300,TRN,manager,,t
mcgem101,CHN188105020,CL2,manager,,t
orouj103,DTN188105020,BFN,manager,,t
wrigh101,PRO188105020,BSN,manager,,t
fergb101,WOR188105020,TRN,manager,,t
farrj105,BSN188105030,PRO,manager,,t
mcgem101,CHN188105030,CL2,manager,,t
orouj103,DTN188105030,BFN,manager,,t
fergb101,WOR188105030,TRN,manager,,t
orouj103,DTN188105040,BFN,manager,,t
wrigh101,PRO188105040,BSN,manager,,t
farrj105,BSN188105050,PRO,manager,,t
bancf801,BFN188105050,DTN,manager,,t
dorgm101,TRN188105050,WOR,manager,,t
bancf801,BFN188105060,DTN,manager,,t
farrj105,BSN188105070,PRO,manager,,t
bancf801,BFN188105070,DTN,manager,,t
dorgm101,TRN188105070,WOR,manager,,t
wrigh101,BFN188105100,BSN,manager,,t
fergb101,CHN188105100,TRN,manager,,t
dorgm101,DTN188105100,WOR,manager,,t
wrigh101,BFN188105110,BSN,manager,,t
fergb101,CHN188105110,TRN,manager,,t
dorgm101,DTN188105110,WOR,manager,,t
wrigh101,BFN188105120,BSN,manager,,t
fergb101,CHN188105120,TRN,manager,,t
dorgm101,DTN188105120,WOR,manager,,t
farrj105,BFN188105140,PRO,manager,,t
dorgm101,CHN188105140,WOR,manager,,t
fergb101,DTN188105160,TRN,manager,,t
dorgm101,CHN188105170,WOR,manager,,t
fergb101,DTN188105170,TRN,manager,,t
farrj105,BFN188105180,PRO,manager,,t
dorgm101,CHN188105180,WOR,manager,,t
fergb101,DTN188105180,TRN,manager,,t
farrj105,BFN188105190,PRO,manager,,t
dorgm101,BFN188105200,WOR,manager,,t
wrigh101,CHN188105200,BSN,manager,,t
farrj105,DTN188105200,PRO,manager,,t
dorgm101,BFN188105210,WOR,manager,,t
wrigh101,CHN188105210,BSN,manager,,t
farrj105,DTN188105210,PRO,manager,,t
farrj105,DTN188105230,PRO,manager,,t
dorgm101,BFN188105240,WOR,manager,,t
wrigh101,CHN188105240,BSN,manager,,t
fergb101,BFN188105250,TRN,manager,,t
farrj105,CHN188105250,PRO,manager,,t
wrigh101,DTN188105250,BSN,manager,,t
fergb101,BFN188105260,TRN,manager,,t
farrj105,CHN188105260,PRO,manager,,t
wrigh101,DTN188105260,BSN,manager,,t
farrj105,CHN188105270,PRO,manager,,t
wrigh101,DTN188105270,BSN,manager,,t
fergb101,BFN188105280,TRN,manager,,t
clapj101,BSN188105300,CL2,manager,,t
orouj103,PRO188105300,BFN,manager,,t
ansoc101,TRN188105300,CHN,manager,,t
bancf801,WOR188105300,DTN,manager,,t
clapj101,BSN188106010,CL2,manager,,t
orouj103,PRO188106010,BFN,manager,,t
ansoc101,TRN188106010,CHN,manager,,t
bancf801,WOR188106010,DTN,manager,,t
clapj101,BSN188106020,CL2,manager,,t
orouj103,PRO188106020,BFN,manager,,t
ansoc101,TRN188106020,CHN,manager,,t
bancf801,WOR188106020,DTN,manager,,t
orouj103,BSN188106040,BFN,manager,,t
ansoc101,WOR188106040,CHN,manager,,t
clapj101,PRO188106060,CL2,manager,,t
bancf801,TRN188106060,DTN,manager,,t
orouj103,BSN188106070,BFN,manager,,t
clapj101,PRO188106070,CL2,manager,,t
ansoc101,WOR188106070,CHN,manager,,t
bancf801,TRN188106080,DTN,manager,,t
orouj103,BSN188106090,BFN,manager,,t
clapj101,PRO188106090,CL2,manager,,t
bancf801,TRN188106090,DTN,manager,,t
ansoc101,WOR188106090,CHN,manager,,t
bancf801,BSN188106130,DTN,manager,,t
ansoc101,PRO188106130,CHN,manager,,t
clapj101,TRN188106130,CL2,manager,,t
orouj103,WOR188106130,BFN,manager,,t
bancf801,BSN188106140,DTN,manager,,t
bancf801,BSN188106150,DTN,manager,,t
ansoc101,PRO188106150,CHN,manager,,t
clapj101,TRN188106150,CL2,manager,,t
orouj103,WOR188106150,BFN,manager,,t
ansoc101,PRO188106160,CHN,manager,,t
clapj101,TRN188106160,CL2,manager,,t
orouj103,WOR188106160,BFN,manager,,t
ansoc101,BSN188106170,CHN,manager,,t
bancf801,PRO188106170,DTN,manager,,t
orouj103,TRN188106170,BFN,manager,,t
clapj101,WOR188106170,CL2,manager,,t
ansoc101,BSN188106180,CHN,manager,,t
bancf801,PRO188106180,DTN,manager,,t
clapj101,WOR188106180,CL2,manager,,t
bancf801,PRO188106200,DTN,manager,,t
orouj103,TRN188106200,BFN,manager,,t
ansoc101,BSN188106210,CHN,manager,,t
orouj103,TRN188106210,BFN,manager,,t
clapj101,WOR188106210,CL2,manager,,t
dorgm101,BFN188106240,WOR,manager,,t
farrj105,CHN188106240,PRO,manager,,t
fergb101,DTN188106240,TRN,manager,,t
dorgm101,BFN188106250,WOR,manager,,t
farrj105,CHN188106250,PRO,manager,,t
farrj105,CHN188106270,PRO,manager,,t
fergb101,DTN188106270,TRN,manager,,t
fergb101,DTN188106280,TRN,manager,,t
wrigh101,BFN188106290,BSN,manager,,t
fergb101,CHN188106290,TRN,manager,,t
farrj105,DTN188106290,PRO,manager,,t
wrigh101,BFN188106300,BSN,manager,,t
fergb101,CHN188106300,TRN,manager,,t
farrj105,DTN188106300,PRO,manager,,t
wrigh101,BFN188107020,BSN,manager,,t
fergb101,CHN188107020,TRN,manager,,t
farrj105,DTN188107020,PRO,manager,,t
wrigh101,CHN188107040,BSN,manager,,t
fergb101,BFN188107041,TRN,manager,,t
fergb101,BFN188107042,TRN,manager,,t
dorgm101,DTN188107041,WOR,manager,,t
dorgm101,DTN188107042,WOR,manager,,t
wrigh101,CHN188107050,BSN,manager,,t
fergb101,BFN188107060,TRN,manager,,t
wrigh101,CHN188107070,BSN,manager,,t
dorgm101,DTN188107070,WOR,manager,,t
farrj105,BFN188107090,PRO,manager,,t
dorgm101,CHN188107090,WOR,manager,,t
wrigh101,DTN188107090,BSN,manager,,t
farrj105,BFN188107120,PRO,manager,,t
dorgm101,CHN188107120,WOR,manager,,t
farrj105,BFN188107130,PRO,manager,,t
dorgm101,CHN188107130,WOR,manager,,t
wrigh101,DTN188107130,BSN,manager,,t
wrigh101,DTN188107140,BSN,manager,,t
ansoc101,BFN188107160,CHN,manager,,t
dorgm101,PRO188107160,WOR,manager,,t
wrigh101,TRN188107160,BSN,manager,,t
wrigh101,TRN188107180,BSN,manager,,t
ansoc101,BFN188107190,CHN,manager,,t
farrj105,WOR188107190,PRO,manager,,t
ansoc101,BFN188107200,CHN,manager,,t
dorgm101,PRO188107200,WOR,manager,,t
wrigh101,TRN188107200,BSN,manager,,t
clapj101,BFN188107220,CL2,manager,,t
ansoc101,DTN188107220,CHN,manager,,t
farrj105,TRN188107220,PRO,manager,,t
wrigh101,WOR188107220,BSN,manager,,t
dorgm101,BSN188107230,WOR,manager,,t
clapj101,BFN188107230,CL2,manager,,t
ansoc101,DTN188107230,CHN,manager,,t
farrj105,TRN188107250,PRO,manager,,t
ansoc101,DTN188107260,CHN,manager,,t
farrj105,TRN188107260,PRO,manager,,t
wrigh101,WOR188107260,BSN,manager,,t
fergb101,BSN188107280,TRN,manager,,t
clapj101,CHN188107280,CL2,manager,,t
orouj103,DTN188107280,BFN,manager,,t
farrj105,WOR188107280,PRO,manager,,t
fergb101,BSN188107290,TRN,manager,,t
clapj101,CHN188107290,CL2,manager,,t
orouj103,DTN188107290,BFN,manager,,t
dorgm101,PRO188107290,WOR,manager,,t
fergb101,BSN188107300,TRN,manager,,t
clapj101,CHN188107300,CL2,manager,,t
orouj103,DTN188107300,BFN,manager,,t
farrj105,WOR188107300,PRO,manager,,t
orouj103,CHN188108020,BFN,manager,,t
clapj101,DTN188108020,CL2,manager,,t
fergb101,PRO188108020,TRN,manager,,t
dorgm101,BSN188108030,WOR,manager,,t
fergb101,PRO188108030,TRN,manager,,t
orouj103,CHN188108040,BFN,manager,,t
clapj101,DTN188108040,CL2,manager,,t
fergb101,PRO188108040,TRN,manager,,t
wrigh101,WOR188108040,BSN,manager,,t
dorgm101,BSN188108060,WOR,manager,,t
orouj103,CHN188108060,BFN,manager,,t
clapj101,DTN188108060,CL2,manager,,t
fergb101,PRO188108060,TRN,manager,,t
wrigh101,PRO188108080,BSN,manager,,t
bancf801,CHN188108090,DTN,manager,,t
fergb101,WOR188108090,TRN,manager,,t
wrigh101,PRO188108100,BSN,manager,,t
fergb101,WOR188108100,TRN,manager,,t
yorkt101,BSN188108110,PRO,manager,,t
bancf801,CHN188108110,DTN,manager,,t
bancf801,CHN188108130,DTN,manager,,t
wrigh101,PRO188108130,BSN,manager,,t
fergb101,WOR188108130,TRN,manager,,t
fergb101,BSN188108150,TRN,manager,,t
fergb101,BSN188108160,TRN,manager,,t
orouj103,CHN188108160,BFN,manager,,t
yorkt101,WOR188108160,PRO,manager,,t
fergb101,BSN188108170,TRN,manager,,t
orouj103,CHN188108170,BFN,manager,,t
yorkt101,WOR188108170,PRO,manager,,t
orouj103,CHN188108180,BFN,manager,,t
yorkt101,WOR188108180,PRO,manager,,t
bancf801,CHN188108200,DTN,manager,,t
fergb101,PRO188108200,TRN,manager,,t
wrigh101,WOR188108200,BSN,manager,,t
fergb101,PRO188108220,TRN,manager,,t
bancf801,CHN188108230,DTN,manager,,t
wrigh101,WOR188108230,BSN,manager,,t
wrigh101,WOR188108240,BSN,manager,,t
bancf801,CHN188108250,DTN,manager,,t
clapj101,BFN188108270,CL2,manager,,t
ansoc101,DTN188108270,CHN,manager,,t
stovh101,PRO188108270,WOR,manager,,t
clapj101,BFN188108290,CL2,manager,,t
stovh101,PRO188108290,WOR,manager,,t
wrigh101,TRN188108290,BSN,manager,,t
clapj101,BFN188108300,CL2,manager,,t
ansoc101,DTN188108300,CHN,manager,,t
stovh101,PRO188108300,WOR,manager,,t
wrigh101,TRN188108300,BSN,manager,,t
clapj101,BFN188108310,CL2,manager,,t
ansoc101,DTN188108310,CHN,manager,,t
stovh101,PRO188108310,WOR,manager,,t
wrigh101,TRN188108310,BSN,manager,,t
bancf801,BFN188109020,DTN,manager,,t
yorkt101,TRN188109020,PRO,manager,,t
stovh101,BSN188109030,WOR,manager,,t
bancf801,BFN188109030,DTN,manager,,t
yorkt101,TRN188109030,PRO,manager,,t
stovh101,BSN188109050,WOR,manager,,t
bancf801,BFN188109050,DTN,manager,,t
yorkt101,TRN188109050,PRO,manager,,t
yorkt101,BSN188109070,PRO,manager,,t
clapj101,DTN188109070,CL2,manager,,t
stovh101,TRN188109070,WOR,manager,,t
ansoc101,BFN188109080,CHN,manager,,t
clapj101,DTN188109080,CL2,manager,,t
wrigh101,PRO188109080,BSN,manager,,t
stovh101,TRN188109080,WOR,manager,,t
ansoc101,BFN188109090,CHN,manager,,t
clapj101,DTN188109090,CL2,manager,,t
stovh101,TRN188109090,WOR,manager,,t
yorkt101,BSN188109100,PRO,manager,,t
ansoc101,BFN188109100,CHN,manager,,t
stovh101,TRN188109100,WOR,manager,,t
ansoc101,BSN188109130,CHN,manager,,t
bancf801,PRO188109130,DTN,manager,,t
clapj101,TRN188109130,CL2,manager,,t
orouj103,WOR188109130,BFN,manager,,t
ansoc101,BSN188109140,CHN,manager,,t
bancf801,PRO188109140,DTN,manager,,t
clapj101,TRN188109140,CL2,manager,,t
orouj103,WOR188109140,BFN,manager,,t
bancf801,PRO188109150,DTN,manager,,t
clapj101,TRN188109150,CL2,manager,,t
orouj103,WOR188109150,BFN,manager,,t
ansoc101,BSN188109160,CHN,manager,,t
clapj101,TRN188109160,CL2,manager,,t
bancf801,BSN188109170,DTN,manager,,t
ansoc101,PRO188109170,CHN,manager,,t
clapj101,WOR188109170,CL2,manager,,t
orouj103,TRN188109190,BFN,manager,,t
bancf801,BSN188109200,DTN,manager,,t
orouj103,TRN188109200,BFN,manager,,t
clapj101,WOR188109200,CL2,manager,,t
bancf801,BSN188109210,DTN,manager,,t
ansoc101,PRO188109210,CHN,manager,,t
orouj103,TRN188109210,BFN,manager,,t
clapj101,WOR188109210,CL2,manager,,t
ansoc101,PRO188109220,CHN,manager,,t
orouj103,BSN188109230,BFN,manager,,t
clapj101,PRO188109230,CL2,manager,,t
ansoc101,TRN188109230,CHN,manager,,t
bancf801,WOR188109230,DTN,manager,,t
orouj103,BSN188109240,BFN,manager,,t
clapj101,PRO188109240,CL2,manager,,t
bancf801,WOR188109240,DTN,manager,,t
ansoc101,TRN188109260,CHN,manager,,t
orouj103,BSN188109270,BFN,manager,,t
clapj101,PRO188109270,CL2,manager,,t
ansoc101,TRN188109270,CHN,manager,,t
bancf801,WOR188109270,DTN,manager,,t
clapj101,BSN188109280,CL2,manager,,t
orouj103,PRO188109280,BFN,manager,,t
bancf801,TRN188109280,DTN,manager,,t
ansoc101,WOR188109280,CHN,manager,,t
clapj101,BSN188109290,CL2,manager,,t
orouj103,PRO188109290,BFN,manager,,t
bancf801,TRN188109290,DTN,manager,,t
ansoc101,WOR188109290,CHN,manager,,t
clapj101,BSN188109300,CL2,manager,,t
orouj103,PRO188109300,BFN,manager,,t
bancf801,TRN188109300,DTN,manager,,t
ansoc101,WOR188109300,CHN,manager,,t
ansoc101,CHN188104300,CHN,manager,,t
dorgm101,WOR188104300,WOR,manager,,t
ansoc101,CHN188105020,CHN,manager,,t
bancf801,DTN188105020,DTN,manager,,t
farrj105,PRO188105020,PRO,manager,,t
dorgm101,WOR188105020,WOR,manager,,t
wrigh101,BSN188105030,BSN,manager,,t
ansoc101,CHN188105030,CHN,manager,,t
bancf801,DTN188105030,DTN,manager,,t
dorgm101,WOR188105030,WOR,manager,,t
bancf801,DTN188105040,DTN,manager,,t
farrj105,PRO188105040,PRO,manager,,t
wrigh101,BSN188105050,BSN,manager,,t
orouj103,BFN188105050,BFN,manager,,t
fergb101,TRN188105050,TRN,manager,,t
orouj103,BFN188105060,BFN,manager,,t
wrigh101,BSN188105070,BSN,manager,,t
orouj103,BFN188105070,BFN,manager,,t
fergb101,TRN188105070,TRN,manager,,t
orouj103,BFN188105100,BFN,manager,,t
ansoc101,CHN188105100,CHN,manager,,t
bancf801,DTN188105100,DTN,manager,,t
orouj103,BFN188105110,BFN,manager,,t
ansoc101,CHN188105110,CHN,manager,,t
bancf801,DTN188105110,DTN,manager,,t
orouj103,BFN188105120,BFN,manager,,t
ansoc101,CHN188105120,CHN,manager,,t
bancf801,DTN188105120,DTN,manager,,t
orouj103,BFN188105140,BFN,manager,,t
ansoc101,CHN188105140,CHN,manager,,t
bancf801,DTN188105160,DTN,manager,,t
ansoc101,CHN188105170,CHN,manager,,t
bancf801,DTN188105170,DTN,manager,,t
orouj103,BFN188105180,BFN,manager,,t
ansoc101,CHN188105180,CHN,manager,,t
bancf801,DTN188105180,DTN,manager,,t
orouj103,BFN188105190,BFN,manager,,t
orouj103,BFN188105200,BFN,manager,,t
ansoc101,CHN188105200,CHN,manager,,t
bancf801,DTN188105200,DTN,manager,,t
orouj103,BFN188105210,BFN,manager,,t
ansoc101,CHN188105210,CHN,manager,,t
bancf801,DTN188105210,DTN,manager,,t
bancf801,DTN188105230,DTN,manager,,t
orouj103,BFN188105240,BFN,manager,,t
ansoc101,CHN188105240,CHN,manager,,t
orouj103,BFN188105250,BFN,manager,,t
ansoc101,CHN188105250,CHN,manager,,t
bancf801,DTN188105250,DTN,manager,,t
orouj103,BFN188105260,BFN,manager,,t
ansoc101,CHN188105260,CHN,manager,,t
bancf801,DTN188105260,DTN,manager,,t
ansoc101,CHN188105270,CHN,manager,,t
bancf801,DTN188105270,DTN,manager,,t
orouj103,BFN188105280,BFN,manager,,t
wrigh101,BSN188105300,BSN,manager,,t
farrj105,PRO188105300,PRO,manager,,t
fergb101,TRN188105300,TRN,manager,,t
dorgm101,WOR188105300,WOR,manager,,t
wrigh101,BSN188106010,BSN,manager,,t
farrj105,PRO188106010,PRO,manager,,t
fergb101,TRN188106010,TRN,manager,,t
dorgm101,WOR188106010,WOR,manager,,t
wrigh101,BSN188106020,BSN,manager,,t
farrj105,PRO188106020,PRO,manager,,t
fergb101,TRN188106020,TRN,manager,,t
dorgm101,WOR188106020,WOR,manager,,t
wrigh101,BSN188106040,BSN,manager,,t
dorgm101,WOR188106040,WOR,manager,,t
farrj105,PRO188106060,PRO,manager,,t
fergb101,TRN188106060,TRN,manager,,t
wrigh101,BSN188106070,BSN,manager,,t
farrj105,PRO188106070,PRO,manager,,t
dorgm101,WOR188106070,WOR,manager,,t
fergb101,TRN188106080,TRN,manager,,t
wrigh101,BSN188106090,BSN,manager,,t
farrj105,PRO188106090,PRO,manager,,t
fergb101,TRN188106090,TRN,manager,,t
dorgm101,WOR188106090,WOR,manager,,t
wrigh101,BSN188106130,BSN,manager,,t
farrj105,PRO188106130,PRO,manager,,t
fergb101,TRN188106130,TRN,manager,,t
dorgm101,WOR188106130,WOR,manager,,t
wrigh101,BSN188106140,BSN,manager,,t
wrigh101,BSN188106150,BSN,manager,,t
farrj105,PRO188106150,PRO,manager,,t
fergb101,TRN188106150,TRN,manager,,t
dorgm101,WOR188106150,WOR,manager,,t
farrj105,PRO188106160,PRO,manager,,t
fergb101,TRN188106160,TRN,manager,,t
dorgm101,WOR188106160,WOR,manager,,t
wrigh101,BSN188106170,BSN,manager,,t
farrj105,PRO188106170,PRO,manager,,t
fergb101,TRN188106170,TRN,manager,,t
dorgm101,WOR188106170,WOR,manager,,t
wrigh101,BSN188106180,BSN,manager,,t
farrj105,PRO188106180,PRO,manager,,t
dorgm101,WOR188106180,WOR,manager,,t
farrj105,PRO188106200,PRO,manager,,t
fergb101,TRN188106200,TRN,manager,,t
wrigh101,BSN188106210,BSN,manager,,t
fergb101,TRN188106210,TRN,manager,,t
dorgm101,WOR188106210,WOR,manager,,t
orouj103,BFN188106240,BFN,manager,,t
ansoc101,CHN188106240,CHN,manager,,t
bancf801,DTN188106240,DTN,manager,,t
orouj103,BFN188106250,BFN,manager,,t
ansoc101,CHN188106250,CHN,manager,,t
ansoc101,CHN188106270,CHN,manager,,t
bancf801,DTN188106270,DTN,manager,,t
bancf801,DTN188106280,DTN,manager,,t
orouj103,BFN188106290,BFN,manager,,t
ansoc101,CHN188106290,CHN,manager,,t
bancf801,DTN188106290,DTN,manager,,t
orouj103,BFN188106300,BFN,manager,,t
ansoc101,CHN188106300,CHN,manager,,t
bancf801,DTN188106300,DTN,manager,,t
orouj103,BFN188107020,BFN,manager,,t
ansoc101,CHN188107020,CHN,manager,,t
bancf801,DTN188107020,DTN,manager,,t
ansoc101,CHN188107040,CHN,manager,,t
orouj103,BFN188107041,BFN,manager,,t
orouj103,BFN188107042,BFN,manager,,t
bancf801,DTN188107041,DTN,manager,,t
bancf801,DTN188107042,DTN,manager,,t
ansoc101,CHN188107050,CHN,manager,,t
orouj103,BFN188107060,BFN,manager,,t
ansoc101,CHN188107070,CHN,manager,,t
bancf801,DTN188107070,DTN,manager,,t
orouj103,BFN188107090,BFN,manager,,t
ansoc101,CHN188107090,CHN,manager,,t
bancf801,DTN188107090,DTN,manager,,t
orouj103,BFN188107120,BFN,manager,,t
ansoc101,CHN188107120,CHN,manager,,t
orouj103,BFN188107130,BFN,manager,,t
ansoc101,CHN188107130,CHN,manager,,t
bancf801,DTN188107130,DTN,manager,,t
bancf801,DTN188107140,DTN,manager,,t
orouj103,BFN188107160,BFN,manager,,t
farrj105,PRO188107160,PRO,manager,,t
fergb101,TRN188107160,TRN,manager,,t
fergb101,TRN188107180,TRN,manager,,t
orouj103,BFN188107190,BFN,manager,,t
dorgm101,WOR188107190,WOR,manager,,t
orouj103,BFN188107200,BFN,manager,,t
farrj105,PRO188107200,PRO,manager,,t
fergb101,TRN188107200,TRN,manager,,t
orouj103,BFN188107220,BFN,manager,,t
bancf801,DTN188107220,DTN,manager,,t
fergb101,TRN188107220,TRN,manager,,t
dorgm101,WOR188107220,WOR,manager,,t
wrigh101,BSN188107230,BSN,manager,,t
orouj103,BFN188107230,BFN,manager,,t
bancf801,DTN188107230,DTN,manager,,t
fergb101,TRN188107250,TRN,manager,,t
bancf801,DTN188107260,DTN,manager,,t
fergb101,TRN188107260,TRN,manager,,t
dorgm101,WOR188107260,WOR,manager,,t
wrigh101,BSN188107280,BSN,manager,,t
ansoc101,CHN188107280,CHN,manager,,t
bancf801,DTN188107280,DTN,manager,,t
dorgm101,WOR188107280,WOR,manager,,t
wrigh101,BSN188107290,BSN,manager,,t
ansoc101,CHN188107290,CHN,manager,,t
bancf801,DTN188107290,DTN,manager,,t
farrj105,PRO188107290,PRO,manager,,t
wrigh101,BSN188107300,BSN,manager,,t
ansoc101,CHN188107300,CHN,manager,,t
bancf801,DTN188107300,DTN,manager,,t
dorgm101,WOR188107300,WOR,manager,,t
ansoc101,CHN188108020,CHN,manager,,t
bancf801,DTN188108020,DTN,manager,,t
farrj105,PRO188108020,PRO,manager,,t
wrigh101,BSN188108030,BSN,manager,,t
yorkt101,PRO188108030,PRO,manager,,t
ansoc101,CHN188108040,CHN,manager,,t
bancf801,DTN188108040,DTN,manager,,t
yorkt101,PRO188108040,PRO,manager,,t
dorgm101,WOR188108040,WOR,manager,,t
wrigh101,BSN188108060,BSN,manager,,t
ansoc101,CHN188108060,CHN,manager,,t
bancf801,DTN188108060,DTN,manager,,t
yorkt101,PRO188108060,PRO,manager,,t
yorkt101,PRO188108080,PRO,manager,,t
ansoc101,CHN188108090,CHN,manager,,t
dorgm101,WOR188108090,WOR,manager,,t
yorkt101,PRO188108100,PRO,manager,,t
dorgm101,WOR188108100,WOR,manager,,t
wrigh101,BSN188108110,BSN,manager,,t
ansoc101,CHN188108110,CHN,manager,,t
ansoc101,CHN188108130,CHN,manager,,t
yorkt101,PRO188108130,PRO,manager,,t
dorgm101,WOR188108130,WOR,manager,,t
wrigh101,BSN188108150,BSN,manager,,t
wrigh101,BSN188108160,BSN,manager,,t
ansoc101,CHN188108160,CHN,manager,,t
dorgm101,WOR188108160,WOR,manager,,t
wrigh101,BSN188108170,BSN,manager,,t
ansoc101,CHN188108170,CHN,manager,,t
stovh101,WOR188108170,WOR,manager,,t
ansoc101,CHN188108180,CHN,manager,,t
stovh101,WOR188108180,WOR,manager,,t
ansoc101,CHN188108200,CHN,manager,,t
yorkt101,PRO188108200,PRO,manager,,t
stovh101,WOR188108200,WOR,manager,,t
yorkt101,PRO188108220,PRO,manager,,t
ansoc101,CHN188108230,CHN,manager,,t
stovh101,WOR188108230,WOR,manager,,t
stovh101,WOR188108240,WOR,manager,,t
ansoc101,CHN188108250,CHN,manager,,t
orouj103,BFN188108270,BFN,manager,,t
bancf801,DTN188108270,DTN,manager,,t
yorkt101,PRO188108270,PRO,manager,,t
orouj103,BFN188108290,BFN,manager,,t
yorkt101,PRO188108290,PRO,manager,,t
fergb101,TRN188108290,TRN,manager,,t
orouj103,BFN188108300,BFN,manager,,t
bancf801,DTN188108300,DTN,manager,,t
yorkt101,PRO188108300,PRO,manager,,t
fergb101,TRN188108300,TRN,manager,,t
orouj103,BFN188108310,BFN,manager,,t
bancf801,DTN188108310,DTN,manager,,t
yorkt101,PRO188108310,PRO,manager,,t
fergb101,TRN188108310,TRN,manager,,t
orouj103,BFN188109020,BFN,manager,,t
fergb101,TRN188109020,TRN,manager,,t
wrigh101,BSN188109030,BSN,manager,,t
orouj103,BFN188109030,BFN,manager,,t
fergb101,TRN188109030,TRN,manager,,t
wrigh101,BSN188109050,BSN,manager,,t
orouj103,BFN188109050,BFN,manager,,t
fergb101,TRN188109050,TRN,manager,,t
wrigh101,BSN188109070,BSN,manager,,t
bancf801,DTN188109070,DTN,manager,,t
fergb101,TRN188109070,TRN,manager,,t
orouj103,BFN188109080,BFN,manager,,t
bancf801,DTN188109080,DTN,manager,,t
yorkt101,PRO188109080,PRO,manager,,t
fergb101,TRN188109080,TRN,manager,,t
orouj103,BFN188109090,BFN,manager,,t
bancf801,DTN188109090,DTN,manager,,t
fergb101,TRN188109090,TRN,manager,,t
wrigh101,BSN188109100,BSN,manager,,t
orouj103,BFN188109100,BFN,manager,,t
fergb101,TRN188109100,TRN,manager,,t
wrigh101,BSN188109130,BSN,manager,,t
yorkt101,PRO188109130,PRO,manager,,t
fergb101,TRN188109130,TRN,manager,,t
stovh101,WOR188109130,WOR,manager,,t
wrigh101,BSN188109140,BSN,manager,,t
yorkt101,PRO188109140,PRO,manager,,t
fergb101,TRN188109140,TRN,manager,,t
stovh101,WOR188109140,WOR,manager,,t
yorkt101,PRO188109150,PRO,manager,,t
fergb101,TRN188109150,TRN,manager,,t
stovh101,WOR188109150,WOR,manager,,t
wrigh101,BSN188109160,BSN,manager,,t
fergb101,TRN188109160,TRN,manager,,t
wrigh101,BSN188109170,BSN,manager,,t
yorkt101,PRO188109170,PRO,manager,,t
stovh101,WOR188109170,WOR,manager,,t
fergb101,TRN188109190,TRN,manager,,t
wrigh101,BSN188109200,BSN,manager,,t
fergb101,TRN188109200,TRN,manager,,t
stovh101,WOR188109200,WOR,manager,,t
wrigh101,BSN188109210,BSN,manager,,t
yorkt101,PRO188109210,PRO,manager,,t
fergb101,TRN188109210,TRN,manager,,t
stovh101,WOR188109210,WOR,manager,,t
yorkt101,PRO188109220,PRO,manager,,t
wrigh101,BSN188109230,BSN,manager,,t
yorkt101,PRO188109230,PRO,manager,,t
fergb101,TRN188109230,TRN,manager,,t
stovh101,WOR188109230,WOR,manager,,t
wrigh101,BSN188109240,BSN,manager,,t
yorkt101,PRO188109240,PRO,manager,,t
stovh101,WOR188109240,WOR,manager,,t
fergb101,TRN188109260,TRN,manager,,t
wrigh101,BSN188109270,BSN,manager,,t
yorkt101,PRO188109270,PRO,manager,,t
fergb101,TRN188109270,TRN,manager,,t
stovh101,WOR188109270,WOR,manager,,t
wrigh101,BSN188109280,BSN,manager,,t
yorkt101,PRO188109280,PRO,manager,,t
fergb101,TRN188109280,TRN,manager,,t
stovh101,WOR188109280,WOR,manager,,t
wrigh101,BSN188109290,BSN,manager,,t
yorkt101,PRO188109290,PRO,manager,,t
fergb101,TRN188109290,TRN,manager,,t
stovh101,WOR188109290,WOR,manager,,t
wrigh101,BSN188109300,BSN,manager,,t
yorkt101,PRO188109300,PRO,manager,,t
fergb101,TRN188109300,TRN,manager,,t
stovh101,WOR188109300,WOR,manager,,t
mccoj103,CHN188104300,CL2,1,,t
keeft101,WOR188104300,TRN,1,,t
mccoj103,CHN188105020,CL2,1,,t
lyncj101,DTN188105020,BFN,1,,t
whitj102,PRO188105020,BSN,1,,t
welcm102,WOR188105020,TRN,1,,t
mathb101,BSN188105030,PRO,1,,t
mccoj103,CHN188105030,CL2,1,,t
galvj103,DTN188105030,BFN,1,,t
keeft101,WOR188105030,TRN,1,,t
lyncj101,DTN188105040,BFN,1,,t
whitj102,PRO188105040,BSN,1,,t
radbc101,BSN188105050,PRO,1,,t
whitw103,BFN188105050,DTN,1,,t
richl104,TRN188105050,WOR,1,,t
derbg101,BFN188105060,DTN,1,,t
wardm101,BSN188105070,PRO,1,,t
derbg101,BFN188105070,DTN,1,,t
richl104,TRN188105070,WOR,1,,t
whitj102,BFN188105100,BSN,1,,t
keeft101,CHN188105100,TRN,1,,t
richl104,DTN188105100,WOR,1,,t
whitj102,BFN188105110,BSN,1,,t
welcm102,CHN188105110,TRN,1,,t
richl104,DTN188105110,WOR,1,,t
whitj102,BFN188105120,BSN,1,,t
keeft101,CHN188105120,TRN,1,,t
coref101,DTN188105120,WOR,1,,t
mathb101,BFN188105140,PRO,1,,t
richl104,CHN188105140,WOR,1,,t
welcm102,DTN188105160,TRN,1,,t
richl104,CHN188105170,WOR,1,,t
keeft101,DTN188105170,TRN,1,,t
radbc101,BFN188105180,PRO,1,,t
richl104,CHN188105180,WOR,1,,t
keeft101,DTN188105180,TRN,1,,t
radbc101,BFN188105190,PRO,1,,t
coref101,BFN188105200,WOR,1,,t
whitj102,CHN188105200,BSN,1,,t
mathb101,DTN188105200,PRO,1,,t
richl104,BFN188105210,WOR,1,,t
bondt101,CHN188105210,BSN,1,,t
wardm101,DTN188105210,PRO,1,,t
radbc101,DTN188105230,PRO,1,,t
richl104,BFN188105240,WOR,1,,t
whitj102,CHN188105240,BSN,1,,t
keeft101,BFN188105250,TRN,1,,t
mathb101,CHN188105250,PRO,1,,t
bondt101,DTN188105250,BSN,1,,t
welcm102,BFN188105260,TRN,1,,t
radbc101,CHN188105260,PRO,1,,t
whitj102,DTN188105260,BSN,1,,t
mathb101,CHN188105270,PRO,1,,t
whitj102,DTN188105270,BSN,1,,t
welcm102,BFN188105280,TRN,1,,t
mccoj103,BSN188105300,CL2,1,,t
galvj103,PRO188105300,BFN,1,,t
goldf101,TRN188105300,CHN,1,,t
derbg101,WOR188105300,DTN,1,,t
mccoj103,BSN188106010,CL2,1,,t
lyncj101,PRO188106010,BFN,1,,t
corcl101,TRN188106010,CHN,1,,t
derbg101,WOR188106010,DTN,1,,t
nolae101,BSN188106020,CL2,1,,t
galvj103,PRO188106020,BFN,1,,t
goldf101,TRN188106020,CHN,1,,t
derbg101,WOR188106020,DTN,1,,t
galvj103,BSN188106040,BFN,1,,t
goldf101,WOR188106040,CHN,1,,t
mccoj103,PRO188106060,CL2,1,,t
derbg101,TRN188106060,DTN,1,,t
lyncj101,BSN188106070,BFN,1,,t
nolae101,PRO188106070,CL2,1,,t
corcl101,WOR188106070,CHN,1,,t
learj102,TRN188106080,DTN,1,,t
galvj103,BSN188106090,BFN,1,,t
mccoj103,PRO188106090,CL2,1,,t
derbg101,TRN188106090,DTN,1,,t
goldf101,WOR188106090,CHN,1,,t
derbg101,BSN188106130,DTN,1,,t
corcl101,PRO188106130,CHN,1,,t
mccoj103,TRN188106130,CL2,1,,t
galvj103,WOR188106130,BFN,1,,t
derbg101,BSN188106140,DTN,1,,t
learj102,BSN188106150,DTN,1,,t
goldf101,PRO188106150,CHN,1,,t
mccoj103,TRN188106150,CL2,1,,t
galvj103,WOR188106150,BFN,1,,t
corcl101,PRO188106160,CHN,1,,t
mccoj103,TRN188106160,CL2,1,,t
lyncj101,WOR188106160,BFN,1,,t
goldf101,BSN188106170,CHN,1,,t
derbg101,PRO188106170,DTN,1,,t
galvj103,TRN188106170,BFN,1,,t
mccoj103,WOR188106170,CL2,1,,t
corcl101,BSN188106180,CHN,1,,t
derbg101,PRO188106180,DTN,1,,t
nolae101,WOR188106180,CL2,1,,t
derbg101,PRO188106200,DTN,1,,t
galvj103,TRN188106200,BFN,1,,t
goldf101,BSN188106210,CHN,1,,t
lyncj101,TRN188106210,BFN,1,,t
mccoj103,WOR188106210,CL2,1,,t
coref101,BFN188106240,WOR,1,,t
wardm101,CHN188106240,PRO,1,,t
keeft101,DTN188106240,TRN,1,,t
coref101,BFN188106250,WOR,1,,t
mathb101,CHN188106250,PRO,1,,t
radbc101,CHN188106270,PRO,1,,t
keeft101,DTN188106270,TRN,1,,t
welcm102,DTN188106280,TRN,1,,t
fox-j102,BFN188106290,BSN,1,,t
keeft101,CHN188106290,TRN,1,,t
radbc101,DTN188106290,PRO,1,,t
whitj102,BFN188106300,BSN,1,,t
keeft101,CHN188106300,TRN,1,,t
radbc101,DTN188106300,PRO,1,,t
whitj102,BFN188107020,BSN,1,,t
keeft101,CHN188107020,TRN,1,,t
radbc101,DTN188107020,PRO,1,,t
whitj102,CHN188107040,BSN,1,,t
welcm102,BFN188107041,TRN,1,,t
welcm102,BFN188107042,TRN,1,,t
richl104,DTN188107041,WOR,1,,t
coref101,DTN188107042,WOR,1,,t
fox-j102,CHN188107050,BSN,1,,t
welcm102,BFN188107060,TRN,1,,t
whitj102,CHN188107070,BSN,1,,t
mccoh101,DTN188107070,WOR,1,,t
radbc101,BFN188107090,PRO,1,,t
richl104,CHN188107090,WOR,1,,t
whitj102,DTN188107090,BSN,1,,t
wardm101,BFN188107120,PRO,1,,t
richl104,CHN188107120,WOR,1,,t
mathb101,BFN188107130,PRO,1,,t
coref101,CHN188107130,WOR,1,,t
whitj102,DTN188107130,BSN,1,,t
fox-j102,DTN188107140,BSN,1,,t
corcl101,BFN188107160,CHN,1,,t
richl104,PRO188107160,WOR,1,,t
fox-j102,TRN188107160,BSN,1,,t
whitj102,TRN188107180,BSN,1,,t
goldf101,BFN188107190,CHN,1,,t
radbc101,WOR188107190,PRO,1,,t
corcl101,BFN188107200,CHN,1,,t
mccoh101,PRO188107200,WOR,1,,t
whitj102,TRN188107200,BSN,1,,t
mccoj103,BFN188107220,CL2,1,,t
goldf101,DTN188107220,CHN,1,,t
wardm101,TRN188107220,PRO,1,,t
whitj102,WOR188107220,BSN,1,,t
mccoh101,BSN188107230,WOR,1,,t
nolae101,BFN188107230,CL2,1,,t
corcl101,DTN188107230,CHN,1,,t
wardm101,TRN188107250,PRO,1,,t
goldf101,DTN188107260,CHN,1,,t
radbc101,TRN188107260,PRO,1,,t
whitj102,WOR188107260,BSN,1,,t
keeft101,BSN188107280,TRN,1,,t
mccoj103,CHN188107280,CL2,1,,t
galvj103,DTN188107280,BFN,1,,t
wardm101,WOR188107280,PRO,1,,t
keeft101,BSN188107290,TRN,1,,t
nolae101,CHN188107290,CL2,1,,t
lyncj101,DTN188107290,BFN,1,,t
mccoh101,PRO188107290,WOR,1,,t
welcm102,BSN188107300,TRN,1,,t
mccoj103,CHN188107300,CL2,1,,t
galvj103,DTN188107300,BFN,1,,t
radbc101,WOR188107300,PRO,1,,t
lyncj101,CHN188108020,BFN,1,,t
mccoj103,DTN188108020,CL2,1,,t
keeft101,PRO188108020,TRN,1,,t
mccoh101,BSN188108030,WOR,1,,t
keeft101,PRO188108030,TRN,1,,t
galvj103,CHN188108040,BFN,1,,t
nolae101,DTN188108040,CL2,1,,t
welcm102,PRO188108040,TRN,1,,t
whitj102,WOR188108040,BSN,1,,t
mccoh101,BSN188108060,WOR,1,,t
galvj103,CHN188108060,BFN,1,,t
mccoj103,DTN188108060,CL2,1,,t
keeft101,PRO188108060,TRN,1,,t
whitj102,PRO188108080,BSN,1,,t
derbg101,CHN188108090,DTN,1,,t
welcm102,WOR188108090,TRN,1,,t
whitj102,PRO188108100,BSN,1,,t
welcm102,WOR188108100,TRN,1,,t
radbc101,BSN188108110,PRO,1,,t
mounf101,CHN188108110,DTN,1,,t
derbg101,CHN188108130,DTN,1,,t
fox-j102,PRO188108130,BSN,1,,t
keeft101,WOR188108130,TRN,1,,t
welcm102,BSN188108150,TRN,1,,t
keeft101,BSN188108160,TRN,1,,t
folec101,CHN188108160,BFN,1,,t
radbc101,WOR188108160,PRO,1,,t
keeft101,BSN188108170,TRN,1,,t
galvj103,CHN188108170,BFN,1,,t
wardm101,WOR188108170,PRO,1,,t
galvj103,CHN188108180,BFN,1,,t
radbc101,WOR188108180,PRO,1,,t
derbg101,CHN188108200,DTN,1,,t
keeft101,PRO188108200,TRN,1,,t
whitj102,WOR188108200,BSN,1,,t
keeft101,PRO188108220,TRN,1,,t
derbg101,CHN188108230,DTN,1,,t
whitj102,WOR188108230,BSN,1,,t
whitj102,WOR188108240,BSN,1,,t
derbg101,CHN188108250,DTN,1,,t
nolae101,BFN188108270,CL2,1,,t
goldf101,DTN188108270,CHN,1,,t
richl104,PRO188108270,WOR,1,,t
mccoj103,BFN188108290,CL2,1,,t
richl104,PRO188108290,WOR,1,,t
whitj102,TRN188108290,BSN,1,,t
nolae101,BFN188108300,CL2,1,,t
corcl101,DTN188108300,CHN,1,,t
coref101,PRO188108300,WOR,1,,t
whitj102,TRN188108300,BSN,1,,t
mccoj103,BFN188108310,CL2,1,,t
corcl101,DTN188108310,CHN,1,,t
richl104,PRO188108310,WOR,1,,t
whitj102,TRN188108310,BSN,1,,t
mullt101,BFN188109020,DTN,1,,t
wardm101,TRN188109020,PRO,1,,t
richl104,BSN188109030,WOR,1,,t
wieds101,BFN188109030,DTN,1,,t
radbc101,TRN188109030,PRO,1,,t
richl104,BSN188109050,WOR,1,,t
wieds101,BFN188109050,DTN,1,,t
radbc101,TRN188109050,PRO,1,,t
radbc101,BSN188109070,PRO,1,,t
mccoj103,DTN188109070,CL2,1,,t
richl104,TRN188109070,WOR,1,,t
corcl101,BFN188109080,CHN,1,,t
mccoj103,DTN188109080,CL2,1,,t
whitj102,PRO188109080,BSN,1,,t
coref101,TRN188109080,WOR,1,,t
goldf101,BFN188109090,CHN,1,,t
bradg103,DTN188109090,CL2,1,,t
richl104,TRN188109090,WOR,1,,t
radbc101,BSN188109100,PRO,1,,t
corcl101,BFN188109100,CHN,1,,t
richl104,TRN188109100,WOR,1,,t
goldf101,BSN188109130,CHN,1,,t
derbg101,PRO188109130,DTN,1,,t
mccoj103,TRN188109130,CL2,1,,t
galvj103,WOR188109130,BFN,1,,t
corcl101,BSN188109140,CHN,1,,t
wieds101,PRO188109140,DTN,1,,t
nolae101,TRN188109140,CL2,1,,t
galvj103,WOR188109140,BFN,1,,t
derbg101,PRO188109150,DTN,1,,t
mccoj103,TRN188109150,CL2,1,,t
galvj103,WOR188109150,BFN,1,,t
goldf101,BSN188109160,CHN,1,,t
nolae101,TRN188109160,CL2,1,,t
wieds101,BSN188109170,DTN,1,,t
corcl101,PRO188109170,CHN,1,,t
mccoj103,WOR188109170,CL2,1,,t
galvj103,TRN188109190,BFN,1,,t
wieds101,BSN188109200,DTN,1,,t
galvj103,TRN188109200,BFN,1,,t
bradg103,WOR188109200,CL2,1,,t
wieds101,BSN188109210,DTN,1,,t
goldf101,PRO188109210,CHN,1,,t
purcb101,TRN188109210,BFN,1,,t
mccoj103,WOR188109210,CL2,1,,t
corcl101,PRO188109220,CHN,1,,t
galvj103,BSN188109230,BFN,1,,t
mccoj103,PRO188109230,CL2,1,,t
goldf101,TRN188109230,CHN,1,,t
mullt101,WOR188109230,DTN,1,,t
galvj103,BSN188109240,BFN,1,,t
mccoj103,PRO188109240,CL2,1,,t
wieds101,WOR188109240,DTN,1,,t
goldf101,TRN188109260,CHN,1,,t
purcb101,BSN188109270,BFN,1,,t
bradg103,PRO188109270,CL2,1,,t
goldf101,TRN188109270,CHN,1,,t
wieds101,WOR188109270,DTN,1,,t
bradg103,BSN188109280,CL2,1,,t
purcb101,PRO188109280,BFN,1,,t
wieds101,TRN188109280,DTN,1,,t
corcl101,WOR188109280,CHN,1,,t
bradg103,BSN188109290,CL2,1,,t
purcb101,PRO188109290,BFN,1,,t
wieds101,TRN188109290,DTN,1,,t
corcl101,WOR188109290,CHN,1,,t
bradg103,BSN188109300,CL2,1,,t
purcb101,PRO188109300,BFN,1,,t
wieds101,TRN188109300,DTN,1,,t
corcl101,WOR188109300,CHN,1,,t
corcl101,CHN188104300,CHN,1,,t
richl104,WOR188104300,WOR,1,,t
goldf101,CHN188105020,CHN,1,,t
derbg101,DTN188105020,DTN,1,,t
wardm101,PRO188105020,PRO,1,,t
richl104,WOR188105020,WOR,1,,t
whitj102,BSN188105030,BSN,1,,t
corcl101,CHN188105030,CHN,1,,t
derbg101,DTN188105030,DTN,1,,t
richl104,WOR188105030,WOR,1,,t
derbg101,DTN188105040,DTN,1,,t
mathb101,PRO188105040,PRO,1,,t
bondt101,BSN188105050,BSN,1,,t
galvj103,BFN188105050,BFN,1,,t
welcm102,TRN188105050,TRN,1,,t
galvj103,BFN188105060,BFN,1,,t
whitj102,BSN188105070,BSN,1,,t
lyncj101,BFN188105070,BFN,1,,t
keeft101,TRN188105070,TRN,1,,t
lyncj101,BFN188105100,BFN,1,,t
goldf101,CHN188105100,CHN,1,,t
derbg101,DTN188105100,DTN,1,,t
galvj103,BFN188105110,BFN,1,,t
corcl101,CHN188105110,CHN,1,,t
derbg101,DTN188105110,DTN,1,,t
galvj103,BFN188105120,BFN,1,,t
goldf101,CHN188105120,CHN,1,,t
whitw103,DTN188105120,DTN,1,,t
lyncj101,BFN188105140,BFN,1,,t
corcl101,CHN188105140,CHN,1,,t
derbg101,DTN188105160,DTN,1,,t
corcl101,CHN188105170,CHN,1,,t
derbg101,DTN188105170,DTN,1,,t
galvj103,BFN188105180,BFN,1,,t
goldf101,CHN188105180,CHN,1,,t
derbg101,DTN188105180,DTN,1,,t
galvj103,BFN188105190,BFN,1,,t
galvj103,BFN188105200,BFN,1,,t
corcl101,CHN188105200,CHN,1,,t
derbg101,DTN188105200,DTN,1,,t
galvj103,BFN188105210,BFN,1,,t
goldf101,CHN188105210,CHN,1,,t
derbg101,DTN188105210,DTN,1,,t
derbg101,DTN188105230,DTN,1,,t
galvj103,BFN188105240,BFN,1,,t
goldf101,CHN188105240,CHN,1,,t
lyncj101,BFN188105250,BFN,1,,t
corcl101,CHN188105250,CHN,1,,t
derbg101,DTN188105250,DTN,1,,t
galvj103,BFN188105260,BFN,1,,t
goldf101,CHN188105260,CHN,1,,t
derbg101,DTN188105260,DTN,1,,t
corcl101,CHN188105270,CHN,1,,t
derbg101,DTN188105270,DTN,1,,t
lyncj101,BFN188105280,BFN,1,,t
whitj102,BSN188105300,BSN,1,,t
radbc101,PRO188105300,PRO,1,,t
welcm102,TRN188105300,TRN,1,,t
richl104,WOR188105300,WOR,1,,t
whitj102,BSN188106010,BSN,1,,t
radbc101,PRO188106010,PRO,1,,t
keeft101,TRN188106010,TRN,1,,t
richl104,WOR188106010,WOR,1,,t
fox-j102,BSN188106020,BSN,1,,t
mathb101,PRO188106020,PRO,1,,t
keeft101,TRN188106020,TRN,1,,t
coref101,WOR188106020,WOR,1,,t
whitj102,BSN188106040,BSN,1,,t
richl104,WOR188106040,WOR,1,,t
radbc101,PRO188106060,PRO,1,,t
keeft101,TRN188106060,TRN,1,,t
whitj102,BSN188106070,BSN,1,,t
radbc101,PRO188106070,PRO,1,,t
taylb103,WOR188106070,WOR,1,,t
keeft101,TRN188106080,TRN,1,,t
whitj102,BSN188106090,BSN,1,,t
radbc101,PRO188106090,PRO,1,,t
welcm102,TRN188106090,TRN,1,,t
richl104,WOR188106090,WOR,1,,t
fox-j102,BSN188106130,BSN,1,,t
mathb101,PRO188106130,PRO,1,,t
welcm102,TRN188106130,TRN,1,,t
richl104,WOR188106130,WOR,1,,t
whitj102,BSN188106140,BSN,1,,t
fox-j102,BSN188106150,BSN,1,,t
wardm101,PRO188106150,PRO,1,,t
keeft101,TRN188106150,TRN,1,,t
richl104,WOR188106150,WOR,1,,t
wardm101,PRO188106160,PRO,1,,t
welcm102,TRN188106160,TRN,1,,t
richl104,WOR188106160,WOR,1,,t
fox-j102,BSN188106170,BSN,1,,t
mathb101,PRO188106170,PRO,1,,t
welcm102,TRN188106170,TRN,1,,t
coref101,WOR188106170,WOR,1,,t
fox-j102,BSN188106180,BSN,1,,t
mathb101,PRO188106180,PRO,1,,t
coref101,WOR188106180,WOR,1,,t
wardm101,PRO188106200,PRO,1,,t
welcm102,TRN188106200,TRN,1,,t
whitj102,BSN188106210,BSN,1,,t
welcm102,TRN188106210,TRN,1,,t
richl104,WOR188106210,WOR,1,,t
galvj103,BFN188106240,BFN,1,,t
corcl101,CHN188106240,CHN,1,,t
mounf101,DTN188106240,DTN,1,,t
galvj103,BFN188106250,BFN,1,,t
goldf101,CHN188106250,CHN,1,,t
corcl101,CHN188106270,CHN,1,,t
derbg101,DTN188106270,DTN,1,,t
derbg101,DTN188106280,DTN,1,,t
galvj103,BFN188106290,BFN,1,,t
goldf101,CHN188106290,CHN,1,,t
derbg101,DTN188106290,DTN,1,,t
lyncj101,BFN188106300,BFN,1,,t
corcl101,CHN188106300,CHN,1,,t
derbg101,DTN188106300,DTN,1,,t
lyncj101,BFN188107020,BFN,1,,t
goldf101,CHN188107020,CHN,1,,t
derbg101,DTN188107020,DTN,1,,t
corcl101,CHN188107040,CHN,1,,t
folec101,BFN188107041,BFN,1,,t
lyncj101,BFN188107042,BFN,1,,t
mounf101,DTN188107041,DTN,1,,t
derbg101,DTN188107042,DTN,1,,t
goldf101,CHN188107050,CHN,1,,t
galvj103,BFN188107060,BFN,1,,t
corcl101,CHN188107070,CHN,1,,t
derbg101,DTN188107070,DTN,1,,t
galvj103,BFN188107090,BFN,1,,t
goldf101,CHN188107090,CHN,1,,t
derbg101,DTN188107090,DTN,1,,t
galvj103,BFN188107120,BFN,1,,t
corcl101,CHN188107120,CHN,1,,t
galvj103,BFN188107130,BFN,1,,t
corcl101,CHN188107130,CHN,1,,t
derbg101,DTN188107130,DTN,1,,t
derbg101,DTN188107140,DTN,1,,t
galvj103,BFN188107160,BFN,1,,t
wardm101,PRO188107160,PRO,1,,t
keeft101,TRN188107160,TRN,1,,t
keeft101,TRN188107180,TRN,1,,t
lyncj101,BFN188107190,BFN,1,,t
richl104,WOR188107190,WOR,1,,t
lyncj101,BFN188107200,BFN,1,,t
wardm101,PRO188107200,PRO,1,,t
welcm102,TRN188107200,TRN,1,,t
galvj103,BFN188107220,BFN,1,,t
derbg101,DTN188107220,DTN,1,,t
keeft101,TRN188107220,TRN,1,,t
coref101,WOR188107220,WOR,1,,t
whitj102,BSN188107230,BSN,1,,t
lyncj101,BFN188107230,BFN,1,,t
derbg101,DTN188107230,DTN,1,,t
keeft101,TRN188107250,TRN,1,,t
derbg101,DTN188107260,DTN,1,,t
welcm102,TRN188107260,TRN,1,,t
richl104,WOR188107260,WOR,1,,t
whitj102,BSN188107280,BSN,1,,t
corcl101,CHN188107280,CHN,1,,t
mounf101,DTN188107280,DTN,1,,t
richl104,WOR188107280,WOR,1,,t
whitj102,BSN188107290,BSN,1,,t
goldf101,CHN188107290,CHN,1,,t
mounf101,DTN188107290,DTN,1,,t
wardm101,PRO188107290,PRO,1,,t
whitj102,BSN188107300,BSN,1,,t
corcl101,CHN188107300,CHN,1,,t
derbg101,DTN188107300,DTN,1,,t
mccoh101,WOR188107300,WOR,1,,t
goldf101,CHN188108020,CHN,1,,t
derbg101,DTN188108020,DTN,1,,t
wardm101,PRO188108020,PRO,1,,t
whitj102,BSN188108030,BSN,1,,t
wardm101,PRO188108030,PRO,1,,t
corcl101,CHN188108040,CHN,1,,t
mounf101,DTN188108040,DTN,1,,t
radbc101,PRO188108040,PRO,1,,t
coref101,WOR188108040,WOR,1,,t
whitj102,BSN188108060,BSN,1,,t
goldf101,CHN188108060,CHN,1,,t
derbg101,DTN188108060,DTN,1,,t
wardm101,PRO188108060,PRO,1,,t
wardm101,PRO188108080,PRO,1,,t
corcl101,CHN188108090,CHN,1,,t
mccoh101,WOR188108090,WOR,1,,t
wardm101,PRO188108100,PRO,1,,t
coref101,WOR188108100,WOR,1,,t
whitj102,BSN188108110,BSN,1,,t
goldf101,CHN188108110,CHN,1,,t
corcl101,CHN188108130,CHN,1,,t
radbc101,PRO188108130,PRO,1,,t
coref101,WOR188108130,WOR,1,,t
whitj102,BSN188108150,BSN,1,,t
fox-j102,BSN188108160,BSN,1,,t
goldf101,CHN188108160,CHN,1,,t
mccoh101,WOR188108160,WOR,1,,t
whitj102,BSN188108170,BSN,1,,t
corcl101,CHN188108170,CHN,1,,t
coref101,WOR188108170,WOR,1,,t
willn102,CHN188108180,CHN,1,,t
richl104,WOR188108180,WOR,1,,t
corcl101,CHN188108200,CHN,1,,t
wardm101,PRO188108200,PRO,1,,t
richl104,WOR188108200,WOR,1,,t
wardm101,PRO188108220,PRO,1,,t
goldf101,CHN188108230,CHN,1,,t
richl104,WOR188108230,WOR,1,,t
coref101,WOR188108240,WOR,1,,t
corcl101,CHN188108250,CHN,1,,t
galvj103,BFN188108270,BFN,1,,t
mullt101,DTN188108270,DTN,1,,t
wardm101,PRO188108270,PRO,1,,t
galvj103,BFN188108290,BFN,1,,t
wardm101,PRO188108290,PRO,1,,t
keeft101,TRN188108290,TRN,1,,t
galvj103,BFN188108300,BFN,1,,t
derbg101,DTN188108300,DTN,1,,t
radbc101,PRO188108300,PRO,1,,t
keeft101,TRN188108300,TRN,1,,t
galvj103,BFN188108310,BFN,1,,t
mullt101,DTN188108310,DTN,1,,t
wardm101,PRO188108310,PRO,1,,t
keeft101,TRN188108310,TRN,1,,t
galvj103,BFN188109020,BFN,1,,t
welcm102,TRN188109020,TRN,1,,t
whitj102,BSN188109030,BSN,1,,t
galvj103,BFN188109030,BFN,1,,t
welcm102,TRN188109030,TRN,1,,t
whitj102,BSN188109050,BSN,1,,t
galvj103,BFN188109050,BFN,1,,t
keeft101,TRN188109050,TRN,1,,t
whitj102,BSN188109070,BSN,1,,t
wieds101,DTN188109070,DTN,1,,t
keeft101,TRN188109070,TRN,1,,t
galvj103,BFN188109080,BFN,1,,t
mullt101,DTN188109080,DTN,1,,t
wardm101,PRO188109080,PRO,1,,t
welcm102,TRN188109080,TRN,1,,t
galvj103,BFN188109090,BFN,1,,t
wieds101,DTN188109090,DTN,1,,t
keeft101,TRN188109090,TRN,1,,t
fox-j102,BSN188109100,BSN,1,,t
folec101,BFN188109100,BFN,1,,t
welcm102,TRN188109100,TRN,1,,t
whitj102,BSN188109130,BSN,1,,t
wardm101,PRO188109130,PRO,1,,t
welcm102,TRN188109130,TRN,1,,t
richl104,WOR188109130,WOR,1,,t
whitj102,BSN188109140,BSN,1,,t
radbc101,PRO188109140,PRO,1,,t
keeft101,TRN188109140,TRN,1,,t
richl104,WOR188109140,WOR,1,,t
wardm101,PRO188109150,PRO,1,,t
welcm102,TRN188109150,TRN,1,,t
richl104,WOR188109150,WOR,1,,t
whitj102,BSN188109160,BSN,1,,t
keeft101,TRN188109160,TRN,1,,t
fox-j102,BSN188109170,BSN,1,,t
wardm101,PRO188109170,PRO,1,,t
richl104,WOR188109170,WOR,1,,t
welcm102,TRN188109190,TRN,1,,t
whitj102,BSN188109200,BSN,1,,t
welcm102,TRN188109200,TRN,1,,t
richl104,WOR188109200,WOR,1,,t
whitj102,BSN188109210,BSN,1,,t
radbc101,PRO188109210,PRO,1,,t
welcm102,TRN188109210,TRN,1,,t
coref101,WOR188109210,WOR,1,,t
wardm101,PRO188109220,PRO,1,,t
whitj102,BSN188109230,BSN,1,,t
radbc101,PRO188109230,PRO,1,,t
keeft101,TRN188109230,TRN,1,,t
richl104,WOR188109230,WOR,1,,t
whitj102,BSN188109240,BSN,1,,t
wardm101,PRO188109240,PRO,1,,t
richl104,WOR188109240,WOR,1,,t
keeft101,TRN188109260,TRN,1,,t
whitj102,BSN188109270,BSN,1,,t
radbc101,PRO188109270,PRO,1,,t
keeft101,TRN188109270,TRN,1,,t
richl104,WOR188109270,WOR,1,,t
mathb101,BSN188109280,BSN,1,,t
wardm101,PRO188109280,PRO,1,,t
welcm102,TRN188109280,TRN,1,,t
coref101,WOR188109280,WOR,1,,t
whitj102,BSN188109290,BSN,1,,t
radbc101,PRO188109290,PRO,1,,t
welcm102,TRN188109290,TRN,1,,t
richl104,WOR188109290,WOR,1,,t
whitj102,BSN188109300,BSN,1,,t
wardm101,PRO188109300,PRO,1,,t
keeft101,TRN188109300,TRN,1,,t
richl104,WOR188109300,WOR,1,,t
