id,game_id,team_id,field_pos,batt_ord,start
danic901,PRO187805010,UMP,ump_hp,,t
summj901,BSN187805040,UMP,ump_hp,,t
crosj901,PRO187805080,UMP,ump_hp,,t
whitg901,BSN187805110,UMP,ump_hp,,t
mcleb901,CHN187805140,UMP,ump_hp,,t
crosj901,PRO187805150,UMP,ump_hp,,t
mcleb901,CHN187805160,UMP,ump_hp,,t
whitg901,BSN187805180,UMP,ump_hp,,t
mcleb901,CHN187805200,UMP,ump_hp,,t
mcleb901,CHN187805210,UMP,ump_hp,,t
whitg901,PRO187805220,UMP,ump_hp,,t
mcleb901,CHN187805230,UMP,ump_hp,,t
whitg901,BSN187805250,UMP,ump_hp,,t
mcleb901,CHN187805250,UMP,ump_hp,,t
whitg901,BSN187805280,UMP,ump_hp,,t
crosj901,PRO187805280,UMP,ump_hp,,t
whitg901,BSN187806010,UMP,ump_hp,,t
crosj901,PRO187806010,UMP,ump_hp,,t
eagaj901,BSN187806030,UMP,ump_hp,,t
crosj901,PRO187806030,UMP,ump_hp,,t
crosj901,BSN187806040,UMP,ump_hp,,t
burlf901,PRO187806040,UMP,ump_hp,,t
crosj901,BSN187806060,UMP,ump_hp,,t
eagaj901,PRO187806060,UMP,ump_hp,,t
danic901,BSN187806110,UMP,ump_hp,,t
furlb901,CHN187806120,UMP,ump_hp,,t
danic901,BSN187806130,UMP,ump_hp,,t
furlb901,CHN187806130,UMP,ump_hp,,t
mcleb901,PRO187806130,UMP,ump_hp,,t
mcleb901,PRO187806140,UMP,ump_hp,,t
danic901,BSN187806150,UMP,ump_hp,,t
furlb901,CHN187806150,UMP,ump_hp,,t
mcleb901,PRO187806150,UMP,ump_hp,,t
mcleb901,BSN187806170,UMP,ump_hp,,t
eagaj901,PRO187806190,UMP,ump_hp,,t
mcleb901,BSN187806200,UMP,ump_hp,,t
eagaj901,PRO187806200,UMP,ump_hp,,t
stamc901,CHN187806250,UMP,ump_hp,,t
danic901,CHN187806270,UMP,ump_hp,,t
danic901,CHN187806290,UMP,ump_hp,,t
eagaj901,CHN187807020,UMP,ump_hp,,t
eagaj901,CHN187807040,UMP,ump_hp,,t
eagaj901,CHN187807060,UMP,ump_hp,,t
julij901,CHN187807090,UMP,ump_hp,,t
julij901,CHN187807120,UMP,ump_hp,,t
julij901,CHN187807130,UMP,ump_hp,,t
mcleb901,CHN187807170,UMP,ump_hp,,t
peard102,BSN187807220,UMP,ump_hp,,t
peard102,BSN187807230,UMP,ump_hp,,t
mcleb901,CHN187807230,UMP,ump_hp,,t
julij901,PRO187807230,UMP,ump_hp,,t
peard102,BSN187807250,UMP,ump_hp,,t
mcleb901,CHN187807250,UMP,ump_hp,,t
julij901,PRO187807250,UMP,ump_hp,,t
julij901,PRO187807260,UMP,ump_hp,,t
peard102,BSN187807270,UMP,ump_hp,,t
mcleb901,CHN187807270,UMP,ump_hp,,t
julij901,PRO187807270,UMP,ump_hp,,t
julij901,BSN187807290,UMP,ump_hp,,t
mcleb901,CHN187807290,UMP,ump_hp,,t
mcleb901,CHN187807300,UMP,ump_hp,,t
julij901,BSN187807310,UMP,ump_hp,,t
mcleb901,CHN187807310,UMP,ump_hp,,t
peard102,PRO187807310,UMP,ump_hp,,t
julij901,BSN187808010,UMP,ump_hp,,t
peard102,PRO187808020,UMP,ump_hp,,t
julij901,BSN187808030,UMP,ump_hp,,t
eagaj901,PRO187808030,UMP,ump_hp,,t
mcleb901,PRO187808070,UMP,ump_hp,,t
danic901,BSN187808080,UMP,ump_hp,,t
mcleb901,PRO187808080,UMP,ump_hp,,t
danic901,BSN187808090,UMP,ump_hp,,t
mcleb901,PRO187808091,UMP,ump_hp,,t
mcleb901,PRO187808092,UMP,ump_hp,,t
danic901,BSN187808100,UMP,ump_hp,,t
mcleb901,PRO187808100,UMP,ump_hp,,t
willn102,PRO187808120,UMP,ump_hp,,t
crosj901,BSN187808130,UMP,ump_hp,,t
mcleb901,PRO187808130,UMP,ump_hp,,t
crosj901,BSN187808140,UMP,ump_hp,,t
mcleb901,PRO187808140,UMP,ump_hp,,t
mcleb901,PRO187808150,UMP,ump_hp,,t
eagaj901,BSN187808170,UMP,ump_hp,,t
bredg901,CHN187808270,UMP,ump_hp,,t
stamc901,CHN187808290,UMP,ump_hp,,t
stamc901,CHN187808310,UMP,ump_hp,,t
mcleb901,CHN187809030,UMP,ump_hp,,t
mcleb901,CHN187809040,UMP,ump_hp,,t
mcleb901,CHN187809050,UMP,ump_hp,,t
mcleb901,CHN187809070,UMP,ump_hp,,t
stamc901,CHN187809110,UMP,ump_hp,,t
furlb901,CHN187809120,UMP,ump_hp,,t
furlb901,CHN187809140,UMP,ump_hp,,t
mcleb901,BSN187809260,UMP,ump_hp,,t
mcleb901,PRO187809270,UMP,ump_hp,,t
mcleb901,BSN187809280,UMP,ump_hp,,t
mcleb901,PRO187809300,UMP,ump_hp,,t
wrigh101,PRO187805010,BSN,manager,,t
yorkt101,BSN187805040,PRO,manager,,t
wrigh101,PRO187805080,BSN,manager,,t
yorkt101,BSN187805110,PRO,manager,,t
clapj101,CHN187805140,IN1,manager,,t
wrigh101,PRO187805150,BSN,manager,,t
clapj101,CHN187805160,IN1,manager,,t
yorkt101,BSN187805180,PRO,manager,,t
clapj101,CHN187805200,IN1,manager,,t
mcvec101,CHN187805210,CN1,manager,,t
wrigh101,PRO187805220,BSN,manager,,t
mcvec101,CHN187805230,CN1,manager,,t
yorkt101,BSN187805250,PRO,manager,,t
mcvec101,CHN187805250,CN1,manager,,t
fergb101,BSN187805280,CHN,manager,,t
chapj102,PRO187805280,ML2,manager,,t
fergb101,BSN187806010,CHN,manager,,t
chapj102,PRO187806010,ML2,manager,,t
fergb101,BSN187806030,CHN,manager,,t
chapj102,PRO187806030,ML2,manager,,t
chapj102,BSN187806040,ML2,manager,,t
fergb101,PRO187806040,CHN,manager,,t
chapj102,BSN187806060,ML2,manager,,t
fergb101,PRO187806060,CHN,manager,,t
clapj101,BSN187806110,IN1,manager,,t
chapj102,CHN187806120,ML2,manager,,t
clapj101,BSN187806130,IN1,manager,,t
chapj102,CHN187806130,ML2,manager,,t
mcvec101,PRO187806130,CN1,manager,,t
mcvec101,PRO187806140,CN1,manager,,t
clapj101,BSN187806150,IN1,manager,,t
chapj102,CHN187806150,ML2,manager,,t
mcvec101,PRO187806150,CN1,manager,,t
mcvec101,BSN187806170,CN1,manager,,t
clapj101,PRO187806190,IN1,manager,,t
mcvec101,BSN187806200,CN1,manager,,t
clapj101,PRO187806200,IN1,manager,,t
wrigh101,CHN187806250,BSN,manager,,t
wrigh101,CHN187806270,BSN,manager,,t
wrigh101,CHN187806290,BSN,manager,,t
yorkt101,CHN187807020,PRO,manager,,t
yorkt101,CHN187807040,PRO,manager,,t
yorkt101,CHN187807060,PRO,manager,,t
chapj102,CHN187807090,ML2,manager,,t
chapj102,CHN187807120,ML2,manager,,t
chapj102,CHN187807130,ML2,manager,,t
chapj102,CHN187807170,ML2,manager,,t
mcvec101,BSN187807220,CN1,manager,,t
mcvec101,BSN187807230,CN1,manager,,t
clapj101,CHN187807230,IN1,manager,,t
chapj102,PRO187807230,ML2,manager,,t
mcvec101,BSN187807250,CN1,manager,,t
clapj101,CHN187807250,IN1,manager,,t
chapj102,PRO187807250,ML2,manager,,t
chapj102,PRO187807260,ML2,manager,,t
mcvec101,BSN187807270,CN1,manager,,t
clapj101,CHN187807270,IN1,manager,,t
chapj102,PRO187807270,ML2,manager,,t
chapj102,BSN187807290,ML2,manager,,t
clapj101,CHN187807290,IN1,manager,,t
clapj101,CHN187807300,IN1,manager,,t
chapj102,BSN187807310,ML2,manager,,t
clapj101,CHN187807310,IN1,manager,,t
mcvec101,PRO187807310,CN1,manager,,t
chapj102,BSN187808010,ML2,manager,,t
mcvec101,PRO187808020,CN1,manager,,t
chapj102,BSN187808030,ML2,manager,,t
mcvec101,PRO187808030,CN1,manager,,t
clapj101,PRO187808070,IN1,manager,,t
fergb101,BSN187808080,CHN,manager,,t
clapj101,PRO187808080,IN1,manager,,t
fergb101,BSN187808090,CHN,manager,,t
clapj101,PRO187808091,IN1,manager,,t
clapj101,PRO187808092,IN1,manager,,t
fergb101,BSN187808100,CHN,manager,,t
clapj101,PRO187808100,IN1,manager,,t
fergb101,PRO187808120,CHN,manager,,t
clapj101,BSN187808130,IN1,manager,,t
fergb101,PRO187808130,CHN,manager,,t
clapj101,BSN187808140,IN1,manager,,t
fergb101,PRO187808140,CHN,manager,,t
fergb101,PRO187808150,CHN,manager,,t
clapj101,BSN187808170,IN1,manager,,t
wrigh101,CHN187808270,BSN,manager,,t
wrigh101,CHN187808290,BSN,manager,,t
wrigh101,CHN187808310,BSN,manager,,t
yorkt101,CHN187809030,PRO,manager,,t
yorkt101,CHN187809040,PRO,manager,,t
yorkt101,CHN187809050,PRO,manager,,t
yorkt101,CHN187809070,PRO,manager,,t
mcvec101,CHN187809110,CN1,manager,,t
mcvec101,CHN187809120,CN1,manager,,t
mcvec101,CHN187809140,CN1,manager,,t
yorkt101,BSN187809260,PRO,manager,,t
wrigh101,PRO187809270,BSN,manager,,t
yorkt101,BSN187809280,PRO,manager,,t
wrigh101,PRO187809300,BSN,manager,,t
yorkt101,PRO187805010,PRO,manager,,t
wrigh101,BSN187805040,BSN,manager,,t
yorkt101,PRO187805080,PRO,manager,,t
wrigh101,BSN187805110,BSN,manager,,t
fergb101,CHN187805140,CHN,manager,,t
yorkt101,PRO187805150,PRO,manager,,t
fergb101,CHN187805160,CHN,manager,,t
wrigh101,BSN187805180,BSN,manager,,t
fergb101,CHN187805200,CHN,manager,,t
fergb101,CHN187805210,CHN,manager,,t
yorkt101,PRO187805220,PRO,manager,,t
fergb101,CHN187805230,CHN,manager,,t
wrigh101,BSN187805250,BSN,manager,,t
fergb101,CHN187805250,CHN,manager,,t
wrigh101,BSN187805280,BSN,manager,,t
yorkt101,PRO187805280,PRO,manager,,t
wrigh101,BSN187806010,BSN,manager,,t
yorkt101,PRO187806010,PRO,manager,,t
wrigh101,BSN187806030,BSN,manager,,t
yorkt101,PRO187806030,PRO,manager,,t
wrigh101,BSN187806040,BSN,manager,,t
yorkt101,PRO187806040,PRO,manager,,t
wrigh101,BSN187806060,BSN,manager,,t
yorkt101,PRO187806060,PRO,manager,,t
wrigh101,BSN187806110,BSN,manager,,t
fergb101,CHN187806120,CHN,manager,,t
wrigh101,BSN187806130,BSN,manager,,t
fergb101,CHN187806130,CHN,manager,,t
yorkt101,PRO187806130,PRO,manager,,t
yorkt101,PRO187806140,PRO,manager,,t
wrigh101,BSN187806150,BSN,manager,,t
fergb101,CHN187806150,CHN,manager,,t
yorkt101,PRO187806150,PRO,manager,,t
wrigh101,BSN187806170,BSN,manager,,t
yorkt101,PRO187806190,PRO,manager,,t
wrigh101,BSN187806200,BSN,manager,,t
yorkt101,PRO187806200,PRO,manager,,t
fergb101,CHN187806250,CHN,manager,,t
fergb101,CHN187806270,CHN,manager,,t
fergb101,CHN187806290,CHN,manager,,t
fergb101,CHN187807020,CHN,manager,,t
fergb101,CHN187807040,CHN,manager,,t
fergb101,CHN187807060,CHN,manager,,t
fergb101,CHN187807090,CHN,manager,,t
fergb101,CHN187807120,CHN,manager,,t
fergb101,CHN187807130,CHN,manager,,t
fergb101,CHN187807170,CHN,manager,,t
wrigh101,BSN187807220,BSN,manager,,t
wrigh101,BSN187807230,BSN,manager,,t
fergb101,CHN187807230,CHN,manager,,t
yorkt101,PRO187807230,PRO,manager,,t
wrigh101,BSN187807250,BSN,manager,,t
fergb101,CHN187807250,CHN,manager,,t
yorkt101,PRO187807250,PRO,manager,,t
yorkt101,PRO187807260,PRO,manager,,t
wrigh101,BSN187807270,BSN,manager,,t
fergb101,CHN187807270,CHN,manager,,t
yorkt101,PRO187807270,PRO,manager,,t
wrigh101,BSN187807290,BSN,manager,,t
fergb101,CHN187807290,CHN,manager,,t
fergb101,CHN187807300,CHN,manager,,t
wrigh101,BSN187807310,BSN,manager,,t
fergb101,CHN187807310,CHN,manager,,t
yorkt101,PRO187807310,PRO,manager,,t
wrigh101,BSN187808010,BSN,manager,,t
yorkt101,PRO187808020,PRO,manager,,t
wrigh101,BSN187808030,BSN,manager,,t
yorkt101,PRO187808030,PRO,manager,,t
yorkt101,PRO187808070,PRO,manager,,t
wrigh101,BSN187808080,BSN,manager,,t
yorkt101,PRO187808080,PRO,manager,,t
wrigh101,BSN187808090,BSN,manager,,t
yorkt101,PRO187808091,PRO,manager,,t
yorkt101,PRO187808092,PRO,manager,,t
wrigh101,BSN187808100,BSN,manager,,t
yorkt101,PRO187808100,PRO,manager,,t
yorkt101,PRO187808120,PRO,manager,,t
wrigh101,BSN187808130,BSN,manager,,t
yorkt101,PRO187808130,PRO,manager,,t
wrigh101,BSN187808140,BSN,manager,,t
yorkt101,PRO187808140,PRO,manager,,t
yorkt101,PRO187808150,PRO,manager,,t
wrigh101,BSN187808170,BSN,manager,,t
fergb101,CHN187808270,CHN,manager,,t
fergb101,CHN187808290,CHN,manager,,t
fergb101,CHN187808310,CHN,manager,,t
fergb101,CHN187809030,CHN,manager,,t
fergb101,CHN187809040,CHN,manager,,t
fergb101,CHN187809050,CHN,manager,,t
fergb101,CHN187809070,CHN,manager,,t
fergb101,CHN187809110,CHN,manager,,t
fergb101,CHN187809120,CHN,manager,,t
fergb101,CHN187809140,CHN,manager,,t
wrigh101,BSN187809260,BSN,manager,,t
yorkt101,PRO187809270,PRO,manager,,t
wrigh101,BSN187809280,BSN,manager,,t
yorkt101,PRO187809300,PRO,manager,,t
bondt101,PRO187805010,BSN,1,,t
nicht101,BSN187805040,PRO,1,,t
bondt101,PRO187805080,BSN,1,,t
nicht101,BSN187805110,PRO,1,,t
nolae101,CHN187805140,IN1,1,,t
bondt101,PRO187805150,BSN,1,,t
nolae101,CHN187805160,IN1,1,,t
coref101,BSN187805180,PRO,1,,t
nolae101,CHN187805200,IN1,1,,t
whitw103,CHN187805210,CN1,1,,t
bondt101,PRO187805220,BSN,1,,t
whitw103,CHN187805230,CN1,1,,t
nicht101,BSN187805250,PRO,1,,t
whitw103,CHN187805250,CN1,1,,t
larkt101,BSN187805280,CHN,1,,t
weavs101,PRO187805280,ML2,1,,t
larkt101,BSN187806010,CHN,1,,t
weavs101,PRO187806010,ML2,1,,t
larkt101,BSN187806030,CHN,1,,t
goldm101,PRO187806030,ML2,1,,t
goldm101,BSN187806040,ML2,1,,t
larkt101,PRO187806040,CHN,1,,t
goldm101,BSN187806060,ML2,1,,t
larkt101,PRO187806060,CHN,1,,t
nolae101,BSN187806110,IN1,1,,t
weavs101,CHN187806120,ML2,1,,t
nolae101,BSN187806130,IN1,1,,t
weavs101,CHN187806130,ML2,1,,t
whitw103,PRO187806130,CN1,1,,t
mitcr102,PRO187806140,CN1,1,,t
nolae101,BSN187806150,IN1,1,,t
goldm101,CHN187806150,ML2,1,,t
whitw103,PRO187806150,CN1,1,,t
whitw103,BSN187806170,CN1,1,,t
nolae101,PRO187806190,IN1,1,,t
whitw103,BSN187806200,CN1,1,,t
mccoj103,PRO187806200,IN1,1,,t
bondt101,CHN187806250,BSN,1,,t
bondt101,CHN187806270,BSN,1,,t
bondt101,CHN187806290,BSN,1,,t
wheeh101,CHN187807020,PRO,1,,t
wheeh101,CHN187807040,PRO,1,,t
nicht101,CHN187807060,PRO,1,,t
weavs101,CHN187807090,ML2,1,,t
weavs101,CHN187807120,ML2,1,,t
weavs101,CHN187807130,ML2,1,,t
weavs101,CHN187807170,ML2,1,,t
whitw103,BSN187807220,CN1,1,,t
whitw103,BSN187807230,CN1,1,,t
nolae101,CHN187807230,IN1,1,,t
weavs101,PRO187807230,ML2,1,,t
whitw103,BSN187807250,CN1,1,,t
nolae101,CHN187807250,IN1,1,,t
weavs101,PRO187807250,ML2,1,,t
weavs101,PRO187807260,ML2,1,,t
whitw103,BSN187807270,CN1,1,,t
nolae101,CHN187807270,IN1,1,,t
weavs101,PRO187807270,ML2,1,,t
weavs101,BSN187807290,ML2,1,,t
nolae101,CHN187807290,IN1,1,,t
nolae101,CHN187807300,IN1,1,,t
weavs101,BSN187807310,ML2,1,,t
nolae101,CHN187807310,IN1,1,,t
whitw103,PRO187807310,CN1,1,,t
weavs101,BSN187808010,ML2,1,,t
whitw103,PRO187808020,CN1,1,,t
weavs101,BSN187808030,ML2,1,,t
whitw103,PRO187808030,CN1,1,,t
nolae101,PRO187808070,IN1,1,,t
larkt101,BSN187808080,CHN,1,,t
nolae101,PRO187808080,IN1,1,,t
larkt101,BSN187808090,CHN,1,,t
mccoj103,PRO187808091,IN1,1,,t
mcker102,PRO187808092,IN1,1,,t
larkt101,BSN187808100,CHN,1,,t
healt101,PRO187808100,IN1,1,,t
larkt101,PRO187808120,CHN,1,,t
healt101,BSN187808130,IN1,1,,t
larkt101,PRO187808130,CHN,1,,t
healt101,BSN187808140,IN1,1,,t
larkt101,PRO187808140,CHN,1,,t
reisl101,PRO187808150,CHN,1,,t
healt101,BSN187808170,IN1,1,,t
bondt101,CHN187808270,BSN,1,,t
bondt101,CHN187808290,BSN,1,,t
bondt101,CHN187808310,BSN,1,,t
wardm101,CHN187809030,PRO,1,,t
wardm101,CHN187809040,PRO,1,,t
wardm101,CHN187809050,PRO,1,,t
wardm101,CHN187809070,PRO,1,,t
whitw103,CHN187809110,CN1,1,,t
whitw103,CHN187809120,CN1,1,,t
mitcr102,CHN187809140,CN1,1,,t
wardm101,BSN187809260,PRO,1,,t
bondt101,PRO187809270,BSN,1,,t
wardm101,BSN187809280,PRO,1,,t
bondt101,PRO187809300,BSN,1,,t
coref101,PRO187805010,PRO,1,,t
bondt101,BSN187805040,BSN,1,,t
nicht101,PRO187805080,PRO,1,,t
bondt101,BSN187805110,BSN,1,,t
larkt101,CHN187805140,CHN,1,,t
coref101,PRO187805150,PRO,1,,t
reisl101,CHN187805160,CHN,1,,t
mannj101,BSN187805180,BSN,1,,t
larkt101,CHN187805200,CHN,1,,t
larkt101,CHN187805210,CHN,1,,t
nicht101,PRO187805220,PRO,1,,t
larkt101,CHN187805230,CHN,1,,t
bondt101,BSN187805250,BSN,1,,t
reisl101,CHN187805250,CHN,1,,t
bondt101,BSN187805280,BSN,1,,t
coref101,PRO187805280,PRO,1,,t
bondt101,BSN187806010,BSN,1,,t
nicht101,PRO187806010,PRO,1,,t
bondt101,BSN187806030,BSN,1,,t
nicht101,PRO187806030,PRO,1,,t
bondt101,BSN187806040,BSN,1,,t
nicht101,PRO187806040,PRO,1,,t
bondt101,BSN187806060,BSN,1,,t
nicht101,PRO187806060,PRO,1,,t
bondt101,BSN187806110,BSN,1,,t
larkt101,CHN187806120,CHN,1,,t
bondt101,BSN187806130,BSN,1,,t
larkt101,CHN187806130,CHN,1,,t
healt101,PRO187806130,PRO,1,,t
healt101,PRO187806140,PRO,1,,t
bondt101,BSN187806150,BSN,1,,t
larkt101,CHN187806150,CHN,1,,t
healt101,PRO187806150,PRO,1,,t
bondt101,BSN187806170,BSN,1,,t
wheeh101,PRO187806190,PRO,1,,t
bondt101,BSN187806200,BSN,1,,t
wheeh101,PRO187806200,PRO,1,,t
larkt101,CHN187806250,CHN,1,,t
larkt101,CHN187806270,CHN,1,,t
larkt101,CHN187806290,CHN,1,,t
larkt101,CHN187807020,CHN,1,,t
larkt101,CHN187807040,CHN,1,,t
larkt101,CHN187807060,CHN,1,,t
larkt101,CHN187807090,CHN,1,,t
larkt101,CHN187807120,CHN,1,,t
larkt101,CHN187807130,CHN,1,,t
larkt101,CHN187807170,CHN,1,,t
bondt101,BSN187807220,BSN,1,,t
bondt101,BSN187807230,BSN,1,,t
larkt101,CHN187807230,CHN,1,,t
wardm101,PRO187807230,PRO,1,,t
bondt101,BSN187807250,BSN,1,,t
larkt101,CHN187807250,CHN,1,,t
wardm101,PRO187807250,PRO,1,,t
wardm101,PRO187807260,PRO,1,,t
bondt101,BSN187807270,BSN,1,,t
larkt101,CHN187807270,CHN,1,,t
wardm101,PRO187807270,PRO,1,,t
bondt101,BSN187807290,BSN,1,,t
larkt101,CHN187807290,CHN,1,,t
larkt101,CHN187807300,CHN,1,,t
bondt101,BSN187807310,BSN,1,,t
larkt101,CHN187807310,CHN,1,,t
wardm101,PRO187807310,PRO,1,,t
bondt101,BSN187808010,BSN,1,,t
wardm101,PRO187808020,PRO,1,,t
bondt101,BSN187808030,BSN,1,,t
wardm101,PRO187808030,PRO,1,,t
wardm101,PRO187808070,PRO,1,,t
bondt101,BSN187808080,BSN,1,,t
wardm101,PRO187808080,PRO,1,,t
bondt101,BSN187808090,BSN,1,,t
wardm101,PRO187808091,PRO,1,,t
wardm101,PRO187808092,PRO,1,,t
bondt101,BSN187808100,BSN,1,,t
wardm101,PRO187808100,PRO,1,,t
wardm101,PRO187808120,PRO,1,,t
bondt101,BSN187808130,BSN,1,,t
wardm101,PRO187808130,PRO,1,,t
bondt101,BSN187808140,BSN,1,,t
wardm101,PRO187808140,PRO,1,,t
wardm101,PRO187808150,PRO,1,,t
bondt101,BSN187808170,BSN,1,,t
larkt101,CHN187808270,CHN,1,,t
larkt101,CHN187808290,CHN,1,,t
larkt101,CHN187808310,CHN,1,,t
reisl101,CHN187809030,CHN,1,,t
larkt101,CHN187809040,CHN,1,,t
larkt101,CHN187809050,CHN,1,,t
larkt101,CHN187809070,CHN,1,,t
larkt101,CHN187809110,CHN,1,,t
larkt101,CHN187809120,CHN,1,,t
hankf101,CHN187809140,CHN,1,,t
bondt101,BSN187809260,BSN,1,,t
wardm101,PRO187809270,PRO,1,,t
bondt101,BSN187809280,BSN,1,,t
wardm101,PRO187809300,PRO,1,,t
