id,game_id,team_id,field_pos,batt_ord,start
danic901,PRO188005010,UMP,ump_hp,,t
mcleb901,WOR188005010,UMP,ump_hp,,t
danic901,BSN188005040,UMP,ump_hp,,t
mcleb901,WOR188005040,UMP,ump_hp,,t
danic901,PRO188005050,UMP,ump_hp,,t
mcleb901,WOR188005050,UMP,ump_hp,,t
mcleb901,BSN188005070,UMP,ump_hp,,t
strig101,BFN188005070,UMP,ump_hp,,t
bradf101,CHN188005070,UMP,ump_hp,,t
danic901,PRO188005070,UMP,ump_hp,,t
mcleb901,BSN188005080,UMP,ump_hp,,t
strig101,BFN188005080,UMP,ump_hp,,t
danic901,WOR188005080,UMP,ump_hp,,t
strig101,BFN188005100,UMP,ump_hp,,t
bradf101,CHN188005100,UMP,ump_hp,,t
mcleb901,BSN188005110,UMP,ump_hp,,t
bradf101,CHN188005110,UMP,ump_hp,,t
danic901,WOR188005110,UMP,ump_hp,,t
sullt101,CHN188005130,UMP,ump_hp,,t
mcleb901,BSN188005140,UMP,ump_hp,,t
sullt101,CHN188005140,UMP,ump_hp,,t
danic901,PRO188005140,UMP,ump_hp,,t
sullt101,CHN188005150,UMP,ump_hp,,t
danic901,PRO188005150,UMP,ump_hp,,t
mcleb901,WOR188005150,UMP,ump_hp,,t
mcleb901,WOR188005170,UMP,ump_hp,,t
sullt101,CHN188005180,UMP,ump_hp,,t
mcleb901,TRN188005180,UMP,ump_hp,,t
danic901,BSN188005190,UMP,ump_hp,,t
remsj101,CHN188005200,UMP,ump_hp,,t
danic901,PRO188005200,UMP,ump_hp,,t
mcleb901,TRN188005200,UMP,ump_hp,,t
danic901,BSN188005210,UMP,ump_hp,,t
libbs101,BSN188005220,UMP,ump_hp,,t
remsj101,CHN188005220,UMP,ump_hp,,t
mcleb901,TRN188005220,UMP,ump_hp,,t
mcleb901,TRN188005240,UMP,ump_hp,,t
libbs101,BFN188005250,UMP,ump_hp,,t
cudwj101,PRO188005250,UMP,ump_hp,,t
mcleb901,TRN188005250,UMP,ump_hp,,t
libbs101,BFN188005260,UMP,ump_hp,,t
mcleb901,WOR188005260,UMP,ump_hp,,t
libbs101,BFN188005270,UMP,ump_hp,,t
tildo901,PRO188005270,UMP,ump_hp,,t
mcleb901,TRN188005270,UMP,ump_hp,,t
mcleb901,BSN188005290,UMP,ump_hp,,t
bradf101,PRO188005290,UMP,ump_hp,,t
danic901,TRN188005290,UMP,ump_hp,,t
tildo901,WOR188005290,UMP,ump_hp,,t
danic901,TRN188005310,UMP,ump_hp,,t
mcleb901,BSN188006010,UMP,ump_hp,,t
bradf101,PRO188006010,UMP,ump_hp,,t
tildo901,WOR188006010,UMP,ump_hp,,t
mcleb901,BSN188006020,UMP,ump_hp,,t
bradf101,PRO188006020,UMP,ump_hp,,t
danic901,TRN188006020,UMP,ump_hp,,t
tildo901,WOR188006030,UMP,ump_hp,,t
bradf101,BSN188006040,UMP,ump_hp,,t
dosch101,PRO188006040,UMP,ump_hp,,t
tildo901,TRN188006040,UMP,ump_hp,,t
mcleb901,WOR188006040,UMP,ump_hp,,t
bradf101,BSN188006050,UMP,ump_hp,,t
dosch101,PRO188006050,UMP,ump_hp,,t
tildo901,TRN188006050,UMP,ump_hp,,t
mcleb901,WOR188006050,UMP,ump_hp,,t
dosch101,PRO188006070,UMP,ump_hp,,t
dosch101,PRO188006080,UMP,ump_hp,,t
tildo901,TRN188006080,UMP,ump_hp,,t
bradf101,BSN188006090,UMP,ump_hp,,t
mcleb901,WOR188006090,UMP,ump_hp,,t
mcleb901,BSN188006100,UMP,ump_hp,,t
tildo901,PRO188006100,UMP,ump_hp,,t
dosch101,TRN188006100,UMP,ump_hp,,t
bradf101,WOR188006100,UMP,ump_hp,,t
dosch101,TRN188006110,UMP,ump_hp,,t
mcleb901,BSN188006120,UMP,ump_hp,,t
tildo901,PRO188006120,UMP,ump_hp,,t
bradf101,WOR188006120,UMP,ump_hp,,t
mcleb901,BSN188006140,UMP,ump_hp,,t
tildo901,PRO188006140,UMP,ump_hp,,t
dosch101,TRN188006140,UMP,ump_hp,,t
bradf101,WOR188006140,UMP,ump_hp,,t
mcleb901,BSN188006160,UMP,ump_hp,,t
danic901,PRO188006160,UMP,ump_hp,,t
bradf101,TRN188006160,UMP,ump_hp,,t
dosch101,WOR188006160,UMP,ump_hp,,t
mcleb901,BSN188006170,UMP,ump_hp,,t
danic901,PRO188006170,UMP,ump_hp,,t
bradf101,TRN188006170,UMP,ump_hp,,t
dosch101,WOR188006170,UMP,ump_hp,,t
mcleb901,BSN188006190,UMP,ump_hp,,t
danic901,PRO188006190,UMP,ump_hp,,t
bradf101,TRN188006190,UMP,ump_hp,,t
libbs101,WOR188006190,UMP,ump_hp,,t
mcleb901,BFN188006220,UMP,ump_hp,,t
bradf101,CHN188006220,UMP,ump_hp,,t
mcleb901,BFN188006230,UMP,ump_hp,,t
bradf101,CHN188006230,UMP,ump_hp,,t
mcleb901,BFN188006240,UMP,ump_hp,,t
bradf101,CHN188006240,UMP,ump_hp,,t
mcleb901,BFN188006260,UMP,ump_hp,,t
tildo901,CHN188006260,UMP,ump_hp,,t
mcleb901,BFN188006280,UMP,ump_hp,,t
tildo901,CHN188006280,UMP,ump_hp,,t
mcleb901,BFN188006290,UMP,ump_hp,,t
tildo901,CHN188006290,UMP,ump_hp,,t
bradf101,BFN188007010,UMP,ump_hp,,t
prata101,CHN188007020,UMP,ump_hp,,t
bradf101,BFN188007030,UMP,ump_hp,,t
prata101,CHN188007030,UMP,ump_hp,,t
bushd101,BFN188007050,UMP,ump_hp,,t
libbs101,CHN188007050,UMP,ump_hp,,t
dosch101,BFN188007060,UMP,ump_hp,,t
libbs101,CHN188007060,UMP,ump_hp,,t
dosch101,BFN188007080,UMP,ump_hp,,t
libbs101,CHN188007080,UMP,ump_hp,,t
murph901,BSN188007100,UMP,ump_hp,,t
glenj102,BFN188007100,UMP,ump_hp,,t
danic901,TRN188007100,UMP,ump_hp,,t
glenj102,BFN188007130,UMP,ump_hp,,t
danic901,TRN188007130,UMP,ump_hp,,t
murph901,WOR188007130,UMP,ump_hp,,t
murph901,BSN188007140,UMP,ump_hp,,t
glenj102,BFN188007140,UMP,ump_hp,,t
danic901,TRN188007140,UMP,ump_hp,,t
glenj102,BSN188007160,UMP,ump_hp,,t
danic901,PRO188007160,UMP,ump_hp,,t
dosch101,TRN188007160,UMP,ump_hp,,t
bradf101,WOR188007160,UMP,ump_hp,,t
glenj102,BSN188007170,UMP,ump_hp,,t
danic901,PRO188007170,UMP,ump_hp,,t
dosch101,TRN188007170,UMP,ump_hp,,t
bradf101,WOR188007170,UMP,ump_hp,,t
dosch101,TRN188007190,UMP,ump_hp,,t
keeft101,BSN188007210,UMP,ump_hp,,t
danic901,PRO188007210,UMP,ump_hp,,t
bradf101,TRN188007210,UMP,ump_hp,,t
murph901,WOR188007210,UMP,ump_hp,,t
dosch101,BSN188007220,UMP,ump_hp,,t
danic901,PRO188007220,UMP,ump_hp,,t
dosch101,BSN188007230,UMP,ump_hp,,t
danic901,PRO188007230,UMP,ump_hp,,t
bradf101,TRN188007230,UMP,ump_hp,,t
murph901,WOR188007230,UMP,ump_hp,,t
dosch101,BSN188007240,UMP,ump_hp,,t
danic901,PRO188007240,UMP,ump_hp,,t
bradf101,TRN188007240,UMP,ump_hp,,t
murph901,WOR188007240,UMP,ump_hp,,t
dosch101,BSN188007270,UMP,ump_hp,,t
furlb901,PRO188007270,UMP,ump_hp,,t
bradf101,TRN188007270,UMP,ump_hp,,t
tildo901,WOR188007270,UMP,ump_hp,,t
dosch101,BSN188007290,UMP,ump_hp,,t
furlb901,PRO188007290,UMP,ump_hp,,t
bradf101,TRN188007290,UMP,ump_hp,,t
tildo901,WOR188007290,UMP,ump_hp,,t
bradf101,TRN188007300,UMP,ump_hp,,t
dosch101,BSN188007310,UMP,ump_hp,,t
furlb901,PRO188007310,UMP,ump_hp,,t
tildo901,WOR188007310,UMP,ump_hp,,t
dosch101,BSN188008050,UMP,ump_hp,,t
chapj102,PRO188008050,UMP,ump_hp,,t
tildo901,TRN188008050,UMP,ump_hp,,t
bradf101,WOR188008050,UMP,ump_hp,,t
dosch101,BSN188008060,UMP,ump_hp,,t
chapj102,PRO188008060,UMP,ump_hp,,t
tildo901,TRN188008060,UMP,ump_hp,,t
bradf101,WOR188008060,UMP,ump_hp,,t
dosch101,BSN188008070,UMP,ump_hp,,t
chapj102,PRO188008070,UMP,ump_hp,,t
tildo901,TRN188008070,UMP,ump_hp,,t
bradf101,WOR188008070,UMP,ump_hp,,t
chapj102,BFN188008100,UMP,ump_hp,,t
sullt101,CHN188008100,UMP,ump_hp,,t
chapj102,BFN188008110,UMP,ump_hp,,t
chapj102,BFN188008120,UMP,ump_hp,,t
sullt101,CHN188008120,UMP,ump_hp,,t
chapj102,BFN188008140,UMP,ump_hp,,t
sullt101,CHN188008140,UMP,ump_hp,,t
bradf101,BFN188008170,UMP,ump_hp,,t
dosch101,CHN188008170,UMP,ump_hp,,t
dosch101,CHN188008180,UMP,ump_hp,,t
dosch101,CHN188008190,UMP,ump_hp,,t
bradf101,BFN188008200,UMP,ump_hp,,t
bradf101,BFN188008210,UMP,ump_hp,,t
dosch101,CHN188008210,UMP,ump_hp,,t
dosch101,BFN188008240,UMP,ump_hp,,t
bradf101,CHN188008240,UMP,ump_hp,,t
dosch101,BFN188008260,UMP,ump_hp,,t
bradf101,CHN188008260,UMP,ump_hp,,t
dosch101,BFN188008270,UMP,ump_hp,,t
dosch101,BFN188008280,UMP,ump_hp,,t
bradf101,CHN188008300,UMP,ump_hp,,t
walsm801,BFN188008310,UMP,ump_hp,,t
chapj102,CHN188008310,UMP,ump_hp,,t
walsm801,BFN188009010,UMP,ump_hp,,t
walsm801,BFN188009020,UMP,ump_hp,,t
chapj102,CHN188009021,UMP,ump_hp,,t
chapj102,CHN188009022,UMP,ump_hp,,t
bradf101,BFN188009040,UMP,ump_hp,,t
reilc901,PRO188009040,UMP,ump_hp,,t
dosch101,TRN188009040,UMP,ump_hp,,t
bradf101,BFN188009060,UMP,ump_hp,,t
reilc901,PRO188009060,UMP,ump_hp,,t
dosch101,TRN188009060,UMP,ump_hp,,t
bradf101,BFN188009070,UMP,ump_hp,,t
dosch101,TRN188009070,UMP,ump_hp,,t
reilc901,PRO188009080,UMP,ump_hp,,t
haweb101,BSN188009090,UMP,ump_hp,,t
skelu901,BFN188009090,UMP,ump_hp,,t
chapj102,TRN188009090,UMP,ump_hp,,t
skelu901,BFN188009100,UMP,ump_hp,,t
dosch101,BSN188009110,UMP,ump_hp,,t
scheg901,BFN188009110,UMP,ump_hp,,t
chapj102,TRN188009110,UMP,ump_hp,,t
dosch101,BSN188009130,UMP,ump_hp,,t
bradf101,BFN188009140,UMP,ump_hp,,t
dosch101,TRN188009140,UMP,ump_hp,,t
mathb101,BSN188009150,UMP,ump_hp,,t
bradf101,BFN188009150,UMP,ump_hp,,t
bradf101,BFN188009160,UMP,ump_hp,,t
mathb101,PRO188009160,UMP,ump_hp,,t
dosch101,TRN188009160,UMP,ump_hp,,t
mathb101,BSN188009170,UMP,ump_hp,,t
dosch101,TRN188009170,UMP,ump_hp,,t
mathb101,BSN188009180,UMP,ump_hp,,t
walsm801,CHN188009180,UMP,ump_hp,,t
dosch101,WOR188009180,UMP,ump_hp,,t
walsm801,CHN188009200,UMP,ump_hp,,t
mathb101,PRO188009200,UMP,ump_hp,,t
dosch101,WOR188009200,UMP,ump_hp,,t
walsm801,CHN188009210,UMP,ump_hp,,t
mathb101,PRO188009210,UMP,ump_hp,,t
dosch101,WOR188009210,UMP,ump_hp,,t
walsm801,CHN188009220,UMP,ump_hp,,t
mathb101,PRO188009220,UMP,ump_hp,,t
mathb101,PRO188009230,UMP,ump_hp,,t
dosch101,WOR188009230,UMP,ump_hp,,t
bradf101,CHN188009240,UMP,ump_hp,,t
mathb101,PRO188009240,UMP,ump_hp,,t
dosch101,WOR188009240,UMP,ump_hp,,t
bradf101,CHN188009250,UMP,ump_hp,,t
mathb101,PRO188009250,UMP,ump_hp,,t
dosch101,WOR188009250,UMP,ump_hp,,t
bradf101,CHN188009270,UMP,ump_hp,,t
mathb101,PRO188009270,UMP,ump_hp,,t
dosch101,BSN188009280,UMP,ump_hp,,t
bradf101,CHN188009280,UMP,ump_hp,,t
dosch101,BSN188009290,UMP,ump_hp,,t
bradf101,CHN188009290,UMP,ump_hp,,t
mathb101,WOR188009290,UMP,ump_hp,,t
dosch101,BSN188009300,UMP,ump_hp,,t
bradf101,CHN188009300,UMP,ump_hp,,t
mathb101,WOR188009300,UMP,ump_hp,,t
mathb101,WOR188010011,UMP,ump_hp,,t
mathb101,WOR188010012,UMP,ump_hp,,t
wrigh101,PRO188005010,BSN,manager,,t
fergb101,WOR188005010,TRN,manager,,t
mcgem101,BSN188005040,PRO,manager,,t
fergb101,WOR188005040,TRN,manager,,t
wrigh101,PRO188005050,BSN,manager,,t
fergb101,WOR188005050,TRN,manager,,t
fergb101,BSN188005070,TRN,manager,,t
mccoj103,BFN188005070,CL2,manager,,t
mccoj103,BFN188005070,CL2,1,,t
clapj101,CHN188005070,CN4,manager,,t
bancf801,PRO188005070,WOR,manager,,t
fergb101,BSN188005080,TRN,manager,,t
mccoj103,BFN188005080,CL2,manager,,t
mccoj103,BFN188005080,CL2,1,,t
mcgem101,WOR188005080,PRO,manager,,t
mccoj103,BFN188005100,CL2,manager,,t
mccoj103,BFN188005100,CL2,1,,t
clapj101,CHN188005100,CN4,manager,,t
fergb101,BSN188005110,TRN,manager,,t
clapj101,CHN188005110,CN4,manager,,t
mcgem101,WOR188005110,PRO,manager,,t
crans101,CHN188005130,BFN,manager,,t
bancf801,BSN188005140,WOR,manager,,t
crans101,CHN188005140,BFN,manager,,t
fergb101,PRO188005140,TRN,manager,,t
crans101,CHN188005150,BFN,manager,,t
fergb101,PRO188005150,TRN,manager,,t
wrigh101,WOR188005150,BSN,manager,,t
wrigh101,WOR188005170,BSN,manager,,t
mccoj103,CHN188005180,CL2,manager,,t
mccoj103,CHN188005180,CL2,1,,t
bancf801,TRN188005180,WOR,manager,,t
mcgem101,BSN188005190,PRO,manager,,t
mccoj103,CHN188005200,CL2,manager,,t
mccoj103,CHN188005200,CL2,1,,t
wrigh101,PRO188005200,BSN,manager,,t
bancf801,TRN188005200,WOR,manager,,t
mcgem101,BSN188005210,PRO,manager,,t
mcgem101,BSN188005220,PRO,manager,,t
mccoj103,CHN188005220,CL2,manager,,t
mccoj103,CHN188005220,CL2,1,,t
bancf801,TRN188005220,WOR,manager,,t
wrigh101,TRN188005240,BSN,manager,,t
ansoc101,BFN188005250,CHN,manager,,t
bancf801,PRO188005250,WOR,manager,,t
wrigh101,TRN188005250,BSN,manager,,t
ansoc101,BFN188005260,CHN,manager,,t
mcgem101,WOR188005260,PRO,manager,,t
ansoc101,BFN188005270,CHN,manager,,t
bancf801,PRO188005270,WOR,manager,,t
wrigh101,TRN188005270,BSN,manager,,t
ansoc101,BSN188005290,CHN,manager,,t
mccoj103,PRO188005290,CL2,manager,,t
mccoj103,PRO188005290,CL2,1,,t
crans101,TRN188005290,BFN,manager,,t
clapj101,WOR188005290,CN4,manager,,t
crans101,TRN188005310,BFN,manager,,t
ansoc101,BSN188006010,CHN,manager,,t
mccoj103,PRO188006010,CL2,manager,,t
mccoj103,PRO188006010,CL2,1,,t
clapj101,WOR188006010,CN4,manager,,t
ansoc101,BSN188006020,CHN,manager,,t
mccoj103,PRO188006020,CL2,manager,,t
mccoj103,PRO188006020,CL2,1,,t
crans101,TRN188006020,BFN,manager,,t
clapj101,WOR188006030,CN4,manager,,t
mccoj103,BSN188006040,CL2,manager,,t
mccoj103,BSN188006040,CL2,1,,t
ansoc101,PRO188006040,CHN,manager,,t
clapj101,TRN188006040,CN4,manager,,t
crans101,WOR188006040,BFN,manager,,t
mccoj103,BSN188006050,CL2,manager,,t
mccoj103,BSN188006050,CL2,1,,t
ansoc101,PRO188006050,CHN,manager,,t
clapj101,TRN188006050,CN4,manager,,t
crans101,WOR188006050,BFN,manager,,t
ansoc101,PRO188006070,CHN,manager,,t
ansoc101,PRO188006080,CHN,manager,,t
clapj101,TRN188006080,CN4,manager,,t
mccoj103,BSN188006090,CL2,manager,,t
mccoj103,BSN188006090,CL2,1,,t
crans101,WOR188006090,BFN,manager,,t
crans101,BSN188006100,BFN,manager,,t
clapj101,PRO188006100,CN4,manager,,t
ansoc101,TRN188006100,CHN,manager,,t
mccoj103,WOR188006100,CL2,manager,,t
mccoj103,WOR188006100,CL2,1,,t
ansoc101,TRN188006110,CHN,manager,,t
crans101,BSN188006120,BFN,manager,,t
clapj101,PRO188006120,CN4,manager,,t
mccoj103,WOR188006120,CL2,manager,,t
mccoj103,WOR188006120,CL2,1,,t
crans101,BSN188006140,BFN,manager,,t
clapj101,PRO188006140,CN4,manager,,t
ansoc101,TRN188006140,CHN,manager,,t
mccoj103,WOR188006140,CL2,manager,,t
mccoj103,WOR188006140,CL2,1,,t
clapj101,BSN188006160,CN4,manager,,t
crans101,PRO188006160,BFN,manager,,t
mccoj103,TRN188006160,CL2,manager,,t
mccoj103,TRN188006160,CL2,1,,t
ansoc101,WOR188006160,CHN,manager,,t
clapj101,BSN188006170,CN4,manager,,t
crans101,PRO188006170,BFN,manager,,t
mccoj103,TRN188006170,CL2,manager,,t
mccoj103,TRN188006170,CL2,1,,t
ansoc101,WOR188006170,CHN,manager,,t
clapj101,BSN188006190,CN4,manager,,t
crans101,PRO188006190,BFN,manager,,t
mccoj103,TRN188006190,CL2,manager,,t
mccoj103,TRN188006190,CL2,1,,t
ansoc101,WOR188006190,CHN,manager,,t
wrigh101,BFN188006220,BSN,manager,,t
fergb101,CHN188006220,TRN,manager,,t
wrigh101,BFN188006230,BSN,manager,,t
fergb101,CHN188006230,TRN,manager,,t
wrigh101,BFN188006240,BSN,manager,,t
fergb101,CHN188006240,TRN,manager,,t
wardm101,BFN188006260,PRO,manager,,t
wardm101,BFN188006260,PRO,1,,t
bancf801,CHN188006260,WOR,manager,,t
wardm101,BFN188006280,PRO,manager,,t
bancf801,CHN188006280,WOR,manager,,t
wardm101,BFN188006290,PRO,manager,,t
bancf801,CHN188006290,WOR,manager,,t
fergb101,BFN188007010,TRN,manager,,t
wrigh101,CHN188007020,BSN,manager,,t
fergb101,BFN188007030,TRN,manager,,t
wrigh101,CHN188007030,BSN,manager,,t
bancf801,BFN188007050,WOR,manager,,t
wardm101,CHN188007050,PRO,manager,,t
bancf801,BFN188007060,WOR,manager,,t
wardm101,CHN188007060,PRO,manager,,t
wardm101,CHN188007060,PRO,1,,t
bancf801,BFN188007080,WOR,manager,,t
wardm101,CHN188007080,PRO,manager,,t
wardm101,CHN188007080,PRO,1,,t
bancf801,BSN188007100,WOR,manager,,t
clapj101,BFN188007100,CN4,manager,,t
wardm101,TRN188007100,PRO,manager,,t
wardm101,TRN188007100,PRO,1,,t
clapj101,BFN188007130,CN4,manager,,t
wardm101,TRN188007130,PRO,manager,,t
wrigh101,WOR188007130,BSN,manager,,t
bancf801,BSN188007140,WOR,manager,,t
clapj101,BFN188007140,CN4,manager,,t
wardm101,TRN188007140,PRO,manager,,t
wardm101,TRN188007140,PRO,1,,t
clapj101,BSN188007160,CN4,manager,,t
crans101,PRO188007160,BFN,manager,,t
ansoc101,TRN188007160,CHN,manager,,t
mccoj103,WOR188007160,CL2,manager,,t
mccoj103,WOR188007160,CL2,1,,t
clapj101,BSN188007170,CN4,manager,,t
crans101,PRO188007170,BFN,manager,,t
ansoc101,TRN188007170,CHN,manager,,t
mccoj103,WOR188007170,CL2,manager,,t
mccoj103,WOR188007170,CL2,1,,t
ansoc101,TRN188007190,CHN,manager,,t
clapj101,BSN188007210,CN4,manager,,t
crans101,PRO188007210,BFN,manager,,t
mccoj103,TRN188007210,CL2,manager,,t
mccoj103,TRN188007210,CL2,1,,t
ansoc101,WOR188007210,CHN,manager,,t
crans101,BSN188007220,BFN,manager,,t
clapj101,PRO188007220,CN4,manager,,t
crans101,BSN188007230,BFN,manager,,t
clapj101,PRO188007230,CN4,manager,,t
mccoj103,TRN188007230,CL2,manager,,t
mccoj103,TRN188007230,CL2,1,,t
ansoc101,WOR188007230,CHN,manager,,t
crans101,BSN188007240,BFN,manager,,t
clapj101,PRO188007240,CN4,manager,,t
mccoj103,TRN188007240,CL2,manager,,t
mccoj103,TRN188007240,CL2,1,,t
ansoc101,WOR188007240,CHN,manager,,t
mccoj103,BSN188007270,CL2,manager,,t
mccoj103,BSN188007270,CL2,1,,t
ansoc101,PRO188007270,CHN,manager,,t
crans101,TRN188007270,BFN,manager,,t
clapj101,WOR188007270,CN4,manager,,t
mccoj103,BSN188007290,CL2,manager,,t
mccoj103,BSN188007290,CL2,1,,t
ansoc101,PRO188007290,CHN,manager,,t
crans101,TRN188007290,BFN,manager,,t
clapj101,WOR188007290,CN4,manager,,t
crans101,TRN188007300,BFN,manager,,t
mccoj103,BSN188007310,CL2,manager,,t
mccoj103,BSN188007310,CL2,1,,t
ansoc101,PRO188007310,CHN,manager,,t
clapj101,WOR188007310,CN4,manager,,t
ansoc101,BSN188008050,CHN,manager,,t
mccoj103,PRO188008050,CL2,manager,,t
mccoj103,PRO188008050,CL2,1,,t
clapj101,TRN188008050,CN4,manager,,t
crans101,WOR188008050,BFN,manager,,t
ansoc101,BSN188008060,CHN,manager,,t
mccoj103,PRO188008060,CL2,manager,,t
mccoj103,PRO188008060,CL2,1,,t
clapj101,TRN188008060,CN4,manager,,t
crans101,WOR188008060,BFN,manager,,t
ansoc101,BSN188008070,CHN,manager,,t
mccoj103,PRO188008070,CL2,manager,,t
clapj101,TRN188008070,CN4,manager,,t
crans101,WOR188008070,BFN,manager,,t
fergb101,BFN188008100,TRN,manager,,t
dorgm101,CHN188008100,PRO,manager,,t
fergb101,BFN188008110,TRN,manager,,t
fergb101,BFN188008120,TRN,manager,,t
dorgm101,CHN188008120,PRO,manager,,t
fergb101,BFN188008140,TRN,manager,,t
dorgm101,CHN188008140,PRO,manager,,t
bancf801,BFN188008170,WOR,manager,,t
wrigh101,CHN188008170,BSN,manager,,t
wrigh101,CHN188008180,BSN,manager,,t
wrigh101,CHN188008190,BSN,manager,,t
bancf801,BFN188008200,WOR,manager,,t
bancf801,BFN188008210,WOR,manager,,t
wrigh101,CHN188008210,BSN,manager,,t
wrigh101,BFN188008240,BSN,manager,,t
bancf801,CHN188008240,WOR,manager,,t
wrigh101,BFN188008260,BSN,manager,,t
bancf801,CHN188008260,WOR,manager,,t
wrigh101,BFN188008270,BSN,manager,,t
wrigh101,BFN188008280,BSN,manager,,t
bancf801,CHN188008300,WOR,manager,,t
dorgm101,BFN188008310,PRO,manager,,t
fergb101,CHN188008310,TRN,manager,,t
dorgm101,BFN188009010,PRO,manager,,t
dorgm101,BFN188009020,PRO,manager,,t
fergb101,CHN188009021,TRN,manager,,t
fergb101,CHN188009022,TRN,manager,,t
ansoc101,BFN188009040,CHN,manager,,t
bancf801,PRO188009040,WOR,manager,,t
wrigh101,TRN188009040,BSN,manager,,t
ansoc101,BFN188009060,CHN,manager,,t
bancf801,PRO188009060,WOR,manager,,t
wrigh101,TRN188009060,BSN,manager,,t
ansoc101,BFN188009070,CHN,manager,,t
wrigh101,TRN188009070,BSN,manager,,t
bancf801,PRO188009080,WOR,manager,,t
bancf801,BSN188009090,WOR,manager,,t
clapj101,BFN188009090,CN4,manager,,t
dorgm101,TRN188009090,PRO,manager,,t
clapj101,BFN188009100,CN4,manager,,t
bancf801,BSN188009110,WOR,manager,,t
clapj101,BFN188009110,CN4,manager,,t
dorgm101,TRN188009110,PRO,manager,,t
bancf801,BSN188009130,WOR,manager,,t
mccoj103,BFN188009140,CL2,manager,,t
mccoj103,BFN188009140,CL2,1,,t
bancf801,TRN188009140,WOR,manager,,t
dorgm101,BSN188009150,PRO,manager,,t
mccoj103,BFN188009150,CL2,manager,,t
mccoj103,BFN188009160,CL2,manager,,t
mccoj103,BFN188009160,CL2,1,,t
wrigh101,PRO188009160,BSN,manager,,t
bancf801,TRN188009160,WOR,manager,,t
dorgm101,BSN188009170,PRO,manager,,t
bancf801,TRN188009170,WOR,manager,,t
dorgm101,BSN188009180,PRO,manager,,t
clapj101,CHN188009180,CN4,manager,,t
fergb101,WOR188009180,TRN,manager,,t
clapj101,CHN188009200,CN4,manager,,t
wrigh101,PRO188009200,BSN,manager,,t
fergb101,WOR188009200,TRN,manager,,t
clapj101,CHN188009210,CN4,manager,,t
wrigh101,PRO188009210,BSN,manager,,t
fergb101,WOR188009210,TRN,manager,,t
clapj101,CHN188009220,CN4,manager,,t
fergb101,PRO188009220,TRN,manager,,t
fergb101,PRO188009230,TRN,manager,,t
wrigh101,WOR188009230,BSN,manager,,t
mccoj103,CHN188009240,CL2,manager,,t
mccoj103,CHN188009240,CL2,1,,t
fergb101,PRO188009240,TRN,manager,,t
wrigh101,WOR188009240,BSN,manager,,t
mccoj103,CHN188009250,CL2,manager,,t
mccoj103,CHN188009250,CL2,1,,t
fergb101,PRO188009250,TRN,manager,,t
wrigh101,WOR188009250,BSN,manager,,t
mccoj103,CHN188009270,CL2,manager,,t
mccoj103,CHN188009270,CL2,1,,t
fergb101,PRO188009270,TRN,manager,,t
fergb101,BSN188009280,TRN,manager,,t
crans101,CHN188009280,BFN,manager,,t
fergb101,BSN188009290,TRN,manager,,t
crans101,CHN188009290,BFN,manager,,t
dorgm101,WOR188009290,PRO,manager,,t
fergb101,BSN188009300,TRN,manager,,t
crans101,CHN188009300,BFN,manager,,t
dorgm101,WOR188009300,PRO,manager,,t
dorgm101,WOR188010011,PRO,manager,,t
dorgm101,WOR188010012,PRO,manager,,t
mcgem101,PRO188005010,PRO,manager,,t
bancf801,WOR188005010,WOR,manager,,t
wrigh101,BSN188005040,BSN,manager,,t
bancf801,WOR188005040,WOR,manager,,t
mcgem101,PRO188005050,PRO,manager,,t
bancf801,WOR188005050,WOR,manager,,t
wrigh101,BSN188005070,BSN,manager,,t
crans101,BFN188005070,BFN,manager,,t
ansoc101,CHN188005070,CHN,manager,,t
mcgem101,PRO188005070,PRO,manager,,t
wrigh101,BSN188005080,BSN,manager,,t
crans101,BFN188005080,BFN,manager,,t
bancf801,WOR188005080,WOR,manager,,t
crans101,BFN188005100,BFN,manager,,t
ansoc101,CHN188005100,CHN,manager,,t
wrigh101,BSN188005110,BSN,manager,,t
ansoc101,CHN188005110,CHN,manager,,t
bancf801,WOR188005110,WOR,manager,,t
ansoc101,CHN188005130,CHN,manager,,t
wrigh101,BSN188005140,BSN,manager,,t
ansoc101,CHN188005140,CHN,manager,,t
mcgem101,PRO188005140,PRO,manager,,t
ansoc101,CHN188005150,CHN,manager,,t
mcgem101,PRO188005150,PRO,manager,,t
bancf801,WOR188005150,WOR,manager,,t
bancf801,WOR188005170,WOR,manager,,t
ansoc101,CHN188005180,CHN,manager,,t
fergb101,TRN188005180,TRN,manager,,t
wrigh101,BSN188005190,BSN,manager,,t
ansoc101,CHN188005200,CHN,manager,,t
mcgem101,PRO188005200,PRO,manager,,t
fergb101,TRN188005200,TRN,manager,,t
wrigh101,BSN188005210,BSN,manager,,t
wrigh101,BSN188005220,BSN,manager,,t
ansoc101,CHN188005220,CHN,manager,,t
fergb101,TRN188005220,TRN,manager,,t
fergb101,TRN188005240,TRN,manager,,t
crans101,BFN188005250,BFN,manager,,t
mcgem101,PRO188005250,PRO,manager,,t
fergb101,TRN188005250,TRN,manager,,t
crans101,BFN188005260,BFN,manager,,t
bancf801,WOR188005260,WOR,manager,,t
crans101,BFN188005270,BFN,manager,,t
mcgem101,PRO188005270,PRO,manager,,t
fergb101,TRN188005270,TRN,manager,,t
wrigh101,BSN188005290,BSN,manager,,t
mcgem101,PRO188005290,PRO,manager,,t
fergb101,TRN188005290,TRN,manager,,t
bancf801,WOR188005290,WOR,manager,,t
fergb101,TRN188005310,TRN,manager,,t
wrigh101,BSN188006010,BSN,manager,,t
wardm101,PRO188006010,PRO,manager,,t
wardm101,PRO188006010,PRO,1,,t
bancf801,WOR188006010,WOR,manager,,t
wrigh101,BSN188006020,BSN,manager,,t
wardm101,PRO188006020,PRO,manager,,t
wardm101,PRO188006020,PRO,1,,t
fergb101,TRN188006020,TRN,manager,,t
bancf801,WOR188006030,WOR,manager,,t
wrigh101,BSN188006040,BSN,manager,,t
wardm101,PRO188006040,PRO,manager,,t
wardm101,PRO188006040,PRO,1,,t
fergb101,TRN188006040,TRN,manager,,t
bancf801,WOR188006040,WOR,manager,,t
wrigh101,BSN188006050,BSN,manager,,t
wardm101,PRO188006050,PRO,manager,,t
wardm101,PRO188006050,PRO,1,,t
fergb101,TRN188006050,TRN,manager,,t
bancf801,WOR188006050,WOR,manager,,t
wardm101,PRO188006070,PRO,manager,,t
wardm101,PRO188006070,PRO,1,,t
wardm101,PRO188006080,PRO,manager,,t
wardm101,PRO188006080,PRO,1,,t
fergb101,TRN188006080,TRN,manager,,t
wrigh101,BSN188006090,BSN,manager,,t
bancf801,WOR188006090,WOR,manager,,t
wrigh101,BSN188006100,BSN,manager,,t
wardm101,PRO188006100,PRO,manager,,t
wardm101,PRO188006100,PRO,1,,t
fergb101,TRN188006100,TRN,manager,,t
bancf801,WOR188006100,WOR,manager,,t
fergb101,TRN188006110,TRN,manager,,t
wrigh101,BSN188006120,BSN,manager,,t
wardm101,PRO188006120,PRO,manager,,t
wardm101,PRO188006120,PRO,1,,t
bancf801,WOR188006120,WOR,manager,,t
wrigh101,BSN188006140,BSN,manager,,t
wardm101,PRO188006140,PRO,manager,,t
wardm101,PRO188006140,PRO,1,,t
fergb101,TRN188006140,TRN,manager,,t
bancf801,WOR188006140,WOR,manager,,t
wrigh101,BSN188006160,BSN,manager,,t
wardm101,PRO188006160,PRO,manager,,t
wardm101,PRO188006160,PRO,1,,t
fergb101,TRN188006160,TRN,manager,,t
bancf801,WOR188006160,WOR,manager,,t
wrigh101,BSN188006170,BSN,manager,,t
wardm101,PRO188006170,PRO,manager,,t
wardm101,PRO188006170,PRO,1,,t
fergb101,TRN188006170,TRN,manager,,t
bancf801,WOR188006170,WOR,manager,,t
wrigh101,BSN188006190,BSN,manager,,t
wardm101,PRO188006190,PRO,manager,,t
wardm101,PRO188006190,PRO,1,,t
fergb101,TRN188006190,TRN,manager,,t
bancf801,WOR188006190,WOR,manager,,t
crans101,BFN188006220,BFN,manager,,t
ansoc101,CHN188006220,CHN,manager,,t
crans101,BFN188006230,BFN,manager,,t
ansoc101,CHN188006230,CHN,manager,,t
crans101,BFN188006240,BFN,manager,,t
ansoc101,CHN188006240,CHN,manager,,t
crans101,BFN188006260,BFN,manager,,t
ansoc101,CHN188006260,CHN,manager,,t
crans101,BFN188006280,BFN,manager,,t
ansoc101,CHN188006280,CHN,manager,,t
crans101,BFN188006290,BFN,manager,,t
ansoc101,CHN188006290,CHN,manager,,t
crans101,BFN188007010,BFN,manager,,t
ansoc101,CHN188007020,CHN,manager,,t
crans101,BFN188007030,BFN,manager,,t
ansoc101,CHN188007030,CHN,manager,,t
crans101,BFN188007050,BFN,manager,,t
ansoc101,CHN188007050,CHN,manager,,t
crans101,BFN188007060,BFN,manager,,t
ansoc101,CHN188007060,CHN,manager,,t
crans101,BFN188007080,BFN,manager,,t
ansoc101,CHN188007080,CHN,manager,,t
wrigh101,BSN188007100,BSN,manager,,t
crans101,BFN188007100,BFN,manager,,t
fergb101,TRN188007100,TRN,manager,,t
crans101,BFN188007130,BFN,manager,,t
fergb101,TRN188007130,TRN,manager,,t
bancf801,WOR188007130,WOR,manager,,t
wrigh101,BSN188007140,BSN,manager,,t
crans101,BFN188007140,BFN,manager,,t
fergb101,TRN188007140,TRN,manager,,t
wrigh101,BSN188007160,BSN,manager,,t
wardm101,PRO188007160,PRO,manager,,t
wardm101,PRO188007160,PRO,1,,t
fergb101,TRN188007160,TRN,manager,,t
bancf801,WOR188007160,WOR,manager,,t
wrigh101,BSN188007170,BSN,manager,,t
wardm101,PRO188007170,PRO,manager,,t
wardm101,PRO188007170,PRO,1,,t
fergb101,TRN188007170,TRN,manager,,t
bancf801,WOR188007170,WOR,manager,,t
fergb101,TRN188007190,TRN,manager,,t
wrigh101,BSN188007210,BSN,manager,,t
wardm101,PRO188007210,PRO,manager,,t
wardm101,PRO188007210,PRO,1,,t
fergb101,TRN188007210,TRN,manager,,t
bancf801,WOR188007210,WOR,manager,,t
wrigh101,BSN188007220,BSN,manager,,t
wardm101,PRO188007220,PRO,manager,,t
wardm101,PRO188007220,PRO,1,,t
wrigh101,BSN188007230,BSN,manager,,t
wardm101,PRO188007230,PRO,manager,,t
wardm101,PRO188007230,PRO,1,,t
fergb101,TRN188007230,TRN,manager,,t
bancf801,WOR188007230,WOR,manager,,t
wrigh101,BSN188007240,BSN,manager,,t
wardm101,PRO188007240,PRO,manager,,t
wardm101,PRO188007240,PRO,1,,t
fergb101,TRN188007240,TRN,manager,,t
bancf801,WOR188007240,WOR,manager,,t
wrigh101,BSN188007270,BSN,manager,,t
dorgm101,PRO188007270,PRO,manager,,t
fergb101,TRN188007270,TRN,manager,,t
bancf801,WOR188007270,WOR,manager,,t
wrigh101,BSN188007290,BSN,manager,,t
dorgm101,PRO188007290,PRO,manager,,t
fergb101,TRN188007290,TRN,manager,,t
bancf801,WOR188007290,WOR,manager,,t
fergb101,TRN188007300,TRN,manager,,t
wrigh101,BSN188007310,BSN,manager,,t
dorgm101,PRO188007310,PRO,manager,,t
bancf801,WOR188007310,WOR,manager,,t
wrigh101,BSN188008050,BSN,manager,,t
dorgm101,PRO188008050,PRO,manager,,t
fergb101,TRN188008050,TRN,manager,,t
bancf801,WOR188008050,WOR,manager,,t
wrigh101,BSN188008060,BSN,manager,,t
dorgm101,PRO188008060,PRO,manager,,t
fergb101,TRN188008060,TRN,manager,,t
bancf801,WOR188008060,WOR,manager,,t
wrigh101,BSN188008070,BSN,manager,,t
dorgm101,PRO188008070,PRO,manager,,t
fergb101,TRN188008070,TRN,manager,,t
bancf801,WOR188008070,WOR,manager,,t
crans101,BFN188008100,BFN,manager,,t
ansoc101,CHN188008100,CHN,manager,,t
crans101,BFN188008110,BFN,manager,,t
crans101,BFN188008120,BFN,manager,,t
ansoc101,CHN188008120,CHN,manager,,t
crans101,BFN188008140,BFN,manager,,t
ansoc101,CHN188008140,CHN,manager,,t
crans101,BFN188008170,BFN,manager,,t
ansoc101,CHN188008170,CHN,manager,,t
ansoc101,CHN188008180,CHN,manager,,t
ansoc101,CHN188008190,CHN,manager,,t
crans101,BFN188008200,BFN,manager,,t
crans101,BFN188008210,BFN,manager,,t
ansoc101,CHN188008210,CHN,manager,,t
crans101,BFN188008240,BFN,manager,,t
ansoc101,CHN188008240,CHN,manager,,t
crans101,BFN188008260,BFN,manager,,t
ansoc101,CHN188008260,CHN,manager,,t
crans101,BFN188008270,BFN,manager,,t
crans101,BFN188008280,BFN,manager,,t
ansoc101,CHN188008300,CHN,manager,,t
crans101,BFN188008310,BFN,manager,,t
ansoc101,CHN188008310,CHN,manager,,t
crans101,BFN188009010,BFN,manager,,t
crans101,BFN188009020,BFN,manager,,t
ansoc101,CHN188009021,CHN,manager,,t
ansoc101,CHN188009022,CHN,manager,,t
crans101,BFN188009040,BFN,manager,,t
dorgm101,PRO188009040,PRO,manager,,t
fergb101,TRN188009040,TRN,manager,,t
crans101,BFN188009060,BFN,manager,,t
dorgm101,PRO188009060,PRO,manager,,t
fergb101,TRN188009060,TRN,manager,,t
crans101,BFN188009070,BFN,manager,,t
fergb101,TRN188009070,TRN,manager,,t
dorgm101,PRO188009080,PRO,manager,,t
wrigh101,BSN188009090,BSN,manager,,t
crans101,BFN188009090,BFN,manager,,t
fergb101,TRN188009090,TRN,manager,,t
crans101,BFN188009100,BFN,manager,,t
wrigh101,BSN188009110,BSN,manager,,t
crans101,BFN188009110,BFN,manager,,t
fergb101,TRN188009110,TRN,manager,,t
wrigh101,BSN188009130,BSN,manager,,t
crans101,BFN188009140,BFN,manager,,t
fergb101,TRN188009140,TRN,manager,,t
wrigh101,BSN188009150,BSN,manager,,t
crans101,BFN188009150,BFN,manager,,t
crans101,BFN188009160,BFN,manager,,t
dorgm101,PRO188009160,PRO,manager,,t
fergb101,TRN188009160,TRN,manager,,t
wrigh101,BSN188009170,BSN,manager,,t
fergb101,TRN188009170,TRN,manager,,t
wrigh101,BSN188009180,BSN,manager,,t
ansoc101,CHN188009180,CHN,manager,,t
bancf801,WOR188009180,WOR,manager,,t
ansoc101,CHN188009200,CHN,manager,,t
dorgm101,PRO188009200,PRO,manager,,t
bancf801,WOR188009200,WOR,manager,,t
ansoc101,CHN188009210,CHN,manager,,t
dorgm101,PRO188009210,PRO,manager,,t
bancf801,WOR188009210,WOR,manager,,t
ansoc101,CHN188009220,CHN,manager,,t
dorgm101,PRO188009220,PRO,manager,,t
dorgm101,PRO188009230,PRO,manager,,t
bancf801,WOR188009230,WOR,manager,,t
ansoc101,CHN188009240,CHN,manager,,t
dorgm101,PRO188009240,PRO,manager,,t
bancf801,WOR188009240,WOR,manager,,t
ansoc101,CHN188009250,CHN,manager,,t
dorgm101,PRO188009250,PRO,manager,,t
bancf801,WOR188009250,WOR,manager,,t
ansoc101,CHN188009270,CHN,manager,,t
dorgm101,PRO188009270,PRO,manager,,t
wrigh101,BSN188009280,BSN,manager,,t
ansoc101,CHN188009280,CHN,manager,,t
wrigh101,BSN188009290,BSN,manager,,t
ansoc101,CHN188009290,CHN,manager,,t
bancf801,WOR188009290,WOR,manager,,t
wrigh101,BSN188009300,BSN,manager,,t
ansoc101,CHN188009300,CHN,manager,,t
bancf801,WOR188009300,WOR,manager,,t
bancf801,WOR188010011,WOR,manager,,t
bancf801,WOR188010012,WOR,manager,,t
bondt101,PRO188005010,BSN,1,,t
welcm102,WOR188005010,TRN,1,,t
wardm101,BSN188005040,PRO,1,,t
larkt101,WOR188005040,TRN,1,,t
bondt101,PRO188005050,BSN,1,,t
welcm102,WOR188005050,TRN,1,,t
welcm102,BSN188005070,TRN,1,,t
whitw103,CHN188005070,CN4,1,,t
richl104,PRO188005070,WOR,1,,t
welcm102,BSN188005080,TRN,1,,t
wardm101,WOR188005080,PRO,1,,t
purcb101,CHN188005100,CN4,1,,t
welcm102,BSN188005110,TRN,1,,t
whitw103,CHN188005110,CN4,1,,t
wardm101,WOR188005110,PRO,1,,t
mcgub101,CHN188005130,BFN,1,,t
nicht101,BSN188005140,WOR,1,,t
poort101,CHN188005140,BFN,1,,t
welcm102,PRO188005140,TRN,1,,t
poort101,CHN188005150,BFN,1,,t
welcm102,PRO188005150,TRN,1,,t
bondt101,WOR188005150,BSN,1,,t
bondt101,WOR188005170,BSN,1,,t
nicht101,TRN188005180,WOR,1,,t
wardm101,BSN188005190,PRO,1,,t
bondt101,PRO188005200,BSN,1,,t
coref101,TRN188005200,WOR,1,,t
wardm101,BSN188005210,PRO,1,,t
wardm101,BSN188005220,PRO,1,,t
richl104,TRN188005220,WOR,1,,t
bondt101,TRN188005240,BSN,1,,t
goldf101,BFN188005250,CHN,1,,t
richl104,PRO188005250,WOR,1,,t
folec101,TRN188005250,BSN,1,,t
corcl101,BFN188005260,CHN,1,,t
wardm101,WOR188005260,PRO,1,,t
goldf101,BFN188005270,CHN,1,,t
richl104,PRO188005270,WOR,1,,t
folec101,TRN188005270,BSN,1,,t
corcl101,BSN188005290,CHN,1,,t
galvj103,TRN188005290,BFN,1,,t
whitw103,WOR188005290,CN4,1,,t
galvj103,TRN188005310,BFN,1,,t
goldf101,BSN188006010,CHN,1,,t
whitw103,WOR188006010,CN4,1,,t
goldf101,BSN188006020,CHN,1,,t
galvj103,TRN188006020,BFN,1,,t
whitw103,WOR188006030,CN4,1,,t
corcl101,PRO188006040,CHN,1,,t
whitw103,TRN188006040,CN4,1,,t
galvj103,WOR188006040,BFN,1,,t
goldf101,PRO188006050,CHN,1,,t
purcb101,TRN188006050,CN4,1,,t
galvj103,WOR188006050,BFN,1,,t
corcl101,PRO188006070,CHN,1,,t
goldf101,PRO188006080,CHN,1,,t
purcb101,TRN188006080,CN4,1,,t
galvj103,WOR188006090,BFN,1,,t
poort101,BSN188006100,BFN,1,,t
purcb101,PRO188006100,CN4,1,,t
corcl101,TRN188006100,CHN,1,,t
goldf101,TRN188006110,CHN,1,,t
galvj103,BSN188006120,BFN,1,,t
whitw103,PRO188006120,CN4,1,,t
galvj103,BSN188006140,BFN,1,,t
purcb101,PRO188006140,CN4,1,,t
corcl101,TRN188006140,CHN,1,,t
purcb101,BSN188006160,CN4,1,,t
galvj103,PRO188006160,BFN,1,,t
corcl101,WOR188006160,CHN,1,,t
whitw103,BSN188006170,CN4,1,,t
galvj103,PRO188006170,BFN,1,,t
corcl101,WOR188006170,CHN,1,,t
whitw103,BSN188006190,CN4,1,,t
poort101,PRO188006190,BFN,1,,t
corcl101,WOR188006190,CHN,1,,t
folec101,BFN188006220,BSN,1,,t
welcm102,CHN188006220,TRN,1,,t
bondt101,BFN188006230,BSN,1,,t
welcm102,CHN188006230,TRN,1,,t
folec101,BFN188006240,BSN,1,,t
welcm102,CHN188006240,TRN,1,,t
richl104,CHN188006260,WOR,1,,t
bradg103,BFN188006280,PRO,1,,t
richl104,CHN188006280,WOR,1,,t
bradg103,BFN188006290,PRO,1,,t
richl104,CHN188006290,WOR,1,,t
welcm102,BFN188007010,TRN,1,,t
folec101,CHN188007020,BSN,1,,t
welcm102,BFN188007030,TRN,1,,t
bondt101,CHN188007030,BSN,1,,t
richl104,BFN188007050,WOR,1,,t
bradg103,CHN188007050,PRO,1,,t
richl104,BFN188007060,WOR,1,,t
richl104,BFN188007080,WOR,1,,t
coref101,BSN188007100,WOR,1,,t
whitw103,BFN188007100,CN4,1,,t
whitw103,BFN188007130,CN4,1,,t
bradg103,TRN188007130,PRO,1,,t
bondt101,WOR188007130,BSN,1,,t
coref101,BSN188007140,WOR,1,,t
whitw103,BFN188007140,CN4,1,,t
whitw103,BSN188007160,CN4,1,,t
galvj103,PRO188007160,BFN,1,,t
corcl101,TRN188007160,CHN,1,,t
whitw103,BSN188007170,CN4,1,,t
galvj103,PRO188007170,BFN,1,,t
corcl101,TRN188007170,CHN,1,,t
corcl101,TRN188007190,CHN,1,,t
whitw103,BSN188007210,CN4,1,,t
galvj103,PRO188007210,BFN,1,,t
corcl101,WOR188007210,CHN,1,,t
galvj103,BSN188007220,BFN,1,,t
whitw103,PRO188007220,CN4,1,,t
drisd101,BSN188007230,BFN,1,,t
whitw103,PRO188007230,CN4,1,,t
corcl101,WOR188007230,CHN,1,,t
drisd101,BSN188007240,BFN,1,,t
whitw103,PRO188007240,CN4,1,,t
corcl101,WOR188007240,CHN,1,,t
corcl101,PRO188007270,CHN,1,,t
galvj103,TRN188007270,BFN,1,,t
whitw103,WOR188007270,CN4,1,,t
corcl101,PRO188007290,CHN,1,,t
galvj103,TRN188007290,BFN,1,,t
purcb101,WOR188007290,CN4,1,,t
drisd101,TRN188007300,BFN,1,,t
corcl101,PRO188007310,CHN,1,,t
purcb101,WOR188007310,CN4,1,,t
corcl101,BSN188008050,CHN,1,,t
purcb101,TRN188008050,CN4,1,,t
galvj103,WOR188008050,BFN,1,,t
corcl101,BSN188008060,CHN,1,,t
whitw103,TRN188008060,CN4,1,,t
galvj103,WOR188008060,BFN,1,,t
corcl101,BSN188008070,CHN,1,,t
gardg102,PRO188008070,CL2,1,,t
purcb101,TRN188008070,CN4,1,,t
galvj103,WOR188008070,BFN,1,,t
keeft101,BFN188008100,TRN,1,,t
wardm101,CHN188008100,PRO,1,,t
welcm102,BFN188008110,TRN,1,,t
keeft101,BFN188008120,TRN,1,,t
wardm101,CHN188008120,PRO,1,,t
welcm102,BFN188008140,TRN,1,,t
bradg103,CHN188008140,PRO,1,,t
richl104,BFN188008170,WOR,1,,t
folec101,CHN188008170,BSN,1,,t
bondt101,CHN188008180,BSN,1,,t
bondt101,CHN188008190,BSN,1,,t
coref101,BFN188008200,WOR,1,,t
richl104,BFN188008210,WOR,1,,t
learj102,CHN188008210,BSN,1,,t
bondt101,BFN188008240,BSN,1,,t
richl104,CHN188008240,WOR,1,,t
bondt101,BFN188008260,BSN,1,,t
richl104,CHN188008260,WOR,1,,t
bondt101,BFN188008270,BSN,1,,t
bondt101,BFN188008280,BSN,1,,t
richl104,CHN188008300,WOR,1,,t
wardm101,BFN188008310,PRO,1,,t
keeft101,CHN188008310,TRN,1,,t
bradg103,BFN188009010,PRO,1,,t
wardm101,BFN188009020,PRO,1,,t
keeft101,CHN188009021,TRN,1,,t
keeft101,CHN188009022,TRN,1,,t
goldf101,BFN188009040,CHN,1,,t
richl104,PRO188009040,WOR,1,,t
folec101,TRN188009040,BSN,1,,t
corcl101,BFN188009060,CHN,1,,t
richl104,PRO188009060,WOR,1,,t
folec101,TRN188009060,BSN,1,,t
goldf101,BFN188009070,CHN,1,,t
folec101,TRN188009070,BSN,1,,t
coref101,PRO188009080,WOR,1,,t
coref101,BSN188009090,WOR,1,,t
purcb101,BFN188009090,CN4,1,,t
wardm101,TRN188009090,PRO,1,,t
whitw103,BFN188009100,CN4,1,,t
coref101,BSN188009110,WOR,1,,t
purcb101,BFN188009110,CN4,1,,t
wardm101,TRN188009110,PRO,1,,t
richl104,BSN188009130,WOR,1,,t
richl104,TRN188009140,WOR,1,,t
wardm101,BSN188009150,PRO,1,,t
gardg102,BFN188009150,CL2,1,,t
bondt101,PRO188009160,BSN,1,,t
richl104,TRN188009160,WOR,1,,t
bradg103,BSN188009170,PRO,1,,t
richl104,TRN188009170,WOR,1,,t
wardm101,BSN188009180,PRO,1,,t
purcb101,CHN188009180,CN4,1,,t
welcm102,WOR188009180,TRN,1,,t
whitw103,CHN188009200,CN4,1,,t
folec101,PRO188009200,BSN,1,,t
welcm102,WOR188009200,TRN,1,,t
whitw103,CHN188009210,CN4,1,,t
bondt101,PRO188009210,BSN,1,,t
welcm102,WOR188009210,TRN,1,,t
whitw103,CHN188009220,CN4,1,,t
welcm102,PRO188009220,TRN,1,,t
welcm102,PRO188009230,TRN,1,,t
bondt101,WOR188009230,BSN,1,,t
welcm102,PRO188009240,TRN,1,,t
bondt101,WOR188009240,BSN,1,,t
welcm102,PRO188009250,TRN,1,,t
folec101,WOR188009250,BSN,1,,t
welcm102,PRO188009270,TRN,1,,t
welcm102,BSN188009280,TRN,1,,t
galvj103,CHN188009280,BFN,1,,t
welcm102,BSN188009290,TRN,1,,t
galvj103,CHN188009290,BFN,1,,t
wardm101,WOR188009290,PRO,1,,t
welcm102,BSN188009300,TRN,1,,t
wieds101,CHN188009300,BFN,1,,t
wardm101,WOR188009300,PRO,1,,t
bradg103,WOR188010011,PRO,1,,t
bradg103,WOR188010012,PRO,1,,t
wardm101,PRO188005010,PRO,1,,t
richl104,WOR188005010,WOR,1,,t
bondt101,BSN188005040,BSN,1,,t
richl104,WOR188005040,WOR,1,,t
wardm101,PRO188005050,PRO,1,,t
richl104,WOR188005050,WOR,1,,t
bondt101,BSN188005070,BSN,1,,t
mcgub101,BFN188005070,BFN,1,,t
corcl101,CHN188005070,CHN,1,,t
wardm101,PRO188005070,PRO,1,,t
bondt101,BSN188005080,BSN,1,,t
mcgub101,BFN188005080,BFN,1,,t
richl104,WOR188005080,WOR,1,,t
poort101,BFN188005100,BFN,1,,t
corcl101,CHN188005100,CHN,1,,t
folec101,BSN188005110,BSN,1,,t
goldf101,CHN188005110,CHN,1,,t
richl104,WOR188005110,WOR,1,,t
goldf101,CHN188005130,CHN,1,,t
bondt101,BSN188005140,BSN,1,,t
goldf101,CHN188005140,CHN,1,,t
wardm101,PRO188005140,PRO,1,,t
goldf101,CHN188005150,CHN,1,,t
wardm101,PRO188005150,PRO,1,,t
richl104,WOR188005150,WOR,1,,t
richl104,WOR188005170,WOR,1,,t
corcl101,CHN188005180,CHN,1,,t
welcm102,TRN188005180,TRN,1,,t
bondt101,BSN188005190,BSN,1,,t
goldf101,CHN188005200,CHN,1,,t
wardm101,PRO188005200,PRO,1,,t
welcm102,TRN188005200,TRN,1,,t
bondt101,BSN188005210,BSN,1,,t
bondt101,BSN188005220,BSN,1,,t
corcl101,CHN188005220,CHN,1,,t
larkt101,TRN188005220,TRN,1,,t
welcm102,TRN188005240,TRN,1,,t
galvj103,BFN188005250,BFN,1,,t
wardm101,PRO188005250,PRO,1,,t
welcm102,TRN188005250,TRN,1,,t
poort101,BFN188005260,BFN,1,,t
richl104,WOR188005260,WOR,1,,t
poort101,BFN188005270,BFN,1,,t
wardm101,PRO188005270,PRO,1,,t
welcm102,TRN188005270,TRN,1,,t
bondt101,BSN188005290,BSN,1,,t
wardm101,PRO188005290,PRO,1,,t
welcm102,TRN188005290,TRN,1,,t
richl104,WOR188005290,WOR,1,,t
larkt101,TRN188005310,TRN,1,,t
folec101,BSN188006010,BSN,1,,t
richl104,WOR188006010,WOR,1,,t
folec101,BSN188006020,BSN,1,,t
welcm102,TRN188006020,TRN,1,,t
richl104,WOR188006030,WOR,1,,t
folec101,BSN188006040,BSN,1,,t
welcm102,TRN188006040,TRN,1,,t
richl104,WOR188006040,WOR,1,,t
folec101,BSN188006050,BSN,1,,t
welcm102,TRN188006050,TRN,1,,t
richl104,WOR188006050,WOR,1,,t
welcm102,TRN188006080,TRN,1,,t
folec101,BSN188006090,BSN,1,,t
richl104,WOR188006090,WOR,1,,t
bondt101,BSN188006100,BSN,1,,t
welcm102,TRN188006100,TRN,1,,t
richl104,WOR188006100,WOR,1,,t
welcm102,TRN188006110,TRN,1,,t
bondt101,BSN188006120,BSN,1,,t
richl104,WOR188006120,WOR,1,,t
folec101,BSN188006140,BSN,1,,t
larkt101,TRN188006140,TRN,1,,t
richl104,WOR188006140,WOR,1,,t
folec101,BSN188006160,BSN,1,,t
welcm102,TRN188006160,TRN,1,,t
richl104,WOR188006160,WOR,1,,t
folec101,BSN188006170,BSN,1,,t
welcm102,TRN188006170,TRN,1,,t
richl104,WOR188006170,WOR,1,,t
bondt101,BSN188006190,BSN,1,,t
larkt101,TRN188006190,TRN,1,,t
richl104,WOR188006190,WOR,1,,t
galvj103,BFN188006220,BFN,1,,t
corcl101,CHN188006220,CHN,1,,t
galvj103,BFN188006230,BFN,1,,t
goldf101,CHN188006230,CHN,1,,t
galvj103,BFN188006240,BFN,1,,t
corcl101,CHN188006240,CHN,1,,t
galvj103,BFN188006260,BFN,1,,t
goldf101,CHN188006260,CHN,1,,t
galvj103,BFN188006280,BFN,1,,t
corcl101,CHN188006280,CHN,1,,t
galvj103,BFN188006290,BFN,1,,t
goldf101,CHN188006290,CHN,1,,t
galvj103,BFN188007010,BFN,1,,t
goldf101,CHN188007020,CHN,1,,t
galvj103,BFN188007030,BFN,1,,t
corcl101,CHN188007030,CHN,1,,t
galvj103,BFN188007050,BFN,1,,t
goldf101,CHN188007050,CHN,1,,t
galvj103,BFN188007060,BFN,1,,t
corcl101,CHN188007060,CHN,1,,t
galvj103,BFN188007080,BFN,1,,t
corcl101,CHN188007080,CHN,1,,t
bondt101,BSN188007100,BSN,1,,t
galvj103,BFN188007100,BFN,1,,t
welcm102,TRN188007100,TRN,1,,t
drisd101,BFN188007130,BFN,1,,t
welcm102,TRN188007130,TRN,1,,t
coref101,WOR188007130,WOR,1,,t
folec101,BSN188007140,BSN,1,,t
galvj103,BFN188007140,BFN,1,,t
welcm102,TRN188007140,TRN,1,,t
folec101,BSN188007160,BSN,1,,t
welcm102,TRN188007160,TRN,1,,t
richl104,WOR188007160,WOR,1,,t
bondt101,BSN188007170,BSN,1,,t
welcm102,TRN188007170,TRN,1,,t
richl104,WOR188007170,WOR,1,,t
mounf101,TRN188007190,TRN,1,,t
bondt101,BSN188007210,BSN,1,,t
welcm102,TRN188007210,TRN,1,,t
richl104,WOR188007210,WOR,1,,t
bondt101,BSN188007220,BSN,1,,t
bondt101,BSN188007230,BSN,1,,t
welcm102,TRN188007230,TRN,1,,t
richl104,WOR188007230,WOR,1,,t
bondt101,BSN188007240,BSN,1,,t
mounf101,TRN188007240,TRN,1,,t
richl104,WOR188007240,WOR,1,,t
bondt101,BSN188007270,BSN,1,,t
wardm101,PRO188007270,PRO,1,,t
welcm102,TRN188007270,TRN,1,,t
richl104,WOR188007270,WOR,1,,t
bondt101,BSN188007290,BSN,1,,t
wardm101,PRO188007290,PRO,1,,t
welcm102,TRN188007290,TRN,1,,t
richl104,WOR188007290,WOR,1,,t
welcm102,TRN188007300,TRN,1,,t
bondt101,BSN188007310,BSN,1,,t
wardm101,PRO188007310,PRO,1,,t
coref101,WOR188007310,WOR,1,,t
bondt101,BSN188008050,BSN,1,,t
wardm101,PRO188008050,PRO,1,,t
welcm102,TRN188008050,TRN,1,,t
coref101,WOR188008050,WOR,1,,t
bondt101,BSN188008060,BSN,1,,t
bradg103,PRO188008060,PRO,1,,t
keeft101,TRN188008060,TRN,1,,t
coref101,WOR188008060,WOR,1,,t
bondt101,BSN188008070,BSN,1,,t
bradg103,PRO188008070,PRO,1,,t
welcm102,TRN188008070,TRN,1,,t
richl104,WOR188008070,WOR,1,,t
galvj103,BFN188008100,BFN,1,,t
corcl101,CHN188008100,CHN,1,,t
galvj103,BFN188008110,BFN,1,,t
galvj103,BFN188008120,BFN,1,,t
corcl101,CHN188008120,CHN,1,,t
galvj103,BFN188008140,BFN,1,,t
poort101,CHN188008140,CHN,1,,t
galvj103,BFN188008170,BFN,1,,t
corcl101,CHN188008170,CHN,1,,t
corcl101,CHN188008180,CHN,1,,t
corcl101,CHN188008190,CHN,1,,t
galvj103,BFN188008200,BFN,1,,t
galvj103,BFN188008210,BFN,1,,t
corcl101,CHN188008210,CHN,1,,t
galvj103,BFN188008240,BFN,1,,t
corcl101,CHN188008240,CHN,1,,t
wieds101,BFN188008260,BFN,1,,t
corcl101,CHN188008260,CHN,1,,t
wieds101,BFN188008270,BFN,1,,t
wieds101,BFN188008280,BFN,1,,t
corcl101,CHN188008300,CHN,1,,t
wieds101,BFN188008310,BFN,1,,t
corcl101,CHN188008310,CHN,1,,t
wieds101,BFN188009010,BFN,1,,t
wieds101,BFN188009020,BFN,1,,t
corcl101,CHN188009021,CHN,1,,t
corcl101,CHN188009022,CHN,1,,t
galvj103,BFN188009040,BFN,1,,t
wardm101,PRO188009040,PRO,1,,t
keeft101,TRN188009040,TRN,1,,t
galvj103,BFN188009060,BFN,1,,t
bradg103,PRO188009060,PRO,1,,t
welcm102,TRN188009060,TRN,1,,t
wieds101,BFN188009070,BFN,1,,t
welcm102,TRN188009070,TRN,1,,t
wardm101,PRO188009080,PRO,1,,t
folec101,BSN188009090,BSN,1,,t
wieds101,BFN188009090,BFN,1,,t
keeft101,TRN188009090,TRN,1,,t
wieds101,BFN188009100,BFN,1,,t
bondt101,BSN188009110,BSN,1,,t
galvj103,BFN188009110,BFN,1,,t
welcm102,TRN188009110,TRN,1,,t
bondt101,BSN188009130,BSN,1,,t
galvj103,BFN188009140,BFN,1,,t
welcm102,TRN188009140,TRN,1,,t
bondt101,BSN188009150,BSN,1,,t
galvj103,BFN188009150,BFN,1,,t
wieds101,BFN188009160,BFN,1,,t
bradg103,PRO188009160,PRO,1,,t
welcm102,TRN188009160,TRN,1,,t
bondt101,BSN188009170,BSN,1,,t
welcm102,TRN188009170,TRN,1,,t
folec101,BSN188009180,BSN,1,,t
corcl101,CHN188009180,CHN,1,,t
richl104,WOR188009180,WOR,1,,t
corcl101,CHN188009200,CHN,1,,t
wardm101,PRO188009200,PRO,1,,t
richl104,WOR188009200,WOR,1,,t
corcl101,CHN188009210,CHN,1,,t
wardm101,PRO188009210,PRO,1,,t
richl104,WOR188009210,WOR,1,,t
goldf101,CHN188009220,CHN,1,,t
wardm101,PRO188009220,PRO,1,,t
wardm101,PRO188009230,PRO,1,,t
coref101,WOR188009230,WOR,1,,t
goldf101,CHN188009240,CHN,1,,t
wardm101,PRO188009240,PRO,1,,t
richl104,WOR188009240,WOR,1,,t
goldf101,CHN188009250,CHN,1,,t
bradg103,PRO188009250,PRO,1,,t
richl104,WOR188009250,WOR,1,,t
corcl101,CHN188009270,CHN,1,,t
wardm101,PRO188009270,PRO,1,,t
folec101,BSN188009280,BSN,1,,t
corcl101,CHN188009280,CHN,1,,t
folec101,BSN188009290,BSN,1,,t
corcl101,CHN188009290,CHN,1,,t
richl104,WOR188009290,WOR,1,,t
bondt101,BSN188009300,BSN,1,,t
guthc101,CHN188009300,CHN,1,,t
richl104,WOR188009300,WOR,1,,t
coref101,WOR188010011,WOR,1,,t
richl104,WOR188010012,WOR,1,,t
