id,game_id,team_id,field_pos,batt_ord,start
mcleb901,PHN187604220,UMP,ump_hp,,t
heubg101,PHN187604240,UMP,ump_hp,,t
knigl101,BSN187604290,UMP,ump_hp,,t
danic901,HAR187605010,UMP,ump_hp,,t
heubg101,PHN187605030,UMP,ump_hp,,t
heubg101,PHN187605040,UMP,ump_hp,,t
hodga902,BSN187605060,UMP,ump_hp,,t
mcleb901,PHN187605060,UMP,ump_hp,,t
danic901,BSN187605080,UMP,ump_hp,,t
heubg101,PHN187605080,UMP,ump_hp,,t
walsm801,CHN187605100,UMP,ump_hp,,t
walsm801,CHN187605110,UMP,ump_hp,,t
whitg901,BSN187605130,UMP,ump_hp,,t
walsm801,CHN187605130,UMP,ump_hp,,t
danic901,HAR187605130,UMP,ump_hp,,t
hodga902,BSN187605150,UMP,ump_hp,,t
walsm801,CHN187605160,UMP,ump_hp,,t
danic901,HAR187605160,UMP,ump_hp,,t
hodga902,BSN187605170,UMP,ump_hp,,t
simmj101,CHN187605190,UMP,ump_hp,,t
danic901,HAR187605190,UMP,ump_hp,,t
simmj101,CHN187605200,UMP,ump_hp,,t
hodga902,BSN187605230,UMP,ump_hp,,t
blodc901,HAR187605230,UMP,ump_hp,,t
mcleb901,PHN187605230,UMP,ump_hp,,t
chepj901,BSN187605250,UMP,ump_hp,,t
blodc901,HAR187605250,UMP,ump_hp,,t
heubg101,PHN187605250,UMP,ump_hp,,t
masoc101,PHN187605260,UMP,ump_hp,,t
hodga902,BSN187605270,UMP,ump_hp,,t
sewag101,HAR187605270,UMP,ump_hp,,t
hatfj101,PHN187605270,UMP,ump_hp,,t
hodga902,BSN187605300,UMP,ump_hp,,t
sewag101,HAR187605300,UMP,ump_hp,,t
heubg101,PHN187605300,UMP,ump_hp,,t
hodga902,BSN187606010,UMP,ump_hp,,t
danic901,HAR187606010,UMP,ump_hp,,t
whitw102,PHN187606010,UMP,ump_hp,,t
tildo901,BSN187606030,UMP,ump_hp,,t
danic901,HAR187606030,UMP,ump_hp,,t
whitw102,PHN187606030,UMP,ump_hp,,t
hodga902,BSN187606060,UMP,ump_hp,,t
danic901,HAR187606060,UMP,ump_hp,,t
blodc901,PHN187606060,UMP,ump_hp,,t
tildo901,BSN187606080,UMP,ump_hp,,t
danic901,HAR187606080,UMP,ump_hp,,t
blodc901,PHN187606080,UMP,ump_hp,,t
hodga902,BSN187606100,UMP,ump_hp,,t
danic901,HAR187606100,UMP,ump_hp,,t
hatfj101,PHN187606100,UMP,ump_hp,,t
mcleb901,HAR187606130,UMP,ump_hp,,t
hodga902,BSN187606140,UMP,ump_hp,,t
mcmuj101,PHN187606140,UMP,ump_hp,,t
hodga902,BSN187606150,UMP,ump_hp,,t
mcleb901,HAR187606150,UMP,ump_hp,,t
mcmuj101,PHN187606150,UMP,ump_hp,,t
tildo901,BSN187606170,UMP,ump_hp,,t
mcleb901,HAR187606170,UMP,ump_hp,,t
heubg101,PHN187606170,UMP,ump_hp,,t
walsm801,CHN187606200,UMP,ump_hp,,t
walsm801,CHN187606220,UMP,ump_hp,,t
walsm801,CHN187606240,UMP,ump_hp,,t
walsm801,CHN187606270,UMP,ump_hp,,t
walsm801,CHN187606290,UMP,ump_hp,,t
walsm801,CHN187607010,UMP,ump_hp,,t
mcleb901,CHN187607040,UMP,ump_hp,,t
mcleb901,CHN187607060,UMP,ump_hp,,t
mcleb901,CHN187607080,UMP,ump_hp,,t
burtl901,CHN187607110,UMP,ump_hp,,t
burtl901,CHN187607130,UMP,ump_hp,,t
burtl901,CHN187607150,UMP,ump_hp,,t
walsm801,CHN187607180,UMP,ump_hp,,t
mathb101,PHN187607190,UMP,ump_hp,,t
walsm801,CHN187607200,UMP,ump_hp,,t
mcmuj101,PHN187607210,UMP,ump_hp,,t
quinp103,CHN187607220,UMP,ump_hp,,t
summj901,BSN187607250,UMP,ump_hp,,t
walsm801,CHN187607250,UMP,ump_hp,,t
summj901,BSN187607270,UMP,ump_hp,,t
walsm801,CHN187607270,UMP,ump_hp,,t
summj901,BSN187607290,UMP,ump_hp,,t
walsm801,CHN187607290,UMP,ump_hp,,t
danic901,HAR187608010,UMP,ump_hp,,t
danic901,HAR187608020,UMP,ump_hp,,t
danic901,BSN187608030,UMP,ump_hp,,t
crosj901,BSN187608050,UMP,ump_hp,,t
danic901,HAR187608050,UMP,ump_hp,,t
fennn901,BSN187608070,UMP,ump_hp,,t
danic901,HAR187608070,UMP,ump_hp,,t
danic901,HAR187608080,UMP,ump_hp,,t
danic901,HAR187608090,UMP,ump_hp,,t
currp102,PHN187608120,UMP,ump_hp,,t
englj901,PHN187608140,UMP,ump_hp,,t
waltg901,PHN187608170,UMP,ump_hp,,t
duchu901,BSN187608180,UMP,ump_hp,,t
duchu901,BSN187608190,UMP,ump_hp,,t
waltg901,PHN187608190,UMP,ump_hp,,t
duchu901,HAR187608210,UMP,ump_hp,,t
danic901,CHN187608220,UMP,ump_hp,,t
duchu901,HAR187608220,UMP,ump_hp,,t
waltg901,PHN187608230,UMP,ump_hp,,t
mcleb901,PHN187608240,UMP,ump_hp,,t
danic901,CHN187608250,UMP,ump_hp,,t
danic901,CHN187608260,UMP,ump_hp,,t
hodga902,BSN187609050,UMP,ump_hp,,t
sewag101,HAR187609050,UMP,ump_hp,,t
rocaa101,PHN187609050,UMP,ump_hp,,t
summj901,BSN187609060,UMP,ump_hp,,t
sewag101,HAR187609060,UMP,ump_hp,,t
heubg101,PHN187609060,UMP,ump_hp,,t
summj901,BSN187609080,UMP,ump_hp,,t
heubg101,PHN187609080,UMP,ump_hp,,t
heubg101,PHN187609090,UMP,ump_hp,,t
danic901,HAR187609091,UMP,ump_hp,,t
sewag101,HAR187609092,UMP,ump_hp,,t
danic901,BSN187609110,UMP,ump_hp,,t
hurlg901,BSN187609120,UMP,ump_hp,,t
sewag101,HAR187609120,UMP,ump_hp,,t
fousb101,PHN187609120,UMP,ump_hp,,t
sewag101,BSN187609130,UMP,ump_hp,,t
danic901,HAR187609130,UMP,ump_hp,,t
fousb101,PHN187609130,UMP,ump_hp,,t
danic901,BSN187609150,UMP,ump_hp,,t
sewag101,HAR187609150,UMP,ump_hp,,t
ritcf901,PHN187609150,UMP,ump_hp,,t
danic901,BSN187609160,UMP,ump_hp,,t
sewag101,HAR187609160,UMP,ump_hp,,t
ritcf901,PHN187609160,UMP,ump_hp,,t
conef101,CHN187609220,UMP,ump_hp,,t
conef101,CHN187609230,UMP,ump_hp,,t
walsm801,CHN187609260,UMP,ump_hp,,t
walsm801,CHN187609270,UMP,ump_hp,,t
smitp101,BSN187610200,UMP,ump_hp,,t
alleh102,BSN187610210,UMP,ump_hp,,t
wrigh101,PHN187604220,BSN,manager,,t
wrigh101,PHN187604240,BSN,manager,,t
fergb101,BSN187604290,HAR,manager,,t
wrigh101,HAR187605010,BSN,manager,,t
cravb101,PHN187605030,NY3,manager,,t
cravb101,PHN187605040,NY3,manager,,t
cravb101,BSN187605060,NY3,manager,,t
fergb101,PHN187605060,HAR,manager,,t
cravb101,BSN187605080,NY3,manager,,t
fergb101,PHN187605080,HAR,manager,,t
goulc101,CHN187605100,CN1,manager,,t
goulc101,CHN187605110,CN1,manager,,t
wriga801,BSN187605130,PHN,manager,,t
chapj102,CHN187605130,LS1,manager,,t
cravb101,HAR187605130,NY3,manager,,t
wriga801,BSN187605150,PHN,manager,,t
chapj102,CHN187605160,LS1,manager,,t
wriga801,HAR187605160,PHN,manager,,t
fergb101,BSN187605170,HAR,manager,,t
grafm801,CHN187605190,SL3,manager,,t
wrigh101,HAR187605190,BSN,manager,,t
grafm801,CHN187605200,SL3,manager,,t
goulc101,BSN187605230,CN1,manager,,t
spala101,HAR187605230,CHN,manager,,t
spala101,HAR187605230,CHN,1,,t
chapj102,PHN187605230,LS1,manager,,t
goulc101,BSN187605250,CN1,manager,,t
spala101,HAR187605250,CHN,manager,,t
spala101,HAR187605250,CHN,1,,t
chapj102,PHN187605250,LS1,manager,,t
chapj102,PHN187605260,LS1,manager,,t
goulc101,BSN187605270,CN1,manager,,t
spala101,HAR187605270,CHN,manager,,t
chapj102,PHN187605270,LS1,manager,,t
spala101,BSN187605300,CHN,manager,,t
spala101,BSN187605300,CHN,1,,t
goulc101,HAR187605300,CN1,manager,,t
grafm801,PHN187605300,SL3,manager,,t
spala101,BSN187606010,CHN,manager,,t
spala101,BSN187606010,CHN,1,,t
goulc101,HAR187606010,CN1,manager,,t
grafm801,PHN187606010,SL3,manager,,t
spala101,BSN187606030,CHN,manager,,t
spala101,BSN187606030,CHN,1,,t
goulc101,HAR187606030,CN1,manager,,t
grafm801,PHN187606030,SL3,manager,,t
chapj102,BSN187606060,LS1,manager,,t
grafm801,HAR187606060,SL3,manager,,t
spala101,PHN187606060,CHN,manager,,t
spala101,PHN187606060,CHN,1,,t
chapj102,BSN187606080,LS1,manager,,t
grafm801,HAR187606080,SL3,manager,,t
spala101,PHN187606080,CHN,manager,,t
spala101,PHN187606080,CHN,1,,t
chapj102,BSN187606100,LS1,manager,,t
grafm801,HAR187606100,SL3,manager,,t
spala101,PHN187606100,CHN,manager,,t
spala101,PHN187606100,CHN,1,,t
chapj102,HAR187606130,LS1,manager,,t
grafm801,BSN187606140,SL3,manager,,t
goulc101,PHN187606140,CN1,manager,,t
grafm801,BSN187606150,SL3,manager,,t
chapj102,HAR187606150,LS1,manager,,t
goulc101,PHN187606150,CN1,manager,,t
grafm801,BSN187606170,SL3,manager,,t
chapj102,HAR187606170,LS1,manager,,t
goulc101,PHN187606170,CN1,manager,,t
cravb101,CHN187606200,NY3,manager,,t
cravb101,CHN187606220,NY3,manager,,t
cravb101,CHN187606240,NY3,manager,,t
wriga801,CHN187606270,PHN,manager,,t
wriga801,CHN187606290,PHN,manager,,t
wriga801,CHN187607010,PHN,manager,,t
fergb101,CHN187607040,HAR,manager,,t
fergb101,CHN187607060,HAR,manager,,t
fergb101,CHN187607080,HAR,manager,,t
wrigh101,CHN187607110,BSN,manager,,t
wrigh101,CHN187607130,BSN,manager,,t
wrigh101,CHN187607150,BSN,manager,,t
chapj102,CHN187607180,LS1,manager,,t
wrigh101,PHN187607190,BSN,manager,,t
chapj102,CHN187607200,LS1,manager,,t
fergb101,PHN187607210,HAR,manager,,t
chapj102,CHN187607220,LS1,manager,,t
cravb101,BSN187607250,NY3,manager,,t
goulc101,CHN187607250,CN1,manager,,t
cravb101,BSN187607270,NY3,manager,,t
goulc101,CHN187607270,CN1,manager,,t
cravb101,BSN187607290,NY3,manager,,t
goulc101,CHN187607290,CN1,manager,,t
wriga801,HAR187608010,PHN,manager,,t
wriga801,HAR187608020,PHN,manager,,t
wriga801,BSN187608030,PHN,manager,,t
wriga801,BSN187608050,PHN,manager,,t
cravb101,HAR187608050,NY3,manager,,t
wriga801,BSN187608070,PHN,manager,,t
cravb101,HAR187608070,NY3,manager,,t
wriga801,HAR187608080,PHN,manager,,t
wriga801,HAR187608090,PHN,manager,,t
fergb101,PHN187608120,HAR,manager,,t
fergb101,PHN187608140,HAR,manager,,t
cravb101,PHN187608170,NY3,manager,,t
fergb101,BSN187608180,HAR,manager,,t
fergb101,BSN187608190,HAR,manager,,t
cravb101,PHN187608190,NY3,manager,,t
wrigh101,HAR187608210,BSN,manager,,t
grafm801,CHN187608220,SL3,manager,,t
wrigh101,HAR187608220,BSN,manager,,t
wrigh101,PHN187608230,BSN,manager,,t
wrigh101,PHN187608240,BSN,manager,,t
grafm801,CHN187608250,SL3,manager,,t
grafm801,CHN187608260,SL3,manager,,t
goulc101,BSN187609050,CN1,manager,,t
chapj102,HAR187609050,LS1,manager,,t
spala101,PHN187609050,CHN,manager,,t
spala101,PHN187609050,CHN,1,,t
goulc101,BSN187609060,CN1,manager,,t
chapj102,HAR187609060,LS1,manager,,t
spala101,PHN187609060,CHN,manager,,t
spala101,PHN187609060,CHN,1,,t
chapj102,BSN187609080,LS1,manager,,t
grafm801,PHN187609080,SL3,manager,,t
grafm801,PHN187609090,SL3,manager,,t
goulc101,HAR187609091,CN1,manager,,t
goulc101,HAR187609092,CN1,manager,,t
chapj102,BSN187609110,LS1,manager,,t
mcmag801,BSN187609120,SL3,manager,,t
spala101,HAR187609120,CHN,manager,,t
spala101,HAR187609120,CHN,1,,t
goulc101,PHN187609120,CN1,manager,,t
mcmag801,BSN187609130,SL3,manager,,t
spala101,HAR187609130,CHN,manager,,t
goulc101,PHN187609130,CN1,manager,,t
spala101,BSN187609150,CHN,manager,,t
spala101,BSN187609150,CHN,1,,t
mcmag801,HAR187609150,SL3,manager,,t
chapj102,PHN187609150,LS1,manager,,t
spala101,BSN187609160,CHN,manager,,t
spala101,BSN187609160,CHN,1,,t
mcmag801,HAR187609160,SL3,manager,,t
chapj102,PHN187609160,LS1,manager,,t
wrigh101,CHN187609220,BSN,manager,,t
wrigh101,CHN187609230,BSN,manager,,t
fergb101,CHN187609260,HAR,manager,,t
fergb101,CHN187609270,HAR,manager,,t
fergb101,BSN187610200,HAR,manager,,t
fergb101,BSN187610210,HAR,manager,,t
wriga801,PHN187604220,PHN,manager,,t
wriga801,PHN187604240,PHN,manager,,t
wrigh101,BSN187604290,BSN,manager,,t
fergb101,HAR187605010,HAR,manager,,t
wriga801,PHN187605030,PHN,manager,,t
wriga801,PHN187605040,PHN,manager,,t
wrigh101,BSN187605060,BSN,manager,,t
wriga801,PHN187605060,PHN,manager,,t
wrigh101,BSN187605080,BSN,manager,,t
wriga801,PHN187605080,PHN,manager,,t
spala101,CHN187605100,CHN,manager,,t
spala101,CHN187605100,CHN,1,,t
spala101,CHN187605110,CHN,manager,,t
spala101,CHN187605110,CHN,1,,t
wrigh101,BSN187605130,BSN,manager,,t
spala101,CHN187605130,CHN,manager,,t
spala101,CHN187605130,CHN,1,,t
fergb101,HAR187605130,HAR,manager,,t
wrigh101,BSN187605150,BSN,manager,,t
spala101,CHN187605160,CHN,manager,,t
spala101,CHN187605160,CHN,1,,t
fergb101,HAR187605160,HAR,manager,,t
wrigh101,BSN187605170,BSN,manager,,t
spala101,CHN187605190,CHN,manager,,t
spala101,CHN187605190,CHN,1,,t
fergb101,HAR187605190,HAR,manager,,t
spala101,CHN187605200,CHN,manager,,t
spala101,CHN187605200,CHN,1,,t
wrigh101,BSN187605230,BSN,manager,,t
fergb101,HAR187605230,HAR,manager,,t
wriga801,PHN187605230,PHN,manager,,t
wrigh101,BSN187605250,BSN,manager,,t
fergb101,HAR187605250,HAR,manager,,t
wriga801,PHN187605250,PHN,manager,,t
wriga801,PHN187605260,PHN,manager,,t
wrigh101,BSN187605270,BSN,manager,,t
fergb101,HAR187605270,HAR,manager,,t
wriga801,PHN187605270,PHN,manager,,t
wrigh101,BSN187605300,BSN,manager,,t
fergb101,HAR187605300,HAR,manager,,t
wriga801,PHN187605300,PHN,manager,,t
wrigh101,BSN187606010,BSN,manager,,t
fergb101,HAR187606010,HAR,manager,,t
wriga801,PHN187606010,PHN,manager,,t
wrigh101,BSN187606030,BSN,manager,,t
fergb101,HAR187606030,HAR,manager,,t
wriga801,PHN187606030,PHN,manager,,t
wrigh101,BSN187606060,BSN,manager,,t
fergb101,HAR187606060,HAR,manager,,t
wriga801,PHN187606060,PHN,manager,,t
wrigh101,BSN187606080,BSN,manager,,t
fergb101,HAR187606080,HAR,manager,,t
wriga801,PHN187606080,PHN,manager,,t
wrigh101,BSN187606100,BSN,manager,,t
fergb101,HAR187606100,HAR,manager,,t
wriga801,PHN187606100,PHN,manager,,t
fergb101,HAR187606130,HAR,manager,,t
wrigh101,BSN187606140,BSN,manager,,t
wriga801,PHN187606140,PHN,manager,,t
wrigh101,BSN187606150,BSN,manager,,t
fergb101,HAR187606150,HAR,manager,,t
wriga801,PHN187606150,PHN,manager,,t
wrigh101,BSN187606170,BSN,manager,,t
fergb101,HAR187606170,HAR,manager,,t
wriga801,PHN187606170,PHN,manager,,t
spala101,CHN187606200,CHN,manager,,t
spala101,CHN187606200,CHN,1,,t
spala101,CHN187606220,CHN,manager,,t
spala101,CHN187606220,CHN,1,,t
spala101,CHN187606240,CHN,manager,,t
spala101,CHN187606240,CHN,1,,t
spala101,CHN187606270,CHN,manager,,t
spala101,CHN187606270,CHN,1,,t
spala101,CHN187606290,CHN,manager,,t
spala101,CHN187606290,CHN,1,,t
spala101,CHN187607010,CHN,manager,,t
spala101,CHN187607010,CHN,1,,t
spala101,CHN187607040,CHN,manager,,t
spala101,CHN187607040,CHN,1,,t
spala101,CHN187607060,CHN,manager,,t
spala101,CHN187607060,CHN,1,,t
spala101,CHN187607080,CHN,manager,,t
spala101,CHN187607110,CHN,manager,,t
spala101,CHN187607110,CHN,1,,t
spala101,CHN187607130,CHN,manager,,t
spala101,CHN187607130,CHN,1,,t
spala101,CHN187607150,CHN,manager,,t
spala101,CHN187607150,CHN,1,,t
spala101,CHN187607180,CHN,manager,,t
spala101,CHN187607180,CHN,1,,t
wriga801,PHN187607190,PHN,manager,,t
spala101,CHN187607200,CHN,manager,,t
spala101,CHN187607200,CHN,1,,t
wriga801,PHN187607210,PHN,manager,,t
spala101,CHN187607220,CHN,manager,,t
spala101,CHN187607220,CHN,1,,t
wrigh101,BSN187607250,BSN,manager,,t
spala101,CHN187607250,CHN,manager,,t
spala101,CHN187607250,CHN,1,,t
wrigh101,BSN187607270,BSN,manager,,t
spala101,CHN187607270,CHN,manager,,t
spala101,CHN187607270,CHN,1,,t
wrigh101,BSN187607290,BSN,manager,,t
spala101,CHN187607290,CHN,manager,,t
spala101,CHN187607290,CHN,1,,t
fergb101,HAR187608010,HAR,manager,,t
fergb101,HAR187608020,HAR,manager,,t
wrigh101,BSN187608030,BSN,manager,,t
wrigh101,BSN187608050,BSN,manager,,t
fergb101,HAR187608050,HAR,manager,,t
wrigh101,BSN187608070,BSN,manager,,t
fergb101,HAR187608070,HAR,manager,,t
fergb101,HAR187608080,HAR,manager,,t
fergb101,HAR187608090,HAR,manager,,t
wriga801,PHN187608120,PHN,manager,,t
wriga801,PHN187608140,PHN,manager,,t
wriga801,PHN187608170,PHN,manager,,t
wrigh101,BSN187608180,BSN,manager,,t
wrigh101,BSN187608190,BSN,manager,,t
wriga801,PHN187608190,PHN,manager,,t
fergb101,HAR187608210,HAR,manager,,t
spala101,CHN187608220,CHN,manager,,t
spala101,CHN187608220,CHN,1,,t
fergb101,HAR187608220,HAR,manager,,t
wriga801,PHN187608230,PHN,manager,,t
wriga801,PHN187608240,PHN,manager,,t
spala101,CHN187608250,CHN,manager,,t
spala101,CHN187608250,CHN,1,,t
spala101,CHN187608260,CHN,manager,,t
spala101,CHN187608260,CHN,1,,t
wrigh101,BSN187609050,BSN,manager,,t
fergb101,HAR187609050,HAR,manager,,t
wriga801,PHN187609050,PHN,manager,,t
wrigh101,BSN187609060,BSN,manager,,t
fergb101,HAR187609060,HAR,manager,,t
wriga801,PHN187609060,PHN,manager,,t
wrigh101,BSN187609080,BSN,manager,,t
wriga801,PHN187609080,PHN,manager,,t
wriga801,PHN187609090,PHN,manager,,t
fergb101,HAR187609091,HAR,manager,,t
fergb101,HAR187609092,HAR,manager,,t
wrigh101,BSN187609110,BSN,manager,,t
wrigh101,BSN187609120,BSN,manager,,t
fergb101,HAR187609120,HAR,manager,,t
wriga801,PHN187609120,PHN,manager,,t
wrigh101,BSN187609130,BSN,manager,,t
fergb101,HAR187609130,HAR,manager,,t
wriga801,PHN187609130,PHN,manager,,t
wrigh101,BSN187609150,BSN,manager,,t
fergb101,HAR187609150,HAR,manager,,t
wriga801,PHN187609150,PHN,manager,,t
wrigh101,BSN187609160,BSN,manager,,t
fergb101,HAR187609160,HAR,manager,,t
wriga801,PHN187609160,PHN,manager,,t
spala101,CHN187609220,CHN,manager,,t
spala101,CHN187609220,CHN,1,,t
spala101,CHN187609230,CHN,manager,,t
spala101,CHN187609230,CHN,1,,t
spala101,CHN187609260,CHN,manager,,t
spala101,CHN187609270,CHN,manager,,t
spala101,CHN187609270,CHN,1,,t
wrigh101,BSN187610200,BSN,manager,,t
wrigh101,BSN187610210,BSN,manager,,t
bordj101,PHN187604220,BSN,1,,t
bordj101,PHN187604240,BSN,1,,t
bondt101,BSN187604290,HAR,1,,t
bordj101,HAR187605010,BSN,1,,t
mathb101,PHN187605030,NY3,1,,t
mathb101,PHN187605040,NY3,1,,t
mathb101,BSN187605060,NY3,1,,t
bondt101,PHN187605060,HAR,1,,t
mathb101,BSN187605080,NY3,1,,t
bondt101,PHN187605080,HAR,1,,t
fishc102,CHN187605100,CN1,1,,t
fishc102,CHN187605110,CN1,1,,t
knigl101,BSN187605130,PHN,1,,t
devlj103,CHN187605130,LS1,1,,t
mathb101,HAR187605130,NY3,1,,t
meyel102,BSN187605150,PHN,1,,t
devlj103,CHN187605160,LS1,1,,t
meyel102,HAR187605160,PHN,1,,t
bondt101,BSN187605170,HAR,1,,t
bradg103,CHN187605190,SL3,1,,t
mannj101,HAR187605190,BSN,1,,t
bradg103,CHN187605200,SL3,1,,t
fishc102,BSN187605230,CN1,1,,t
devlj103,PHN187605230,LS1,1,,t
fishc102,BSN187605250,CN1,1,,t
devlj103,PHN187605250,LS1,1,,t
devlj103,PHN187605260,LS1,1,,t
fishc102,BSN187605270,CN1,1,,t
mcvec101,HAR187605270,CHN,1,,t
devlj103,PHN187605270,LS1,1,,t
fishc102,HAR187605300,CN1,1,,t
bradg103,PHN187605300,SL3,1,,t
fishc102,HAR187606010,CN1,1,,t
bradg103,PHN187606010,SL3,1,,t
fishc102,HAR187606030,CN1,1,,t
bradg103,PHN187606030,SL3,1,,t
devlj103,BSN187606060,LS1,1,,t
bradg103,HAR187606060,SL3,1,,t
devlj103,BSN187606080,LS1,1,,t
bradg103,HAR187606080,SL3,1,,t
devlj103,BSN187606100,LS1,1,,t
bradg103,HAR187606100,SL3,1,,t
devlj103,HAR187606130,LS1,1,,t
bradg103,BSN187606140,SL3,1,,t
fishc102,PHN187606140,CN1,1,,t
bradg103,BSN187606150,SL3,1,,t
devlj103,HAR187606150,LS1,1,,t
fishc102,PHN187606150,CN1,1,,t
bradg103,BSN187606170,SL3,1,,t
devlj103,HAR187606170,LS1,1,,t
boota101,PHN187606170,CN1,1,,t
mathb101,CHN187606200,NY3,1,,t
mathb101,CHN187606220,NY3,1,,t
mathb101,CHN187606240,NY3,1,,t
zettg101,CHN187606270,PHN,1,,t
zettg101,CHN187606290,PHN,1,,t
knigl101,CHN187607010,PHN,1,,t
bondt101,CHN187607040,HAR,1,,t
bondt101,CHN187607060,HAR,1,,t
bondt101,CHN187607080,HAR,1,,t
mannj101,CHN187607110,BSN,1,,t
mcbrd101,CHN187607130,BSN,1,,t
bordj101,CHN187607150,BSN,1,,t
devlj103,CHN187607180,LS1,1,,t
mannj101,PHN187607190,BSN,1,,t
devlj103,CHN187607200,LS1,1,,t
bondt101,PHN187607210,HAR,1,,t
devlj103,CHN187607220,LS1,1,,t
mathb101,BSN187607250,NY3,1,,t
deand101,CHN187607250,CN1,1,,t
mathb101,BSN187607270,NY3,1,,t
deand101,CHN187607270,CN1,1,,t
mathb101,BSN187607290,NY3,1,,t
deand101,CHN187607290,CN1,1,,t
zettg101,HAR187608010,PHN,1,,t
zettg101,HAR187608020,PHN,1,,t
zettg101,BSN187608030,PHN,1,,t
knigl101,BSN187608050,PHN,1,,t
mathb101,HAR187608050,NY3,1,,t
knigl101,BSN187608070,PHN,1,,t
mathb101,HAR187608070,NY3,1,,t
knigl101,HAR187608080,PHN,1,,t
knigl101,HAR187608090,PHN,1,,t
bondt101,PHN187608120,HAR,1,,t
bondt101,PHN187608140,HAR,1,,t
mathb101,PHN187608170,NY3,1,,t
bondt101,BSN187608180,HAR,1,,t
bondt101,BSN187608190,HAR,1,,t
mathb101,PHN187608190,NY3,1,,t
mannj101,HAR187608210,BSN,1,,t
bradg103,CHN187608220,SL3,1,,t
nicht101,HAR187608220,BSN,1,,t
bradf101,PHN187608230,BSN,1,,t
bradf101,PHN187608240,BSN,1,,t
bradg103,CHN187608250,SL3,1,,t
bradg103,CHN187608260,SL3,1,,t
willd106,BSN187609050,CN1,1,,t
devlj103,HAR187609050,LS1,1,,t
deand101,BSN187609060,CN1,1,,t
devlj103,HAR187609060,LS1,1,,t
devlj103,BSN187609080,LS1,1,,t
bradg103,PHN187609080,SL3,1,,t
bradg103,PHN187609090,SL3,1,,t
willd106,HAR187609091,CN1,1,,t
deand101,HAR187609092,CN1,1,,t
devlj103,BSN187609110,LS1,1,,t
bradg103,BSN187609120,SL3,1,,t
deand101,PHN187609120,CN1,1,,t
bradg103,BSN187609130,SL3,1,,t
mcvec101,HAR187609130,CHN,1,,t
deand101,PHN187609130,CN1,1,,t
bradg103,HAR187609150,SL3,1,,t
devlj103,PHN187609150,LS1,1,,t
bradg103,HAR187609160,SL3,1,,t
devlj103,PHN187609160,LS1,1,,t
bradf101,CHN187609220,BSN,1,,t
bradf101,CHN187609230,BSN,1,,t
cummc101,CHN187609260,HAR,1,,t
cummc101,CHN187609270,HAR,1,,t
cummc101,BSN187610200,HAR,1,,t
cummc101,BSN187610210,HAR,1,,t
knigl101,PHN187604220,PHN,1,,t
knigl101,PHN187604240,PHN,1,,t
bordj101,BSN187604290,BSN,1,,t
bondt101,HAR187605010,HAR,1,,t
knigl101,PHN187605030,PHN,1,,t
knigl101,PHN187605040,PHN,1,,t
bordj101,BSN187605060,BSN,1,,t
knigl101,PHN187605060,PHN,1,,t
bordj101,BSN187605080,BSN,1,,t
knigl101,PHN187605080,PHN,1,,t
bordj101,BSN187605130,BSN,1,,t
bondt101,HAR187605130,HAR,1,,t
bordj101,BSN187605150,BSN,1,,t
bondt101,HAR187605160,HAR,1,,t
bordj101,BSN187605170,BSN,1,,t
bondt101,HAR187605190,HAR,1,,t
bordj101,BSN187605230,BSN,1,,t
bondt101,HAR187605230,HAR,1,,t
zettg101,PHN187605230,PHN,1,,t
bordj101,BSN187605250,BSN,1,,t
bondt101,HAR187605250,HAR,1,,t
zettg101,PHN187605250,PHN,1,,t
zettg101,PHN187605260,PHN,1,,t
bordj101,BSN187605270,BSN,1,,t
bondt101,HAR187605270,HAR,1,,t
zettg101,PHN187605270,PHN,1,,t
bordj101,BSN187605300,BSN,1,,t
cummc101,HAR187605300,HAR,1,,t
zettg101,PHN187605300,PHN,1,,t
bordj101,BSN187606010,BSN,1,,t
cummc101,HAR187606010,HAR,1,,t
zettg101,PHN187606010,PHN,1,,t
bordj101,BSN187606030,BSN,1,,t
bondt101,HAR187606030,HAR,1,,t
knigl101,PHN187606030,PHN,1,,t
bordj101,BSN187606060,BSN,1,,t
bondt101,HAR187606060,HAR,1,,t
zettg101,PHN187606060,PHN,1,,t
mcbrd101,BSN187606080,BSN,1,,t
bondt101,HAR187606080,HAR,1,,t
zettg101,PHN187606080,PHN,1,,t
mcbrd101,BSN187606100,BSN,1,,t
bondt101,HAR187606100,HAR,1,,t
zettg101,PHN187606100,PHN,1,,t
bondt101,HAR187606130,HAR,1,,t
mcbrd101,BSN187606140,BSN,1,,t
knigl101,PHN187606140,PHN,1,,t
mannj101,BSN187606150,BSN,1,,t
bondt101,HAR187606150,HAR,1,,t
knigl101,PHN187606150,PHN,1,,t
mannj101,BSN187606170,BSN,1,,t
bondt101,HAR187606170,HAR,1,,t
knigl101,PHN187606170,PHN,1,,t
mcvec101,CHN187607080,CHN,1,,t
zettg101,PHN187607190,PHN,1,,t
zettg101,PHN187607210,PHN,1,,t
mannj101,BSN187607250,BSN,1,,t
mannj101,BSN187607270,BSN,1,,t
mannj101,BSN187607290,BSN,1,,t
bondt101,HAR187608010,HAR,1,,t
bondt101,HAR187608020,HAR,1,,t
mannj101,BSN187608030,BSN,1,,t
mannj101,BSN187608050,BSN,1,,t
bondt101,HAR187608050,HAR,1,,t
mannj101,BSN187608070,BSN,1,,t
bondt101,HAR187608070,HAR,1,,t
bondt101,HAR187608080,HAR,1,,t
bondt101,HAR187608090,HAR,1,,t
knigl101,PHN187608120,PHN,1,,t
knigl101,PHN187608140,PHN,1,,t
knigl101,PHN187608170,PHN,1,,t
mannj101,BSN187608180,BSN,1,,t
mannj101,BSN187608190,BSN,1,,t
knigl101,PHN187608190,PHN,1,,t
cummc101,HAR187608210,HAR,1,,t
cummc101,HAR187608220,HAR,1,,t
knigl101,PHN187608230,PHN,1,,t
knigl101,PHN187608240,PHN,1,,t
mannj101,BSN187609050,BSN,1,,t
cummc101,HAR187609050,HAR,1,,t
knigl101,PHN187609050,PHN,1,,t
bradf101,BSN187609060,BSN,1,,t
cummc101,HAR187609060,HAR,1,,t
zettg101,PHN187609060,PHN,1,,t
bradf101,BSN187609080,BSN,1,,t
knigl101,PHN187609080,PHN,1,,t
knigl101,PHN187609090,PHN,1,,t
cummc101,HAR187609091,HAR,1,,t
cummc101,HAR187609092,HAR,1,,t
bradf101,BSN187609110,BSN,1,,t
bradf101,BSN187609120,BSN,1,,t
cummc101,HAR187609120,HAR,1,,t
knigl101,PHN187609120,PHN,1,,t
bradf101,BSN187609130,BSN,1,,t
cummc101,HAR187609130,HAR,1,,t
knigl101,PHN187609130,PHN,1,,t
bradf101,BSN187609150,BSN,1,,t
cummc101,HAR187609150,HAR,1,,t
lafff101,PHN187609150,PHN,1,,t
bradf101,BSN187609160,BSN,1,,t
cummc101,HAR187609160,HAR,1,,t
zettg101,PHN187609160,PHN,1,,t
mcvec101,CHN187609260,CHN,1,,t
bradf101,BSN187610200,BSN,1,,t
bradf101,BSN187610210,BSN,1,,t
