id,game_id,team_id,field_pos,batt_ord,start
gillt902,BFN187905010,UMP,ump_hp,,t
furlb901,CHN187905010,UMP,ump_hp,,t
gillt902,BFN187905020,UMP,ump_hp,,t
furlb901,CHN187905020,UMP,ump_hp,,t
gillt902,BFN187905030,UMP,ump_hp,,t
furlb901,CHN187905050,UMP,ump_hp,,t
wilbc901,BFN187905060,UMP,ump_hp,,t
stamc901,CHN187905060,UMP,ump_hp,,t
wilbc901,BFN187905080,UMP,ump_hp,,t
gillt902,CHN187905080,UMP,ump_hp,,t
wilbc901,BFN187905100,UMP,ump_hp,,t
gillt902,CHN187905100,UMP,ump_hp,,t
wilbc901,BFN187905130,UMP,ump_hp,,t
bredg901,CHN187905130,UMP,ump_hp,,t
stamc901,CHN187905150,UMP,ump_hp,,t
wilbc901,BFN187905160,UMP,ump_hp,,t
wilbc901,BFN187905170,UMP,ump_hp,,t
shepw901,CHN187905170,UMP,ump_hp,,t
wilbc901,BFN187905200,UMP,ump_hp,,t
furlb901,CHN187905200,UMP,ump_hp,,t
wilbc901,BFN187905220,UMP,ump_hp,,t
furlb901,CHN187905220,UMP,ump_hp,,t
wilbc901,BFN187905240,UMP,ump_hp,,t
bredg901,CHN187905240,UMP,ump_hp,,t
mcleb901,BSN187905280,UMP,ump_hp,,t
younj901,PRO187905280,UMP,ump_hp,,t
wilbc901,TRN187905280,UMP,ump_hp,,t
mcleb901,BSN187905300,UMP,ump_hp,,t
younj901,PRO187905300,UMP,ump_hp,,t
wilbc901,TRN187905300,UMP,ump_hp,,t
mcleb901,BSN187905310,UMP,ump_hp,,t
younj901,PRO187905310,UMP,ump_hp,,t
wilbc901,TRN187905310,UMP,ump_hp,,t
mcleb901,PRO187906050,UMP,ump_hp,,t
scofj901,TRN187906050,UMP,ump_hp,,t
kellj902,BSN187906060,UMP,ump_hp,,t
mcleb901,PRO187906060,UMP,ump_hp,,t
eagaj901,BSN187906070,UMP,ump_hp,,t
mcleb901,PRO187906070,UMP,ump_hp,,t
scofj901,TRN187906070,UMP,ump_hp,,t
eagaj901,BSN187906090,UMP,ump_hp,,t
danic901,BSN187906100,UMP,ump_hp,,t
mcleb901,PRO187906100,UMP,ump_hp,,t
wilbc901,TRN187906100,UMP,ump_hp,,t
wilbc901,TRN187906110,UMP,ump_hp,,t
danic901,BSN187906120,UMP,ump_hp,,t
wilbc901,TRN187906120,UMP,ump_hp,,t
mcleb901,PRO187906130,UMP,ump_hp,,t
danic901,BSN187906140,UMP,ump_hp,,t
mcleb901,PRO187906140,UMP,ump_hp,,t
wilbc901,TRN187906140,UMP,ump_hp,,t
fergb101,BSN187906170,UMP,ump_hp,,t
eagaj901,PRO187906170,UMP,ump_hp,,t
danic901,TRN187906170,UMP,ump_hp,,t
fergb101,BSN187906190,UMP,ump_hp,,t
eagaj901,PRO187906190,UMP,ump_hp,,t
danic901,TRN187906190,UMP,ump_hp,,t
danic901,TRN187906200,UMP,ump_hp,,t
fergb101,BSN187906210,UMP,ump_hp,,t
eagaj901,PRO187906210,UMP,ump_hp,,t
danic901,TRN187906230,UMP,ump_hp,,t
fergb101,BSN187906240,UMP,ump_hp,,t
gillt902,BFN187906240,UMP,ump_hp,,t
gillt902,BFN187906250,UMP,ump_hp,,t
fergb101,PRO187906250,UMP,ump_hp,,t
danic901,TRN187906250,UMP,ump_hp,,t
fergb101,BSN187906260,UMP,ump_hp,,t
danic901,TRN187906260,UMP,ump_hp,,t
gillt902,BFN187906270,UMP,ump_hp,,t
fergb101,PRO187906270,UMP,ump_hp,,t
fergb101,BSN187906280,UMP,ump_hp,,t
mcleb901,CHN187906280,UMP,ump_hp,,t
mcleb901,CHN187907010,UMP,ump_hp,,t
fergb101,PRO187907010,UMP,ump_hp,,t
mcleb901,CHN187907020,UMP,ump_hp,,t
gillt902,BFN187907040,UMP,ump_hp,,t
mcleb901,CHN187907040,UMP,ump_hp,,t
danic901,PRO187907040,UMP,ump_hp,,t
gillt902,BFN187907050,UMP,ump_hp,,t
mcleb901,CHN187907050,UMP,ump_hp,,t
danic901,PRO187907050,UMP,ump_hp,,t
danic901,PRO187907070,UMP,ump_hp,,t
gillt902,BFN187907080,UMP,ump_hp,,t
mcleb901,CHN187907080,UMP,ump_hp,,t
furlb901,CHN187907100,UMP,ump_hp,,t
furlb901,CHN187907110,UMP,ump_hp,,t
furlb901,CHN187907120,UMP,ump_hp,,t
danic901,BFN187907121,UMP,ump_hp,,t
danic901,BFN187907122,UMP,ump_hp,,t
danic901,BFN187907150,UMP,ump_hp,,t
furlb901,CHN187907150,UMP,ump_hp,,t
danic901,BFN187907160,UMP,ump_hp,,t
furlb901,CHN187907160,UMP,ump_hp,,t
danic901,BFN187907170,UMP,ump_hp,,t
furlb901,CHN187907170,UMP,ump_hp,,t
gillt902,BFN187907190,UMP,ump_hp,,t
mcleb901,CHN187907190,UMP,ump_hp,,t
gillt902,BFN187907210,UMP,ump_hp,,t
mcleb901,CHN187907210,UMP,ump_hp,,t
mcleb901,CHN187907220,UMP,ump_hp,,t
mcleb901,CHN187907230,UMP,ump_hp,,t
mcleb901,BFN187907240,UMP,ump_hp,,t
hautc101,CHN187907250,UMP,ump_hp,,t
mcleb901,BFN187907260,UMP,ump_hp,,t
hautc101,CHN187907260,UMP,ump_hp,,t
mcleb901,BFN187907280,UMP,ump_hp,,t
hautc101,CHN187907280,UMP,ump_hp,,t
prata101,CHN187907300,UMP,ump_hp,,t
bradf101,TRN187907300,UMP,ump_hp,,t
prata101,CHN187907310,UMP,ump_hp,,t
bradf101,TRN187907310,UMP,ump_hp,,t
prata101,CHN187908020,UMP,ump_hp,,t
bradf101,TRN187908020,UMP,ump_hp,,t
gillt902,CHN187908050,UMP,ump_hp,,t
mcleb901,TRN187908050,UMP,ump_hp,,t
gillt902,CHN187908060,UMP,ump_hp,,t
mcleb901,TRN187908060,UMP,ump_hp,,t
gillt902,CHN187908070,UMP,ump_hp,,t
mcleb901,TRN187908070,UMP,ump_hp,,t
danic901,TRN187908090,UMP,ump_hp,,t
danic901,TRN187908110,UMP,ump_hp,,t
danic901,TRN187908120,UMP,ump_hp,,t
danic901,TRN187908130,UMP,ump_hp,,t
bradf101,BSN187908140,UMP,ump_hp,,t
danic901,TRN187908140,UMP,ump_hp,,t
bradf101,BSN187908150,UMP,ump_hp,,t
hautc101,BFN187908150,UMP,ump_hp,,t
danic901,TRN187908150,UMP,ump_hp,,t
danic901,BSN187908190,UMP,ump_hp,,t
gillt902,CHN187908190,UMP,ump_hp,,t
bradf101,PRO187908190,UMP,ump_hp,,t
danic901,BSN187908200,UMP,ump_hp,,t
gillt902,CHN187908200,UMP,ump_hp,,t
bradf101,PRO187908200,UMP,ump_hp,,t
danic901,BSN187908210,UMP,ump_hp,,t
gillt902,CHN187908210,UMP,ump_hp,,t
bradf101,PRO187908210,UMP,ump_hp,,t
bradf101,BSN187908220,UMP,ump_hp,,t
bradf101,BSN187908230,UMP,ump_hp,,t
millg101,CHN187908230,UMP,ump_hp,,t
danic901,PRO187908230,UMP,ump_hp,,t
millg101,CHN187908250,UMP,ump_hp,,t
danic901,PRO187908250,UMP,ump_hp,,t
bradf101,BSN187908260,UMP,ump_hp,,t
millg101,CHN187908260,UMP,ump_hp,,t
danic901,PRO187908260,UMP,ump_hp,,t
bradf101,BSN187908270,UMP,ump_hp,,t
danic901,BSN187908280,UMP,ump_hp,,t
gillt902,BFN187908280,UMP,ump_hp,,t
bradf101,PRO187908280,UMP,ump_hp,,t
danic901,BSN187908290,UMP,ump_hp,,t
bradf101,PRO187908290,UMP,ump_hp,,t
danic901,BSN187908300,UMP,ump_hp,,t
furlb901,BFN187908300,UMP,ump_hp,,t
bradf101,PRO187908300,UMP,ump_hp,,t
furlb901,BFN187909010,UMP,ump_hp,,t
crans101,BSN187909030,UMP,ump_hp,,t
furlb901,PRO187909030,UMP,ump_hp,,t
powep101,TRN187909030,UMP,ump_hp,,t
furlb901,PRO187909040,UMP,ump_hp,,t
powep101,TRN187909040,UMP,ump_hp,,t
cookw901,BSN187909050,UMP,ump_hp,,t
powep101,TRN187909050,UMP,ump_hp,,t
libbs101,BSN187909060,UMP,ump_hp,,t
furlb901,PRO187909060,UMP,ump_hp,,t
powep101,TRN187909060,UMP,ump_hp,,t
furlb901,BSN187909080,UMP,ump_hp,,t
danic901,PRO187909080,UMP,ump_hp,,t
say-l101,TRN187909080,UMP,ump_hp,,t
furlb901,BSN187909090,UMP,ump_hp,,t
danic901,PRO187909090,UMP,ump_hp,,t
furlb901,BSN187909100,UMP,ump_hp,,t
danic901,PRO187909100,UMP,ump_hp,,t
dosch101,TRN187909100,UMP,ump_hp,,t
dunlf101,TRN187909110,UMP,ump_hp,,t
mcleb901,BSN187909120,UMP,ump_hp,,t
powep101,PRO187909120,UMP,ump_hp,,t
danic901,TRN187909120,UMP,ump_hp,,t
mcleb901,BSN187909130,UMP,ump_hp,,t
powep101,PRO187909130,UMP,ump_hp,,t
danic901,TRN187909130,UMP,ump_hp,,t
mcleb901,BSN187909150,UMP,ump_hp,,t
powep101,PRO187909150,UMP,ump_hp,,t
danic901,TRN187909150,UMP,ump_hp,,t
danic901,TRN187909160,UMP,ump_hp,,t
powep101,BSN187909170,UMP,ump_hp,,t
olead101,PRO187909170,UMP,ump_hp,,t
furlb901,TRN187909170,UMP,ump_hp,,t
sweac101,PRO187909180,UMP,ump_hp,,t
powep101,BSN187909190,UMP,ump_hp,,t
joycc901,PRO187909190,UMP,ump_hp,,t
furlb901,TRN187909190,UMP,ump_hp,,t
powep101,BSN187909200,UMP,ump_hp,,t
furlb901,TRN187909200,UMP,ump_hp,,t
furlb901,BFN187909220,UMP,ump_hp,,t
mcleb901,BSN187909230,UMP,ump_hp,,t
furlb901,BFN187909230,UMP,ump_hp,,t
furlb901,BFN187909240,UMP,ump_hp,,t
mcleb901,BSN187909250,UMP,ump_hp,,t
furlb901,BFN187909250,UMP,ump_hp,,t
furlb901,BFN187909260,UMP,ump_hp,,t
mcleb901,PRO187909260,UMP,ump_hp,,t
mcleb901,BSN187909270,UMP,ump_hp,,t
furlb901,BFN187909270,UMP,ump_hp,,t
furlb901,BFN187909290,UMP,ump_hp,,t
mcleb901,PRO187909290,UMP,ump_hp,,t
furlb901,BFN187909300,UMP,ump_hp,,t
mcleb901,PRO187909300,UMP,ump_hp,,t
wrigh101,BFN187905010,BSN,manager,,t
dorgm101,CHN187905010,SR1,manager,,t
wrigh101,BFN187905020,BSN,manager,,t
dorgm101,CHN187905020,SR1,manager,,t
wrigh101,BFN187905030,BSN,manager,,t
dorgm101,CHN187905050,SR1,manager,,t
wrigg101,BFN187905060,PRO,manager,,t
philh801,CHN187905060,TRN,manager,,t
wrigg101,BFN187905080,PRO,manager,,t
philh801,CHN187905080,TRN,manager,,t
wrigg101,BFN187905100,PRO,manager,,t
philh801,CHN187905100,TRN,manager,,t
philh801,BFN187905130,TRN,manager,,t
wrigg101,CHN187905130,PRO,manager,,t
wrigg101,CHN187905150,PRO,manager,,t
philh801,BFN187905160,TRN,manager,,t
philh801,BFN187905170,TRN,manager,,t
wrigg101,CHN187905170,PRO,manager,,t
dorgm101,BFN187905200,SR1,manager,,t
wrigh101,CHN187905200,BSN,manager,,t
dorgm101,BFN187905220,SR1,manager,,t
wrigh101,CHN187905220,BSN,manager,,t
dorgm101,BFN187905240,SR1,manager,,t
wrigh101,CHN187905240,BSN,manager,,t
ansoc101,BSN187905280,CHN,manager,,t
clapj101,PRO187905280,BFN,manager,,t
whitd102,TRN187905280,CN1,manager,,t
ansoc101,BSN187905300,CHN,manager,,t
clapj101,PRO187905300,BFN,manager,,t
whitd102,TRN187905300,CN1,manager,,t
ansoc101,BSN187905310,CHN,manager,,t
clapj101,PRO187905310,BFN,manager,,t
whitd102,TRN187905310,CN1,manager,,t
ansoc101,PRO187906050,CHN,manager,,t
mccoj103,TRN187906050,CL2,manager,,t
clapj101,BSN187906060,BFN,manager,,t
ansoc101,PRO187906060,CHN,manager,,t
clapj101,BSN187906070,BFN,manager,,t
ansoc101,PRO187906070,CHN,manager,,t
mccoj103,TRN187906070,CL2,manager,,t
clapj101,BSN187906090,BFN,manager,,t
mccoj103,BSN187906100,CL2,manager,,t
mcvec101,PRO187906100,CN1,manager,,t
ansoc101,TRN187906100,CHN,manager,,t
ansoc101,TRN187906110,CHN,manager,,t
mccoj103,BSN187906120,CL2,manager,,t
mccoj103,BSN187906120,CL2,1,,t
ansoc101,TRN187906120,CHN,manager,,t
mcvec101,PRO187906130,CN1,manager,,t
mcvec101,PRO187906130,CN1,1,,t
mccoj103,BSN187906140,CL2,manager,,t
mccoj103,BSN187906140,CL2,1,,t
mcvec101,PRO187906140,CN1,manager,,t
ansoc101,TRN187906140,CHN,manager,,t
mcvec101,BSN187906170,CN1,manager,,t
mccoj103,PRO187906170,CL2,manager,,t
mccoj103,PRO187906170,CL2,1,,t
clapj101,TRN187906170,BFN,manager,,t
mcvec101,BSN187906190,CN1,manager,,t
mccoj103,PRO187906190,CL2,manager,,t
mccoj103,PRO187906190,CL2,1,,t
clapj101,TRN187906190,BFN,manager,,t
clapj101,TRN187906200,BFN,manager,,t
mcvec101,BSN187906210,CN1,manager,,t
mccoj103,PRO187906210,CL2,manager,,t
dorgm101,TRN187906230,SR1,manager,,t
wrigg101,BSN187906240,PRO,manager,,t
mccoj103,BFN187906240,CL2,manager,,t
mccoj103,BFN187906240,CL2,1,,t
mccoj103,BFN187906250,CL2,manager,,t
mccoj103,BFN187906250,CL2,1,,t
wrigh101,PRO187906250,BSN,manager,,t
dorgm101,TRN187906250,SR1,manager,,t
wrigg101,BSN187906260,PRO,manager,,t
dorgm101,TRN187906260,SR1,manager,,t
mccoj103,BFN187906270,CL2,manager,,t
mccoj103,BFN187906270,CL2,1,,t
wrigh101,PRO187906270,BSN,manager,,t
wrigg101,BSN187906280,PRO,manager,,t
mcvec101,CHN187906280,CN1,manager,,t
mcvec101,CHN187907010,CN1,manager,,t
wrigh101,PRO187907010,BSN,manager,,t
mcvec101,CHN187907020,CN1,manager,,t
mccoj103,BFN187907040,CL2,manager,,t
wrigh101,CHN187907040,BSN,manager,,t
philh801,PRO187907040,TRN,manager,,t
mccoj103,BFN187907050,CL2,manager,,t
mccoj103,BFN187907050,CL2,1,,t
wrigh101,CHN187907050,BSN,manager,,t
philh801,PRO187907050,TRN,manager,,t
philh801,PRO187907070,TRN,manager,,t
mccoj103,BFN187907080,CL2,manager,,t
mccoj103,BFN187907080,CL2,1,,t
wrigh101,CHN187907080,BSN,manager,,t
dorgm101,CHN187907100,SR1,manager,,t
dorgm101,CHN187907110,SR1,manager,,t
dorgm101,CHN187907120,SR1,manager,,t
philh801,BFN187907121,TRN,manager,,t
philh801,BFN187907122,TRN,manager,,t
wrigh101,BFN187907150,BSN,manager,,t
philh801,CHN187907150,TRN,manager,,t
wrigh101,BFN187907160,BSN,manager,,t
philh801,CHN187907160,TRN,manager,,t
wrigh101,BFN187907170,BSN,manager,,t
philh801,CHN187907170,TRN,manager,,t
dorgm101,BFN187907190,SR1,manager,,t
wrigg101,CHN187907190,PRO,manager,,t
dorgm101,BFN187907210,SR1,manager,,t
wrigg101,CHN187907210,PRO,manager,,t
wrigg101,CHN187907220,PRO,manager,,t
wrigg101,CHN187907230,PRO,manager,,t
wrigg101,BFN187907240,PRO,manager,,t
mcvec101,CHN187907250,CN1,manager,,t
wrigg101,BFN187907260,PRO,manager,,t
mcvec101,CHN187907260,CN1,manager,,t
wrigg101,BFN187907280,PRO,manager,,t
mcvec101,CHN187907280,CN1,manager,,t
mccoj103,CHN187907300,CL2,manager,,t
wrigh101,TRN187907300,BSN,manager,,t
mccoj103,CHN187907310,CL2,manager,,t
wrigh101,TRN187907310,BSN,manager,,t
mccoj103,CHN187908020,CL2,manager,,t
wrigh101,TRN187908020,BSN,manager,,t
clapj101,CHN187908050,BFN,manager,,t
wrigg101,TRN187908050,PRO,manager,,t
clapj101,CHN187908060,BFN,manager,,t
wrigg101,TRN187908060,PRO,manager,,t
clapj101,CHN187908070,BFN,manager,,t
wrigg101,TRN187908070,PRO,manager,,t
wrigh101,TRN187908090,BSN,manager,,t
wrigh101,TRN187908110,BSN,manager,,t
wrigh101,TRN187908120,BSN,manager,,t
wrigg101,TRN187908130,PRO,manager,,t
macuj101,BSN187908140,SR1,manager,,t
wrigg101,TRN187908140,PRO,manager,,t
macuj101,BSN187908150,SR1,manager,,t
mcvec101,BFN187908150,CN1,manager,,t
wrigg101,TRN187908150,PRO,manager,,t
fergb101,BSN187908190,TRN,manager,,t
clapj101,CHN187908190,BFN,manager,,t
macuj101,PRO187908190,SR1,manager,,t
fergb101,BSN187908200,TRN,manager,,t
clapj101,CHN187908200,BFN,manager,,t
macuj101,PRO187908200,SR1,manager,,t
fergb101,BSN187908210,TRN,manager,,t
clapj101,CHN187908210,BFN,manager,,t
macuj101,PRO187908210,SR1,manager,,t
macuj101,BSN187908220,SR1,manager,,t
macuj101,BSN187908230,SR1,manager,,t
mccoj103,CHN187908230,CL2,manager,,t
mccoj103,CHN187908230,CL2,1,,t
fergb101,PRO187908230,TRN,manager,,t
mccoj103,CHN187908250,CL2,manager,,t
mccoj103,CHN187908250,CL2,1,,t
fergb101,PRO187908250,TRN,manager,,t
macuj101,BSN187908260,SR1,manager,,t
mccoj103,CHN187908260,CL2,manager,,t
mccoj103,CHN187908260,CL2,1,,t
fergb101,PRO187908260,TRN,manager,,t
macuj101,BSN187908270,SR1,manager,,t
fergb101,BSN187908280,TRN,manager,,t
flins101,BFN187908280,CHN,manager,,t
macuj101,PRO187908280,SR1,manager,,t
fergb101,BSN187908290,TRN,manager,,t
macuj101,PRO187908290,SR1,manager,,t
fergb101,BSN187908300,TRN,manager,,t
flins101,BFN187908300,CHN,manager,,t
macuj101,PRO187908300,SR1,manager,,t
flins101,BFN187909010,CHN,manager,,t
clapj101,BSN187909030,BFN,manager,,t
flins101,PRO187909030,CHN,manager,,t
mccoj103,TRN187909030,CL2,manager,,t
flins101,PRO187909040,CHN,manager,,t
mccoj103,TRN187909040,CL2,manager,,t
clapj101,BSN187909050,BFN,manager,,t
mccoj103,TRN187909050,CL2,manager,,t
mccoj103,TRN187909050,CL2,1,,t
clapj101,BSN187909060,BFN,manager,,t
flins101,PRO187909060,CHN,manager,,t
mccoj103,TRN187909060,CL2,manager,,t
mccoj103,TRN187909060,CL2,1,,t
flins101,BSN187909080,CHN,manager,,t
clapj101,PRO187909080,BFN,manager,,t
mcvec101,TRN187909080,CN1,manager,,t
flins101,BSN187909090,CHN,manager,,t
clapj101,PRO187909090,BFN,manager,,t
flins101,BSN187909100,CHN,manager,,t
clapj101,PRO187909100,BFN,manager,,t
mcvec101,TRN187909100,CN1,manager,,t
mcvec101,TRN187909110,CN1,manager,,t
mcvec101,BSN187909120,CN1,manager,,t
mccoj103,PRO187909120,CL2,manager,,t
mccoj103,PRO187909120,CL2,1,,t
clapj101,TRN187909120,BFN,manager,,t
mcvec101,BSN187909130,CN1,manager,,t
mccoj103,PRO187909130,CL2,manager,,t
mccoj103,PRO187909130,CL2,1,,t
clapj101,TRN187909130,BFN,manager,,t
mcvec101,BSN187909150,CN1,manager,,t
mccoj103,PRO187909150,CL2,manager,,t
mccoj103,PRO187909150,CL2,1,,t
clapj101,TRN187909150,BFN,manager,,t
clapj101,TRN187909160,BFN,manager,,t
mccoj103,BSN187909170,CL2,manager,,t
mccoj103,BSN187909170,CL2,1,,t
mcvec101,PRO187909170,CN1,manager,,t
flins101,TRN187909170,CHN,manager,,t
mcvec101,PRO187909180,CN1,manager,,t
mccoj103,BSN187909190,CL2,manager,,t
mccoj103,BSN187909190,CL2,1,,t
mcvec101,PRO187909190,CN1,manager,,t
flins101,TRN187909190,CHN,manager,,t
mccoj103,BSN187909200,CL2,manager,,t
mccoj103,BSN187909200,CL2,1,,t
flins101,TRN187909200,CHN,manager,,t
mcvec101,BFN187909220,CN1,manager,,t
wrigg101,BSN187909230,PRO,manager,,t
mcvec101,BFN187909230,CN1,manager,,t
mcvec101,BFN187909240,CN1,manager,,t
wrigg101,BSN187909250,PRO,manager,,t
mcvec101,BFN187909250,CN1,manager,,t
flins101,BFN187909260,CHN,manager,,t
wrigh101,PRO187909260,BSN,manager,,t
wrigg101,BSN187909270,PRO,manager,,t
flins101,BFN187909270,CHN,manager,,t
flins101,BFN187909290,CHN,manager,,t
wrigh101,PRO187909290,BSN,manager,,t
flins101,BFN187909300,CHN,manager,,t
wrigh101,PRO187909300,BSN,manager,,t
clapj101,BFN187905010,BFN,manager,,t
ansoc101,CHN187905010,CHN,manager,,t
clapj101,BFN187905020,BFN,manager,,t
ansoc101,CHN187905020,CHN,manager,,t
clapj101,BFN187905030,BFN,manager,,t
ansoc101,CHN187905050,CHN,manager,,t
clapj101,BFN187905060,BFN,manager,,t
ansoc101,CHN187905060,CHN,manager,,t
clapj101,BFN187905080,BFN,manager,,t
ansoc101,CHN187905080,CHN,manager,,t
clapj101,BFN187905100,BFN,manager,,t
ansoc101,CHN187905100,CHN,manager,,t
clapj101,BFN187905130,BFN,manager,,t
ansoc101,CHN187905130,CHN,manager,,t
ansoc101,CHN187905150,CHN,manager,,t
clapj101,BFN187905160,BFN,manager,,t
clapj101,BFN187905170,BFN,manager,,t
ansoc101,CHN187905170,CHN,manager,,t
clapj101,BFN187905200,BFN,manager,,t
ansoc101,CHN187905200,CHN,manager,,t
clapj101,BFN187905220,BFN,manager,,t
ansoc101,CHN187905220,CHN,manager,,t
clapj101,BFN187905240,BFN,manager,,t
ansoc101,CHN187905240,CHN,manager,,t
wrigh101,BSN187905280,BSN,manager,,t
wrigg101,PRO187905280,PRO,manager,,t
philh801,TRN187905280,TRN,manager,,t
wrigh101,BSN187905300,BSN,manager,,t
wrigg101,PRO187905300,PRO,manager,,t
philh801,TRN187905300,TRN,manager,,t
wrigh101,BSN187905310,BSN,manager,,t
wrigg101,PRO187905310,PRO,manager,,t
philh801,TRN187905310,TRN,manager,,t
wrigg101,PRO187906050,PRO,manager,,t
philh801,TRN187906050,TRN,manager,,t
wrigh101,BSN187906060,BSN,manager,,t
wrigg101,PRO187906060,PRO,manager,,t
wrigh101,BSN187906070,BSN,manager,,t
wrigg101,PRO187906070,PRO,manager,,t
philh801,TRN187906070,TRN,manager,,t
wrigh101,BSN187906090,BSN,manager,,t
wrigh101,BSN187906100,BSN,manager,,t
wrigg101,PRO187906100,PRO,manager,,t
philh801,TRN187906100,TRN,manager,,t
philh801,TRN187906110,TRN,manager,,t
wrigh101,BSN187906120,BSN,manager,,t
philh801,TRN187906120,TRN,manager,,t
wrigg101,PRO187906130,PRO,manager,,t
wrigh101,BSN187906140,BSN,manager,,t
wrigg101,PRO187906140,PRO,manager,,t
philh801,TRN187906140,TRN,manager,,t
wrigh101,BSN187906170,BSN,manager,,t
wrigg101,PRO187906170,PRO,manager,,t
philh801,TRN187906170,TRN,manager,,t
wrigh101,BSN187906190,BSN,manager,,t
wrigg101,PRO187906190,PRO,manager,,t
philh801,TRN187906190,TRN,manager,,t
philh801,TRN187906200,TRN,manager,,t
wrigh101,BSN187906210,BSN,manager,,t
wrigg101,PRO187906210,PRO,manager,,t
philh801,TRN187906230,TRN,manager,,t
wrigh101,BSN187906240,BSN,manager,,t
clapj101,BFN187906240,BFN,manager,,t
clapj101,BFN187906250,BFN,manager,,t
wrigg101,PRO187906250,PRO,manager,,t
philh801,TRN187906250,TRN,manager,,t
wrigh101,BSN187906260,BSN,manager,,t
philh801,TRN187906260,TRN,manager,,t
clapj101,BFN187906270,BFN,manager,,t
wrigg101,PRO187906270,PRO,manager,,t
wrigh101,BSN187906280,BSN,manager,,t
ansoc101,CHN187906280,CHN,manager,,t
ansoc101,CHN187907010,CHN,manager,,t
wrigg101,PRO187907010,PRO,manager,,t
ansoc101,CHN187907020,CHN,manager,,t
clapj101,BFN187907040,BFN,manager,,t
ansoc101,CHN187907040,CHN,manager,,t
wrigg101,PRO187907040,PRO,manager,,t
clapj101,BFN187907050,BFN,manager,,t
ansoc101,CHN187907050,CHN,manager,,t
wrigg101,PRO187907050,PRO,manager,,t
wrigg101,PRO187907070,PRO,manager,,t
clapj101,BFN187907080,BFN,manager,,t
ansoc101,CHN187907080,CHN,manager,,t
ansoc101,CHN187907100,CHN,manager,,t
ansoc101,CHN187907110,CHN,manager,,t
ansoc101,CHN187907120,CHN,manager,,t
clapj101,BFN187907121,BFN,manager,,t
clapj101,BFN187907122,BFN,manager,,t
clapj101,BFN187907150,BFN,manager,,t
ansoc101,CHN187907150,CHN,manager,,t
clapj101,BFN187907160,BFN,manager,,t
ansoc101,CHN187907160,CHN,manager,,t
clapj101,BFN187907170,BFN,manager,,t
ansoc101,CHN187907170,CHN,manager,,t
clapj101,BFN187907190,BFN,manager,,t
ansoc101,CHN187907190,CHN,manager,,t
clapj101,BFN187907210,BFN,manager,,t
ansoc101,CHN187907210,CHN,manager,,t
ansoc101,CHN187907220,CHN,manager,,t
ansoc101,CHN187907230,CHN,manager,,t
clapj101,BFN187907240,BFN,manager,,t
ansoc101,CHN187907250,CHN,manager,,t
clapj101,BFN187907260,BFN,manager,,t
ansoc101,CHN187907260,CHN,manager,,t
clapj101,BFN187907280,BFN,manager,,t
ansoc101,CHN187907280,CHN,manager,,t
ansoc101,CHN187907300,CHN,manager,,t
philh801,TRN187907300,TRN,manager,,t
ansoc101,CHN187907310,CHN,manager,,t
philh801,TRN187907310,TRN,manager,,t
ansoc101,CHN187908020,CHN,manager,,t
philh801,TRN187908020,TRN,manager,,t
ansoc101,CHN187908050,CHN,manager,,t
philh801,TRN187908050,TRN,manager,,t
ansoc101,CHN187908060,CHN,manager,,t
philh801,TRN187908060,TRN,manager,,t
ansoc101,CHN187908070,CHN,manager,,t
fergb101,TRN187908070,TRN,manager,,t
fergb101,TRN187908090,TRN,manager,,t
fergb101,TRN187908110,TRN,manager,,t
fergb101,TRN187908120,TRN,manager,,t
fergb101,TRN187908130,TRN,manager,,t
wrigh101,BSN187908140,BSN,manager,,t
fergb101,TRN187908140,TRN,manager,,t
wrigh101,BSN187908150,BSN,manager,,t
clapj101,BFN187908150,BFN,manager,,t
fergb101,TRN187908150,TRN,manager,,t
wrigh101,BSN187908190,BSN,manager,,t
ansoc101,CHN187908190,CHN,manager,,t
wrigg101,PRO187908190,PRO,manager,,t
wrigh101,BSN187908200,BSN,manager,,t
ansoc101,CHN187908200,CHN,manager,,t
wrigg101,PRO187908200,PRO,manager,,t
wrigh101,BSN187908210,BSN,manager,,t
ansoc101,CHN187908210,CHN,manager,,t
wrigg101,PRO187908210,PRO,manager,,t
wrigh101,BSN187908220,BSN,manager,,t
wrigh101,BSN187908230,BSN,manager,,t
ansoc101,CHN187908230,CHN,manager,,t
wrigg101,PRO187908230,PRO,manager,,t
ansoc101,CHN187908250,CHN,manager,,t
wrigg101,PRO187908250,PRO,manager,,t
wrigh101,BSN187908260,BSN,manager,,t
ansoc101,CHN187908260,CHN,manager,,t
wrigg101,PRO187908260,PRO,manager,,t
wrigh101,BSN187908270,BSN,manager,,t
wrigh101,BSN187908280,BSN,manager,,t
clapj101,BFN187908280,BFN,manager,,t
wrigg101,PRO187908280,PRO,manager,,t
wrigh101,BSN187908290,BSN,manager,,t
wrigg101,PRO187908290,PRO,manager,,t
wrigh101,BSN187908300,BSN,manager,,t
clapj101,BFN187908300,BFN,manager,,t
wrigg101,PRO187908300,PRO,manager,,t
clapj101,BFN187909010,BFN,manager,,t
wrigh101,BSN187909030,BSN,manager,,t
wrigg101,PRO187909030,PRO,manager,,t
fergb101,TRN187909030,TRN,manager,,t
wrigg101,PRO187909040,PRO,manager,,t
fergb101,TRN187909040,TRN,manager,,t
wrigh101,BSN187909050,BSN,manager,,t
fergb101,TRN187909050,TRN,manager,,t
wrigh101,BSN187909060,BSN,manager,,t
wrigg101,PRO187909060,PRO,manager,,t
fergb101,TRN187909060,TRN,manager,,t
wrigh101,BSN187909080,BSN,manager,,t
wrigg101,PRO187909080,PRO,manager,,t
fergb101,TRN187909080,TRN,manager,,t
wrigh101,BSN187909090,BSN,manager,,t
wrigg101,PRO187909090,PRO,manager,,t
wrigh101,BSN187909100,BSN,manager,,t
wrigg101,PRO187909100,PRO,manager,,t
fergb101,TRN187909100,TRN,manager,,t
fergb101,TRN187909110,TRN,manager,,t
wrigh101,BSN187909120,BSN,manager,,t
wrigg101,PRO187909120,PRO,manager,,t
fergb101,TRN187909120,TRN,manager,,t
wrigh101,BSN187909130,BSN,manager,,t
wrigg101,PRO187909130,PRO,manager,,t
fergb101,TRN187909130,TRN,manager,,t
wrigh101,BSN187909150,BSN,manager,,t
wrigg101,PRO187909150,PRO,manager,,t
fergb101,TRN187909150,TRN,manager,,t
fergb101,TRN187909160,TRN,manager,,t
wrigh101,BSN187909170,BSN,manager,,t
wrigg101,PRO187909170,PRO,manager,,t
fergb101,TRN187909170,TRN,manager,,t
wrigg101,PRO187909180,PRO,manager,,t
wrigh101,BSN187909190,BSN,manager,,t
wrigg101,PRO187909190,PRO,manager,,t
fergb101,TRN187909190,TRN,manager,,t
wrigh101,BSN187909200,BSN,manager,,t
fergb101,TRN187909200,TRN,manager,,t
clapj101,BFN187909220,BFN,manager,,t
wrigh101,BSN187909230,BSN,manager,,t
clapj101,BFN187909230,BFN,manager,,t
clapj101,BFN187909240,BFN,manager,,t
wrigh101,BSN187909250,BSN,manager,,t
clapj101,BFN187909250,BFN,manager,,t
clapj101,BFN187909260,BFN,manager,,t
wrigg101,PRO187909260,PRO,manager,,t
wrigh101,BSN187909270,BSN,manager,,t
clapj101,BFN187909270,BFN,manager,,t
clapj101,BFN187909290,BFN,manager,,t
wrigg101,PRO187909290,PRO,manager,,t
clapj101,BFN187909300,BFN,manager,,t
wrigg101,PRO187909300,PRO,manager,,t
bondt101,BFN187905010,BSN,1,,t
mccoh101,CHN187905010,SR1,1,,t
bondt101,BFN187905020,BSN,1,,t
mccoh101,CHN187905020,SR1,1,,t
bondt101,BFN187905030,BSN,1,,t
mccoh101,CHN187905050,SR1,1,,t
wardm101,BFN187905060,PRO,1,,t
bradg103,CHN187905060,TRN,1,,t
wardm101,BFN187905080,PRO,1,,t
bradg103,CHN187905080,TRN,1,,t
wardm101,BFN187905100,PRO,1,,t
bradg103,CHN187905100,TRN,1,,t
bradg103,BFN187905130,TRN,1,,t
wardm101,CHN187905130,PRO,1,,t
wardm101,CHN187905150,PRO,1,,t
bradg103,BFN187905160,TRN,1,,t
bradg103,BFN187905170,TRN,1,,t
wardm101,CHN187905170,PRO,1,,t
mccoh101,BFN187905200,SR1,1,,t
bondt101,CHN187905200,BSN,1,,t
mccoh101,BFN187905220,SR1,1,,t
bondt101,CHN187905220,BSN,1,,t
purcb101,BFN187905240,SR1,1,,t
bondt101,CHN187905240,BSN,1,,t
larkt101,BSN187905280,CHN,1,,t
galvj103,PRO187905280,BFN,1,,t
whitw103,TRN187905280,CN1,1,,t
larkt101,BSN187905300,CHN,1,,t
galvj103,PRO187905300,BFN,1,,t
whitw103,TRN187905300,CN1,1,,t
larkt101,BSN187905310,CHN,1,,t
galvj103,PRO187905310,BFN,1,,t
whitw103,TRN187905310,CN1,1,,t
larkt101,PRO187906050,CHN,1,,t
mitcr102,TRN187906050,CL2,1,,t
galvj103,BSN187906060,BFN,1,,t
larkt101,PRO187906060,CHN,1,,t
mcgub101,BSN187906070,BFN,1,,t
larkt101,PRO187906070,CHN,1,,t
mitcr102,TRN187906070,CL2,1,,t
mcgub101,BSN187906090,BFN,1,,t
mitcr102,BSN187906100,CL2,1,,t
whitw103,PRO187906100,CN1,1,,t
larkt101,TRN187906100,CHN,1,,t
larkt101,TRN187906110,CHN,1,,t
larkt101,TRN187906120,CHN,1,,t
whitw103,PRO187906140,CN1,1,,t
larkt101,TRN187906140,CHN,1,,t
whitw103,BSN187906170,CN1,1,,t
galvj103,TRN187906170,BFN,1,,t
whitw103,BSN187906190,CN1,1,,t
galvj103,TRN187906190,BFN,1,,t
galvj103,TRN187906200,BFN,1,,t
whitw103,BSN187906210,CN1,1,,t
mitcr102,PRO187906210,CL2,1,,t
mccoh101,TRN187906230,SR1,1,,t
wardm101,BSN187906240,PRO,1,,t
folec101,PRO187906250,BSN,1,,t
mccoh101,TRN187906250,SR1,1,,t
wardm101,BSN187906260,PRO,1,,t
mccoh101,TRN187906260,SR1,1,,t
bondt101,PRO187906270,BSN,1,,t
wardm101,BSN187906280,PRO,1,,t
whitw103,CHN187906280,CN1,1,,t
whitw103,CHN187907010,CN1,1,,t
folec101,PRO187907010,BSN,1,,t
whitw103,CHN187907020,CN1,1,,t
mitcr102,BFN187907040,CL2,1,,t
folec101,CHN187907040,BSN,1,,t
bradg103,PRO187907040,TRN,1,,t
folec101,CHN187907050,BSN,1,,t
bradg103,PRO187907050,TRN,1,,t
bradg103,PRO187907070,TRN,1,,t
folec101,CHN187907080,BSN,1,,t
mccoh101,CHN187907100,SR1,1,,t
purcb101,CHN187907110,SR1,1,,t
purcb101,CHN187907120,SR1,1,,t
bradg103,BFN187907121,TRN,1,,t
bradg103,BFN187907122,TRN,1,,t
bondt101,BFN187907150,BSN,1,,t
bradg103,CHN187907150,TRN,1,,t
folec101,BFN187907160,BSN,1,,t
bradg103,CHN187907160,TRN,1,,t
bondt101,BFN187907170,BSN,1,,t
bradg103,CHN187907170,TRN,1,,t
mccoh101,BFN187907190,SR1,1,,t
mathb101,CHN187907190,PRO,1,,t
mccoh101,BFN187907210,SR1,1,,t
mathb101,CHN187907210,PRO,1,,t
wardm101,CHN187907220,PRO,1,,t
wardm101,CHN187907230,PRO,1,,t
mathb101,BFN187907240,PRO,1,,t
whitw103,CHN187907250,CN1,1,,t
wardm101,BFN187907260,PRO,1,,t
whitw103,CHN187907260,CN1,1,,t
mathb101,BFN187907280,PRO,1,,t
whitw103,CHN187907280,CN1,1,,t
mitcr102,CHN187907300,CL2,1,,t
bondt101,TRN187907300,BSN,1,,t
mitcr102,CHN187907310,CL2,1,,t
bondt101,TRN187907310,BSN,1,,t
mitcr102,CHN187908020,CL2,1,,t
bondt101,TRN187908020,BSN,1,,t
galvj103,CHN187908050,BFN,1,,t
mathb101,TRN187908050,PRO,1,,t
galvj103,CHN187908060,BFN,1,,t
mathb101,TRN187908060,PRO,1,,t
galvj103,CHN187908070,BFN,1,,t
mathb101,TRN187908070,PRO,1,,t
bondt101,TRN187908090,BSN,1,,t
bondt101,TRN187908110,BSN,1,,t
bondt101,TRN187908120,BSN,1,,t
wardm101,TRN187908130,PRO,1,,t
mccoh101,BSN187908140,SR1,1,,t
wardm101,TRN187908140,PRO,1,,t
mccoh101,BSN187908150,SR1,1,,t
neagj101,BFN187908150,CN1,1,,t
wardm101,TRN187908150,PRO,1,,t
bradg103,BSN187908190,TRN,1,,t
galvj103,CHN187908190,BFN,1,,t
mccoh101,PRO187908190,SR1,1,,t
bradg103,BSN187908200,TRN,1,,t
galvj103,CHN187908200,BFN,1,,t
purcb101,PRO187908200,SR1,1,,t
broud101,BSN187908210,TRN,1,,t
galvj103,CHN187908210,BFN,1,,t
mccoh101,PRO187908210,SR1,1,,t
mccoh101,BSN187908220,SR1,1,,t
purcb101,BSN187908230,SR1,1,,t
gardg102,PRO187908230,TRN,1,,t
gardg102,PRO187908250,TRN,1,,t
purcb101,BSN187908260,SR1,1,,t
bradg103,PRO187908260,TRN,1,,t
mccoh101,BSN187908270,SR1,1,,t
salih101,BSN187908280,TRN,1,,t
hankf101,BFN187908280,CHN,1,,t
mccoh101,PRO187908280,SR1,1,,t
salih101,BSN187908290,TRN,1,,t
mccoh101,PRO187908290,SR1,1,,t
salih101,BSN187908300,TRN,1,,t
hankf101,BFN187908300,CHN,1,,t
mccoh101,PRO187908300,SR1,1,,t
hankf101,BFN187909010,CHN,1,,t
galvj103,BSN187909030,BFN,1,,t
hankf101,PRO187909030,CHN,1,,t
mitcr102,TRN187909030,CL2,1,,t
hankf101,PRO187909040,CHN,1,,t
mitcr102,TRN187909040,CL2,1,,t
mcgub101,BSN187909050,BFN,1,,t
galvj103,BSN187909060,BFN,1,,t
larkt101,PRO187909060,CHN,1,,t
hankf101,BSN187909080,CHN,1,,t
galvj103,PRO187909080,BFN,1,,t
whitw103,TRN187909080,CN1,1,,t
larkt101,BSN187909090,CHN,1,,t
galvj103,PRO187909090,BFN,1,,t
larkt101,BSN187909100,CHN,1,,t
galvj103,PRO187909100,BFN,1,,t
whitw103,TRN187909100,CN1,1,,t
whitw103,TRN187909110,CN1,1,,t
whitw103,BSN187909120,CN1,1,,t
mcgub101,TRN187909120,BFN,1,,t
whitw103,BSN187909130,CN1,1,,t
mcgub101,TRN187909130,BFN,1,,t
whitw103,BSN187909150,CN1,1,,t
galvj103,TRN187909150,BFN,1,,t
mcgub101,TRN187909160,BFN,1,,t
whitw103,PRO187909170,CN1,1,,t
larkt101,TRN187909170,CHN,1,,t
whitw103,PRO187909180,CN1,1,,t
whitw103,PRO187909190,CN1,1,,t
larkt101,TRN187909190,CHN,1,,t
larkt101,TRN187909200,CHN,1,,t
purcb101,BFN187909220,CN1,1,,t
mathb101,BSN187909230,PRO,1,,t
purcb101,BFN187909230,CN1,1,,t
whitw103,BFN187909240,CN1,1,,t
wardm101,BSN187909250,PRO,1,,t
whitw103,BFN187909250,CN1,1,,t
hankf101,BFN187909260,CHN,1,,t
tyngj101,PRO187909260,BSN,1,,t
wardm101,BSN187909270,PRO,1,,t
hankf101,BFN187909270,CHN,1,,t
hankf101,BFN187909290,CHN,1,,t
folec101,PRO187909290,BSN,1,,t
hankf101,BFN187909300,CHN,1,,t
bondt101,PRO187909300,BSN,1,,t
galvj103,BFN187905010,BFN,1,,t
larkt101,CHN187905010,CHN,1,,t
galvj103,BFN187905020,BFN,1,,t
larkt101,CHN187905020,CHN,1,,t
galvj103,BFN187905030,BFN,1,,t
larkt101,CHN187905050,CHN,1,,t
galvj103,BFN187905060,BFN,1,,t
larkt101,CHN187905060,CHN,1,,t
galvj103,BFN187905080,BFN,1,,t
larkt101,CHN187905080,CHN,1,,t
galvj103,BFN187905100,BFN,1,,t
larkt101,CHN187905100,CHN,1,,t
galvj103,BFN187905130,BFN,1,,t
larkt101,CHN187905130,CHN,1,,t
larkt101,CHN187905150,CHN,1,,t
galvj103,BFN187905160,BFN,1,,t
galvj103,BFN187905170,BFN,1,,t
larkt101,CHN187905170,CHN,1,,t
galvj103,BFN187905200,BFN,1,,t
larkt101,CHN187905200,CHN,1,,t
galvj103,BFN187905220,BFN,1,,t
larkt101,CHN187905220,CHN,1,,t
galvj103,BFN187905240,BFN,1,,t
larkt101,CHN187905240,CHN,1,,t
bondt101,BSN187905280,BSN,1,,t
wardm101,PRO187905280,PRO,1,,t
bradg103,TRN187905280,TRN,1,,t
bondt101,BSN187905300,BSN,1,,t
wardm101,PRO187905300,PRO,1,,t
bradg103,TRN187905300,TRN,1,,t
folec101,BSN187905310,BSN,1,,t
wardm101,PRO187905310,PRO,1,,t
bradg103,TRN187905310,TRN,1,,t
wardm101,PRO187906050,PRO,1,,t
bradg103,TRN187906050,TRN,1,,t
bondt101,BSN187906060,BSN,1,,t
wardm101,PRO187906060,PRO,1,,t
bondt101,BSN187906070,BSN,1,,t
wardm101,PRO187906070,PRO,1,,t
bradg103,TRN187906070,TRN,1,,t
bondt101,BSN187906090,BSN,1,,t
bondt101,BSN187906100,BSN,1,,t
wardm101,PRO187906100,PRO,1,,t
bradg103,TRN187906100,TRN,1,,t
bradg103,TRN187906110,TRN,1,,t
bondt101,BSN187906120,BSN,1,,t
bradg103,TRN187906120,TRN,1,,t
wardm101,PRO187906130,PRO,1,,t
bondt101,BSN187906140,BSN,1,,t
wardm101,PRO187906140,PRO,1,,t
bradg103,TRN187906140,TRN,1,,t
folec101,BSN187906170,BSN,1,,t
wardm101,PRO187906170,PRO,1,,t
bradg103,TRN187906170,TRN,1,,t
folec101,BSN187906190,BSN,1,,t
wardm101,PRO187906190,PRO,1,,t
bradg103,TRN187906190,TRN,1,,t
bradg103,TRN187906200,TRN,1,,t
folec101,BSN187906210,BSN,1,,t
wardm101,PRO187906210,PRO,1,,t
bradg103,TRN187906230,TRN,1,,t
folec101,BSN187906240,BSN,1,,t
galvj103,BFN187906240,BFN,1,,t
galvj103,BFN187906250,BFN,1,,t
wardm101,PRO187906250,PRO,1,,t
bradg103,TRN187906250,TRN,1,,t
bondt101,BSN187906260,BSN,1,,t
bradg103,TRN187906260,TRN,1,,t
galvj103,BFN187906270,BFN,1,,t
wardm101,PRO187906270,PRO,1,,t
bondt101,BSN187906280,BSN,1,,t
larkt101,CHN187906280,CHN,1,,t
larkt101,CHN187907010,CHN,1,,t
wardm101,PRO187907010,PRO,1,,t
larkt101,CHN187907020,CHN,1,,t
galvj103,BFN187907040,BFN,1,,t
larkt101,CHN187907040,CHN,1,,t
wardm101,PRO187907040,PRO,1,,t
galvj103,BFN187907050,BFN,1,,t
larkt101,CHN187907050,CHN,1,,t
wardm101,PRO187907050,PRO,1,,t
wardm101,PRO187907070,PRO,1,,t
galvj103,BFN187907080,BFN,1,,t
hankf101,CHN187907080,CHN,1,,t
hankf101,CHN187907100,CHN,1,,t
hankf101,CHN187907110,CHN,1,,t
larkt101,CHN187907120,CHN,1,,t
galvj103,BFN187907121,BFN,1,,t
galvj103,BFN187907122,BFN,1,,t
galvj103,BFN187907150,BFN,1,,t
hankf101,CHN187907150,CHN,1,,t
galvj103,BFN187907160,BFN,1,,t
hankf101,CHN187907160,CHN,1,,t
mcgub101,BFN187907170,BFN,1,,t
hankf101,CHN187907170,CHN,1,,t
galvj103,BFN187907190,BFN,1,,t
larkt101,CHN187907190,CHN,1,,t
galvj103,BFN187907210,BFN,1,,t
larkt101,CHN187907210,CHN,1,,t
larkt101,CHN187907220,CHN,1,,t
hankf101,CHN187907230,CHN,1,,t
galvj103,BFN187907240,BFN,1,,t
hankf101,CHN187907250,CHN,1,,t
galvj103,BFN187907260,BFN,1,,t
hankf101,CHN187907260,CHN,1,,t
galvj103,BFN187907280,BFN,1,,t
larkt101,CHN187907280,CHN,1,,t
larkt101,CHN187907300,CHN,1,,t
broud101,TRN187907300,TRN,1,,t
larkt101,CHN187907310,CHN,1,,t
bradg103,TRN187907310,TRN,1,,t
larkt101,CHN187908020,CHN,1,,t
bradg103,TRN187908020,TRN,1,,t
larkt101,CHN187908050,CHN,1,,t
bradg103,TRN187908050,TRN,1,,t
larkt101,CHN187908060,CHN,1,,t
bradg103,TRN187908060,TRN,1,,t
larkt101,CHN187908070,CHN,1,,t
bradg103,TRN187908070,TRN,1,,t
bradg103,TRN187908090,TRN,1,,t
bradg103,TRN187908110,TRN,1,,t
bradg103,TRN187908120,TRN,1,,t
mcmap101,TRN187908130,TRN,1,,t
bondt101,BSN187908140,BSN,1,,t
bradg103,TRN187908140,TRN,1,,t
bondt101,BSN187908150,BSN,1,,t
galvj103,BFN187908150,BFN,1,,t
bradg103,TRN187908150,TRN,1,,t
bondt101,BSN187908190,BSN,1,,t
larkt101,CHN187908190,CHN,1,,t
mathb101,PRO187908190,PRO,1,,t
bondt101,BSN187908200,BSN,1,,t
hankf101,CHN187908200,CHN,1,,t
mathb101,PRO187908200,PRO,1,,t
bondt101,BSN187908210,BSN,1,,t
hankf101,CHN187908210,CHN,1,,t
mathb101,PRO187908210,PRO,1,,t
bondt101,BSN187908220,BSN,1,,t
bondt101,BSN187908230,BSN,1,,t
hankf101,CHN187908230,CHN,1,,t
mathb101,PRO187908230,PRO,1,,t
hankf101,CHN187908250,CHN,1,,t
wardm101,PRO187908250,PRO,1,,t
bondt101,BSN187908260,BSN,1,,t
hankf101,CHN187908260,CHN,1,,t
wardm101,PRO187908260,PRO,1,,t
bondt101,BSN187908270,BSN,1,,t
bondt101,BSN187908280,BSN,1,,t
galvj103,BFN187908280,BFN,1,,t
wardm101,PRO187908280,PRO,1,,t
bondt101,BSN187908290,BSN,1,,t
wardm101,PRO187908290,PRO,1,,t
bondt101,BSN187908300,BSN,1,,t
galvj103,BFN187908300,BFN,1,,t
wardm101,PRO187908300,PRO,1,,t
galvj103,BFN187909010,BFN,1,,t
bondt101,BSN187909030,BSN,1,,t
wardm101,PRO187909030,PRO,1,,t
salih101,TRN187909030,TRN,1,,t
mathb101,PRO187909040,PRO,1,,t
salih101,TRN187909040,TRN,1,,t
bondt101,BSN187909050,BSN,1,,t
salih101,TRN187909050,TRN,1,,t
bondt101,BSN187909060,BSN,1,,t
mathb101,PRO187909060,PRO,1,,t
salih101,TRN187909060,TRN,1,,t
bondt101,BSN187909080,BSN,1,,t
mathb101,PRO187909080,PRO,1,,t
salih101,TRN187909080,TRN,1,,t
bondt101,BSN187909090,BSN,1,,t
mathb101,PRO187909090,PRO,1,,t
bondt101,BSN187909100,BSN,1,,t
mathb101,PRO187909100,PRO,1,,t
salih101,TRN187909100,TRN,1,,t
salih101,TRN187909110,TRN,1,,t
bondt101,BSN187909120,BSN,1,,t
wardm101,PRO187909120,PRO,1,,t
goldf101,TRN187909120,TRN,1,,t
bondt101,BSN187909130,BSN,1,,t
mathb101,PRO187909130,PRO,1,,t
goldf101,TRN187909130,TRN,1,,t
bondt101,BSN187909150,BSN,1,,t
mathb101,PRO187909150,PRO,1,,t
goldf101,TRN187909150,TRN,1,,t
goldf101,TRN187909160,TRN,1,,t
folec101,BSN187909170,BSN,1,,t
mathb101,PRO187909170,PRO,1,,t
goldf101,TRN187909170,TRN,1,,t
mathb101,PRO187909180,PRO,1,,t
bondt101,BSN187909190,BSN,1,,t
wardm101,PRO187909190,PRO,1,,t
goldf101,TRN187909190,TRN,1,,t
folec101,BSN187909200,BSN,1,,t
goldf101,TRN187909200,TRN,1,,t
galvj103,BFN187909220,BFN,1,,t
tyngj101,BSN187909230,BSN,1,,t
galvj103,BFN187909230,BFN,1,,t
mcgub101,BFN187909240,BFN,1,,t
tyngj101,BSN187909250,BSN,1,,t
galvj103,BFN187909250,BFN,1,,t
galvj103,BFN187909260,BFN,1,,t
wardm101,PRO187909260,PRO,1,,t
richl104,BSN187909270,BSN,1,,t
mcgub101,BFN187909270,BFN,1,,t
mcgub101,BFN187909290,BFN,1,,t
wardm101,PRO187909290,PRO,1,,t
mcgub101,BFN187909300,BFN,1,,t
wardm101,PRO187909300,PRO,1,,t
