id,game_id,team_id,field_pos,batt_ord,start
boarf101,KEO187505040,UMP,ump_hp,,t
boarf101,KEO187505050,UMP,ump_hp,,t
boarf101,KEO187505060,UMP,ump_hp,,t
boarf101,KEO187505080,UMP,ump_hp,,t
mackd101,KEO187505120,UMP,ump_hp,,t
mackd101,KEO187505130,UMP,ump_hp,,t
obrip901,KEO187506100,UMP,ump_hp,,t
stahg901,KEO187506140,UMP,ump_hp,,t
woodj106,KEO187505040,CH2,manager,,t
woodj106,KEO187505050,CH2,manager,,t
sweac101,KEO187505060,SL1,manager,,t
sweac101,KEO187505080,SL1,manager,,t
peard102,KEO187505120,SL2,manager,,t
peard102,KEO187505130,SL2,manager,,t
wrigh101,KEO187506100,BS1,manager,,t
hickn101,KEO187506140,NY2,manager,,t
simmj101,KEO187505040,KEO,manager,,t
simmj101,KEO187505050,KEO,manager,,t
simmj101,KEO187505060,KEO,manager,,t
simmj101,KEO187505080,KEO,manager,,t
simmj101,KEO187505120,KEO,manager,,t
simmj101,KEO187505130,KEO,manager,,t
simmj101,KEO187506100,KEO,manager,,t
simmj101,KEO187506140,KEO,manager,,t
zettg101,KEO187505040,CH2,1,,t
zettg101,KEO187505050,CH2,1,,t
morgp101,KEO187505060,SL1,1,,t
blonj101,KEO187505080,SL1,1,,t
fleef101,KEO187505120,SL2,1,,t
fleef101,KEO187505130,SL2,1,,t
spala101,KEO187506100,BS1,1,,t
mathb101,KEO187506140,NY2,1,,t
goldm101,KEO187505040,KEO,1,,t
goldm101,KEO187505050,KEO,1,,t
goldm101,KEO187505060,KEO,1,,t
goldm101,KEO187505080,KEO,1,,t
goldm101,KEO187505120,KEO,1,,t
goldm101,KEO187505130,KEO,1,,t
goldm101,KEO187506100,KEO,1,,t
goldm101,KEO187506140,KEO,1,,t
