season,id,league,division
1871,BS1,,
1871,CH1,,
1871,CL1,,
1871,FW1,,
1871,NY2,,
1871,PH1,,
1871,RC1,,
1871,TRO,,
1871,WS3,,
1872,BL1,,
1872,BR1,,
1872,BR2,,
1872,BS1,,
1872,CL1,,
1872,MID,,
1872,NY2,,
1872,PH1,,
1872,TRO,,
1872,WS3,,
1872,WS4,,
1873,BL1,,
1873,BL4,,
1873,BR2,,
1873,BS1,,
1873,ELI,,
1873,NY2,,
1873,PH1,,
1873,PH2,,
1873,WS5,,
1874,BL1,,
1874,BR2,,
1874,BS1,,
1874,CH2,,
1874,HR1,,
1874,NY2,,
1874,PH1,,
1874,PH2,,
1875,BR2,,
1875,BS1,,
1875,CH2,,
1875,HR1,,
1875,KEO,,
1875,NH1,,
1875,NY2,,
1875,PH1,,
1875,PH2,,
1875,PH3,,
1875,SL1,,
1875,SL2,,
1875,WS6,,
1876,BSN,NL,
1876,CHN,NL,
1876,CN1,NL,
1876,HAR,NL,
1876,LS1,NL,
1876,NY3,NL,
1876,PHN,NL,
1876,SL3,NL,
1877,BSN,NL,
1877,CHN,NL,
1877,CN1,NL,
1877,HAR,NL,
1877,LS1,NL,
1877,SL3,NL,
1878,BSN,NL,
1878,CHN,NL,
1878,CN1,NL,
1878,IN1,NL,
1878,ML2,NL,
1878,PRO,NL,
1879,BFN,NL,
1879,BSN,NL,
1879,CHN,NL,
1879,CL2,NL,
1879,CN1,NL,
1879,PRO,NL,
1879,SR1,NL,
1879,TRN,NL,
1880,BFN,NL,
1880,BSN,NL,
1880,CHN,NL,
1880,CL2,NL,
1880,CN1,NL,
1880,PRO,NL,
1880,TRN,NL,
1880,WOR,NL,
1881,BFN,NL,
1881,BSN,NL,
1881,CHN,NL,
1881,CL2,NL,
1881,DTN,NL,
1881,PRO,NL,
1881,TRN,NL,
1881,WOR,NL,
1882,BFN,NL,
1882,BL2,AA,
1882,BSN,NL,
1882,CHN,NL,
1882,CL2,NL,
1882,CN2,AA,
1882,DTN,NL,
1882,LS2,AA,
1882,PH4,AA,
1882,PRO,NL,
1882,PT1,AA,
1882,SL4,AA,
1882,TRN,NL,
1882,WOR,NL,
1883,BFN,NL,
1883,BL2,AA,
1883,BSN,NL,
1883,CHN,NL,
1883,CL2,NL,
1883,CL5,AA,
1883,CN2,AA,
1883,DTN,NL,
1883,LS2,AA,
1883,NY1,NL,
1883,NY4,AA,
1883,PH4,AA,
1883,PHI,NL,
1883,PRO,NL,
1883,PT1,AA,
1883,SL4,AA,
1884,ALT,UA,
1884,BFN,NL,
1884,BL2,AA,
1884,BLU,UA,
1884,BR3,AA,
1884,BSN,NL,
1884,BSU,UA,
1884,CHN,NL,
1884,CHU,UA,
1884,CL2,NL,
1884,CL5,AA,
1884,CN2,AA,
1884,CNU,UA,
1884,DTN,NL,
1884,IN2,AA,
1884,KCU,UA,
1884,LS2,AA,
1884,MLU,UA,
1884,NY1,NL,
1884,NY4,AA,
1884,PH4,AA,
1884,PHI,NL,
1884,PHU,UA,
1884,PRO,NL,
1884,PT1,AA,
1884,RIC,AA,
1884,SL4,AA,
1884,SLU,UA,
1884,SPU,UA,
1884,TL1,AA,
1884,WIL,UA,
1884,WS7,AA,
1884,WSU,UA,
1885,BFN,NL,
1885,BL2,AA,
1885,BR3,AA,
1885,BSN,NL,
1885,CHN,NL,
1885,CN2,AA,
1885,DTN,NL,
1885,LS2,AA,
1885,NY1,NL,
1885,NY4,AA,
1885,PH4,AA,
1885,PHI,NL,
1885,PRO,NL,
1885,PT1,AA,
1885,SL4,AA,
1885,SL5,NL,
1886,BL2,AA,
1886,BR3,AA,
1886,BSN,NL,
1886,CHN,NL,
1886,CN2,AA,
1886,DTN,NL,
1886,KCN,NL,
1886,LS2,AA,
1886,NY1,NL,
1886,NY4,AA,
1886,PH4,AA,
1886,PHI,NL,
1886,PT1,AA,
1886,SL4,AA,
1886,SL5,NL,
1886,WS8,NL,
1887,BL2,AA,
1887,BR3,AA,
1887,BSN,NL,
1887,CHN,NL,
1887,CL3,AA,
1887,CN2,AA,
1887,DTN,NL,
1887,IN3,NL,
1887,LS2,AA,
1887,NY1,NL,
1887,NY4,AA,
1887,PH4,AA,
1887,PHI,NL,
1887,PIT,NL,
1887,SL4,AA,
1887,WS8,NL,
1888,BL2,AA,
1888,BR3,AA,
1888,BSN,NL,
1888,CHN,NL,
1888,CL3,AA,
1888,CN2,AA,
1888,DTN,NL,
1888,IN3,NL,
1888,KC2,AA,
1888,LS2,AA,
1888,NY1,NL,
1888,PH4,AA,
1888,PHI,NL,
1888,PIT,NL,
1888,SL4,AA,
1888,WS8,NL,
1889,BL2,AA,
1889,BR3,AA,
1889,BSN,NL,
1889,CHN,NL,
1889,CL4,NL,
1889,CL6,AA,
1889,CN2,AA,
1889,IN3,NL,
1889,KC2,AA,
1889,LS2,AA,
1889,NY1,NL,
1889,PH4,AA,
1889,PHI,NL,
1889,PIT,NL,
1889,SL4,AA,
1889,WS8,NL,
1890,BFP,PL,
1890,BL3,AA,
1890,BR4,AA,
1890,BRO,NL,
1890,BRP,PL,
1890,BSN,NL,
1890,BSP,PL,
1890,CHN,NL,
1890,CHP,PL,
1890,CIN,NL,
1890,CL4,NL,
1890,CL6,AA,
1890,CLP,PL,
1890,LS2,AA,
1890,NY1,NL,
1890,NYP,PL,
1890,PH4,AA,
1890,PHI,NL,
1890,PHP,PL,
1890,PIT,NL,
1890,PTP,PL,
1890,RC2,AA,
1890,SL4,AA,
1890,SR2,AA,
1890,TL2,AA,
1891,BL3,AA,
1891,BRO,NL,
1891,BS2,AA,
1891,BSN,NL,
1891,CHN,NL,
1891,CIN,NL,
1891,CL4,NL,
1891,CL6,AA,
1891,CN3,AA,
1891,LS2,AA,
1891,ML3,AA,
1891,NY1,NL,
1891,PH4,AA,
1891,PHI,NL,
1891,PIT,NL,
1891,SL4,AA,
1891,WS9,AA,
1892,BLN,NL,
1892,BRO,NL,
1892,BSN,NL,
1892,CHN,NL,
1892,CIN,NL,
1892,CL4,NL,
1892,LS3,NL,
1892,NY1,NL,
1892,PHI,NL,
1892,PIT,NL,
1892,SLN,NL,
1892,WSN,NL,
1893,BLN,NL,
1893,BRO,NL,
1893,BSN,NL,
1893,CHN,NL,
1893,CIN,NL,
1893,CL4,NL,
1893,LS3,NL,
1893,NY1,NL,
1893,PHI,NL,
1893,PIT,NL,
1893,SLN,NL,
1893,WSN,NL,
1894,BLN,NL,
1894,BRO,NL,
1894,BSN,NL,
1894,CHN,NL,
1894,CIN,NL,
1894,CL4,NL,
1894,LS3,NL,
1894,NY1,NL,
1894,PHI,NL,
1894,PIT,NL,
1894,SLN,NL,
1894,WSN,NL,
1895,BLN,NL,
1895,BRO,NL,
1895,BSN,NL,
1895,CHN,NL,
1895,CIN,NL,
1895,CL4,NL,
1895,LS3,NL,
1895,NY1,NL,
1895,PHI,NL,
1895,PIT,NL,
1895,SLN,NL,
1895,WSN,NL,
1896,BLN,NL,
1896,BRO,NL,
1896,BSN,NL,
1896,CHN,NL,
1896,CIN,NL,
1896,CL4,NL,
1896,LS3,NL,
1896,NY1,NL,
1896,PHI,NL,
1896,PIT,NL,
1896,SLN,NL,
1896,WSN,NL,
1897,BLN,NL,
1897,BRO,NL,
1897,BSN,NL,
1897,CHN,NL,
1897,CIN,NL,
1897,CL4,NL,
1897,LS3,NL,
1897,NY1,NL,
1897,PHI,NL,
1897,PIT,NL,
1897,SLN,NL,
1897,WSN,NL,
1898,BLN,NL,
1898,BRO,NL,
1898,BSN,NL,
1898,CHN,NL,
1898,CIN,NL,
1898,CL4,NL,
1898,LS3,NL,
1898,NY1,NL,
1898,PHI,NL,
1898,PIT,NL,
1898,SLN,NL,
1898,WSN,NL,
1899,BLN,NL,
1899,BRO,NL,
1899,BSN,NL,
1899,CHN,NL,
1899,CIN,NL,
1899,CL4,NL,
1899,LS3,NL,
1899,NY1,NL,
1899,PHI,NL,
1899,PIT,NL,
1899,SLN,NL,
1899,WSN,NL,
1900,BRO,NL,
1900,BSN,NL,
1900,CHN,NL,
1900,CIN,NL,
1900,NY1,NL,
1900,PHI,NL,
1900,PIT,NL,
1900,SLN,NL,
1901,BLA,AL,
1901,BOS,AL,
1901,BRO,NL,
1901,BSN,NL,
1901,CHA,AL,
1901,CHN,NL,
1901,CIN,NL,
1901,CLE,AL,
1901,DET,AL,
1901,MLA,AL,
1901,NY1,NL,
1901,PHA,AL,
1901,PHI,NL,
1901,PIT,NL,
1901,SLN,NL,
1901,WS1,AL,
1902,BLA,AL,
1902,BOS,AL,
1902,BRO,NL,
1902,BSN,NL,
1902,CHA,AL,
1902,CHN,NL,
1902,CIN,NL,
1902,CLE,AL,
1902,DET,AL,
1902,NY1,NL,
1902,PHA,AL,
1902,PHI,NL,
1902,PIT,NL,
1902,SLA,AL,
1902,SLN,NL,
1902,WS1,AL,
1903,BOS,AL,
1903,BRO,NL,
1903,BSN,NL,
1903,CHA,AL,
1903,CHN,NL,
1903,CIN,NL,
1903,CLE,AL,
1903,CUX,,
1903,DET,AL,
1903,NY1,NL,
1903,NYA,AL,
1903,PHA,AL,
1903,PHG,,
1903,PHI,NL,
1903,PIT,NL,
1903,SLA,AL,
1903,SLN,NL,
1903,WS1,AL,
1904,BOS,AL,
1904,BRG,,
1904,BRO,NL,
1904,BSN,NL,
1904,CHA,AL,
1904,CHN,NL,
1904,CIN,NL,
1904,CLE,AL,
1904,CUX,,
1904,DET,AL,
1904,NY1,NL,
1904,NYA,AL,
1904,PHA,AL,
1904,PHG,,
1904,PHI,NL,
1904,PIT,NL,
1904,SLA,AL,
1904,SLN,NL,
1904,WS1,AL,
1905,BOS,AL,
1905,BRO,NL,
1905,BSN,NL,
1905,CHA,AL,
1905,CHN,NL,
1905,CIN,NL,
1905,CLE,AL,
1905,DET,AL,
1905,NY1,NL,
1905,NYA,AL,
1905,PHA,AL,
1905,PHI,NL,
1905,PIT,NL,
1905,SLA,AL,
1905,SLN,NL,
1905,WS1,AL,
1906,BOS,AL,
1906,BRO,NL,
1906,BSN,NL,
1906,CHA,AL,
1906,CHN,NL,
1906,CIN,NL,
1906,CLE,AL,
1906,DET,AL,
1906,NY1,NL,
1906,NYA,AL,
1906,PHA,AL,
1906,PHI,NL,
1906,PIT,NL,
1906,SLA,AL,
1906,SLN,NL,
1906,WS1,AL,
1907,BOS,AL,
1907,BRO,NL,
1907,BSN,NL,
1907,CHA,AL,
1907,CHN,NL,
1907,CIN,NL,
1907,CLE,AL,
1907,DET,AL,
1907,NY1,NL,
1907,NYA,AL,
1907,PHA,AL,
1907,PHI,NL,
1907,PIT,NL,
1907,SLA,AL,
1907,SLN,NL,
1907,WS1,AL,
1908,BOS,AL,
1908,BRO,NL,
1908,BSN,NL,
1908,CHA,AL,
1908,CHN,NL,
1908,CIN,NL,
1908,CLE,AL,
1908,DET,AL,
1908,NY1,NL,
1908,NYA,AL,
1908,PHA,AL,
1908,PHI,NL,
1908,PIT,NL,
1908,SLA,AL,
1908,SLN,NL,
1908,WS1,AL,
1909,BOS,AL,
1909,BRO,NL,
1909,BSN,NL,
1909,CHA,AL,
1909,CHN,NL,
1909,CIN,NL,
1909,CLE,AL,
1909,DET,AL,
1909,NY1,NL,
1909,NYA,AL,
1909,PHA,AL,
1909,PHI,NL,
1909,PIT,NL,
1909,SLA,AL,
1909,SLN,NL,
1909,WS1,AL,
1910,BOS,AL,
1910,BRO,NL,
1910,BSN,NL,
1910,CHA,AL,
1910,CHN,NL,
1910,CIN,NL,
1910,CLE,AL,
1910,DET,AL,
1910,NY1,NL,
1910,NYA,AL,
1910,PHA,AL,
1910,PHI,NL,
1910,PIT,NL,
1910,SLA,AL,
1910,SLN,NL,
1910,WS1,AL,
1911,BOS,AL,
1911,BRG,,
1911,BRO,NL,
1911,BSN,NL,
1911,CAG,,
1911,CG1,,
1911,CHA,AL,
1911,CHN,NL,
1911,CIN,NL,
1911,CLE,AL,
1911,CUW,,
1911,DET,AL,
1911,IN4,,
1911,NY1,NL,
1911,NYA,AL,
1911,NYL,,
1911,PHA,AL,
1911,PHI,NL,
1911,PIT,NL,
1911,SLA,AL,
1911,SLG,,
1911,SLN,NL,
1911,WS1,AL,
1912,BOS,AL,
1912,BRG,,
1912,BRO,NL,
1912,BSN,NL,
1912,CAG,,
1912,CG1,,
1912,CHA,AL,
1912,CHN,NL,
1912,CIN,NL,
1912,CLE,AL,
1912,CUW,,
1912,DET,AL,
1912,IN4,,
1912,NY1,NL,
1912,NYA,AL,
1912,NYL,,
1912,PHA,AL,
1912,PHI,NL,
1912,PIT,NL,
1912,SLA,AL,
1912,SLG,,
1912,SLN,NL,
1912,WS1,AL,
1913,BOS,AL,
1913,BRG,,
1913,BRO,NL,
1913,BSN,NL,
1913,CAG,,
1913,CG1,,
1913,CHA,AL,
1913,CHN,NL,
1913,CIN,NL,
1913,CLE,AL,
1913,CUW,,
1913,DET,AL,
1913,IN4,,
1913,NY1,NL,
1913,NYA,AL,
1913,NYL,,
1913,PHA,AL,
1913,PHI,NL,
1913,PIT,NL,
1913,SLA,AL,
1913,SLG,,
1913,SLN,NL,
1913,WS1,AL,
1914,BLF,FL,
1914,BOS,AL,
1914,BRF,FL,
1914,BRG,,
1914,BRO,NL,
1914,BSN,NL,
1914,BUF,FL,
1914,CAG,,
1914,CG1,,
1914,CHA,AL,
1914,CHF,FL,
1914,CHN,NL,
1914,CIN,NL,
1914,CLE,AL,
1914,CUW,,
1914,DET,AL,
1914,IN4,,
1914,IND,FL,
1914,KCF,FL,
1914,NY1,NL,
1914,NYA,AL,
1914,NYL,,
1914,PHA,AL,
1914,PHI,NL,
1914,PIT,NL,
1914,PTF,FL,
1914,SLA,AL,
1914,SLF,FL,
1914,SLN,NL,
1914,WS1,AL,
1915,BLF,FL,
1915,BOS,AL,
1915,BRF,FL,
1915,BRO,NL,
1915,BSN,NL,
1915,BUF,FL,
1915,CAG,,
1915,CG1,,
1915,CHA,AL,
1915,CHF,FL,
1915,CHN,NL,
1915,CIN,NL,
1915,CLE,AL,
1915,CUW,,
1915,DET,AL,
1915,IN4,,
1915,KCF,FL,
1915,NEW,FL,
1915,NY1,NL,
1915,NYA,AL,
1915,NYL,,
1915,PHA,AL,
1915,PHI,NL,
1915,PIT,NL,
1915,PTF,FL,
1915,SLA,AL,
1915,SLF,FL,
1915,SLG,,
1915,SLN,NL,
1915,WS1,AL,
1916,ACY,,
1916,BOS,AL,
1916,BRG,,
1916,BRO,NL,
1916,BSN,NL,
1916,CAG,,
1916,CG1,,
1916,CHA,AL,
1916,CHN,NL,
1916,CIN,NL,
1916,CLE,AL,
1916,CUE,,
1916,CUW,,
1916,DET,AL,
1916,IN4,,
1916,NY1,NL,
1916,NYA,AL,
1916,NYL,,
1916,PHA,AL,
1916,PHI,NL,
1916,PIT,NL,
1916,SLA,AL,
1916,SLG,,
1916,SLN,NL,
1916,WS1,AL,
1917,ACY,,
1917,BOS,AL,
1917,BRG,,
1917,BRO,NL,
1917,BSN,NL,
1917,CAG,,
1917,CG1,,
1917,CHA,AL,
1917,CHN,NL,
1917,CIN,NL,
1917,CLE,AL,
1917,CUE,,
1917,CUW,,
1917,DET,AL,
1917,HIL,,
1917,IN4,,
1917,NY1,NL,
1917,NYA,AL,
1917,NYL,,
1917,PHA,AL,
1917,PHI,NL,
1917,PIT,NL,
1917,PRC,,
1917,SLA,AL,
1917,SLG,,
1917,SLN,NL,
1917,WS1,AL,
1918,ACY,,
1918,BOS,AL,
1918,BRG,,
1918,BRO,NL,
1918,BSN,NL,
1918,CAG,,
1918,CHA,AL,
1918,CHN,NL,
1918,CIN,NL,
1918,CLE,AL,
1918,CUE,,
1918,CUW,,
1918,DAY,,
1918,DET,AL,
1918,HIL,,
1918,HOM,,
1918,IN4,,
1918,NY1,NL,
1918,NYA,AL,
1918,NYL,,
1918,PHA,AL,
1918,PHI,NL,
1918,PIT,NL,
1918,PRC,,
1918,SLA,AL,
1918,SLN,NL,
1918,WS1,AL,
1919,ACY,,
1919,BOS,AL,
1919,BRG,,
1919,BRO,NL,
1919,BSN,NL,
1919,CAG,,
1919,CG1,,
1919,CHA,AL,
1919,CHN,NL,
1919,CIN,NL,
1919,CLE,AL,
1919,CUE,,
1919,CUW,,
1919,DAY,,
1919,DET,AL,
1919,DT1,,
1919,HIL,,
1919,NY1,NL,
1919,NYA,AL,
1919,NYL,,
1919,PHA,AL,
1919,PHI,NL,
1919,PIT,NL,
1919,SLA,AL,
1919,SLG,,
1919,SLN,NL,
1919,WS1,AL,
1920,ACY,,
1920,BLS,,
1920,BOS,AL,
1920,BRG,,
1920,BRO,NL,
1920,BSN,NL,
1920,CAG,NN1,
1920,CG1,NN1,
1920,CHA,AL,
1920,CHN,NL,
1920,CIN,NL,
1920,CLE,AL,
1920,CUE,,
1920,CUW,NN1,
1920,DAY,NN1,
1920,DET,AL,
1920,DT1,NN1,
1920,HIL,,
1920,IN4,NN1,
1920,KCM,NN1,
1920,NY1,NL,
1920,NYA,AL,
1920,NYL,,
1920,PHA,AL,
1920,PHI,NL,
1920,PIT,NL,
1920,PRC,,
1920,SLA,AL,
1920,SLG,NN1,
1920,SLN,NL,
1920,WS1,AL,
1921,ACY,,
1921,BLS,,
1921,BOS,AL,
1921,BRG,,
1921,BRO,NL,
1921,BSN,NL,
1921,CAG,NN1,
1921,CB1,NN1,
1921,CG1,NN1,
1921,CHA,AL,
1921,CHN,NL,
1921,CIN,NL,
1921,CLE,AL,
1921,CNN,NN1,
1921,CUE,,
1921,DET,AL,
1921,DT1,NN1,
1921,HIL,,
1921,HOM,,
1921,IN4,NN1,
1921,KCM,NN1,
1921,NY1,NL,
1921,NYA,AL,
1921,NYL,,
1921,PHA,AL,
1921,PHI,NL,
1921,PIT,NL,
1921,SLA,AL,
1921,SLG,NN1,
1921,SLN,NL,
1921,STA,,
1921,WS1,AL,
1922,ACY,,
1922,BLS,,
1922,BOS,AL,
1922,BRG,,
1922,BRO,NL,
1922,BSN,NL,
1922,CAG,NN1,
1922,CHA,AL,
1922,CHN,NL,
1922,CIN,NL,
1922,CLE,AL,
1922,CUE,,
1922,CUW,NN1,
1922,CV1,NN1,
1922,DET,AL,
1922,DT1,NN1,
1922,HIL,,
1922,HOM,,
1922,IN4,NN1,
1922,KCM,NN1,
1922,NBG,,
1922,NY1,NL,
1922,NYA,AL,
1922,NYL,,
1922,PHA,AL,
1922,PHI,NL,
1922,PIT,NL,
1922,PTK,NN1,
1922,SLA,AL,
1922,SLN,NL,
1922,SSN,NN1,
1922,WS1,AL,
1923,ACY,ECL,
1923,BIR,,
1923,BLS,ECL,
1923,BOS,AL,
1923,BRG,ECL,
1923,BRO,NL,
1923,BSN,NL,
1923,CAG,NN1,
1923,CHA,AL,
1923,CHN,NL,
1923,CIN,NL,
1923,CLE,AL,
1923,CUE,ECL,
1923,CUW,NN1,
1923,DET,AL,
1923,DT1,NN1,
1923,HIL,ECL,
1923,IN4,NN1,
1923,KCM,NN1,
1923,ML4,NN1,
1923,NY1,NL,
1923,NYA,AL,
1923,NYL,ECL,
1923,PHA,AL,
1923,PHI,NL,
1923,PIT,NL,
1923,SLA,AL,
1923,SLN,NL,
1923,SSN,NN1,
1923,TLN,NN1,
1923,WS1,AL,
1924,ACY,ECL,
1924,BIR,NN1,
1924,BLS,ECL,
1924,BOS,AL,
1924,BRG,ECL,
1924,BRO,NL,
1924,BSN,NL,
1924,CAG,NN1,
1924,CHA,AL,
1924,CHN,NL,
1924,CIN,NL,
1924,CLE,AL,
1924,CUE,ECL,
1924,CUW,NN1,
1924,CV2,NN1,
1924,DET,AL,
1924,DT1,NN1,
1924,HAE,ECL,
1924,HIL,ECL,
1924,HOM,,
1924,IN4,NN1,
1924,KCM,NN1,
1924,MEM,NN1,
1924,NY1,NL,
1924,NYA,AL,
1924,NYL,ECL,
1924,PHA,AL,
1924,PHI,NL,
1924,PIT,NL,
1924,SLA,AL,
1924,SLN,NL,
1924,SSN,NN1,
1924,WS1,AL,
1924,WSE,ECL,
1925,ACY,ECL,
1925,BIR,NN1,
1925,BLS,ECL,
1925,BOS,AL,
1925,BRG,ECL,
1925,BRO,NL,
1925,BSN,NL,
1925,BXG,,
1925,CAG,NN1,
1925,CHA,AL,
1925,CHN,NL,
1925,CIN,NL,
1925,CLE,AL,
1925,CUE,ECL,
1925,CUW,NN1,
1925,DET,AL,
1925,DT1,NN1,
1925,HAE,ECL,
1925,HIL,ECL,
1925,HOM,,
1925,IN4,NN1,
1925,KCM,NN1,
1925,MEM,NN1,
1925,NY1,NL,
1925,NYA,AL,
1925,NYL,ECL,
1925,PHA,AL,
1925,PHI,NL,
1925,PIR,,
1925,PIT,NL,
1925,PRG,,
1925,SLA,AL,
1925,SLN,NL,
1925,SSN,NN1,
1925,WHK,,
1925,WLE,ECL,
1925,WS1,AL,
1926,ACY,ECL,
1926,ALS,,
1926,BLS,ECL,
1926,BOS,AL,
1926,BRG,ECL,
1926,BRO,NL,
1926,BRS,,
1926,BSN,NL,
1926,CAG,NN1,
1926,CHA,AL,
1926,CHN,NL,
1926,CIN,NL,
1926,CLE,AL,
1926,CUE,ECL,
1926,CUW,NN1,
1926,CV3,NN1,
1926,DAY,NN1,
1926,DET,AL,
1926,DT1,NN1,
1926,HAE,ECL,
1926,HIL,ECL,
1926,HOM,,
1926,IN4,NN1,
1926,KCM,NN1,
1926,NWS,ECL,
1926,NY1,NL,
1926,NYA,AL,
1926,NYL,ECL,
1926,PHA,AL,
1926,PHI,NL,
1926,PIR,,
1926,PIT,NL,
1926,PRG,,
1926,SLA,AL,
1926,SLN,NL,
1926,SSN,NN1,
1926,WS1,AL,
1927,ACY,ECL,
1927,ALS,,
1927,ASB,,
1927,BIR,NN1,
1927,BLS,ECL,
1927,BOS,AL,
1927,BRG,ECL,
1927,BRO,NL,
1927,BSN,NL,
1927,CAG,NN1,
1927,CHA,AL,
1927,CHN,NL,
1927,CIN,NL,
1927,CLE,AL,
1927,CUE,ECL,
1927,CUW,NN1,
1927,CV4,NN1,
1927,DET,AL,
1927,DT1,NN1,
1927,HAE,ECL,
1927,HIL,ECL,
1927,HOM,,
1927,KCM,NN1,
1927,MEM,NN1,
1927,NY1,NL,
1927,NYA,AL,
1927,NYL,ECL,
1927,PHA,AL,
1927,PHI,NL,
1927,PIR,,
1927,PIT,NL,
1927,SLA,AL,
1927,SLN,NL,
1927,SSN,NN1,
1927,WS1,AL,
1928,ACY,ECL,
1928,ALS,,
1928,ASB,,
1928,BIR,NN1,
1928,BLS,ECL,
1928,BOS,AL,
1928,BRG,,
1928,BRO,NL,
1928,BSN,NL,
1928,CAG,NN1,
1928,CHA,AL,
1928,CHN,NL,
1928,CIN,NL,
1928,CLE,AL,
1928,CLG,,
1928,CUE,ECL,
1928,CUW,NN1,
1928,CV5,NN1,
1928,DET,AL,
1928,DT1,NN1,
1928,HIL,,
1928,HOM,,
1928,KCM,NN1,
1928,MEM,NN1,
1928,MLS,,
1928,NY1,NL,
1928,NYA,AL,
1928,NYL,ECL,
1928,PHA,AL,
1928,PHE,ECL,
1928,PHI,NL,
1928,PIR,,
1928,PIT,NL,
1928,SLA,AL,
1928,SLN,NL,
1928,SSN,NN1,
1928,WS1,AL,
1929,ACY,ANL,
1929,ALS,,
1929,ASB,,
1929,ASL,,
1929,BIR,NN1,
1929,BLS,ANL,
1929,BOS,AL,
1929,BRG,,
1929,BRO,NL,
1929,BSN,NL,
1929,CAG,NN1,
1929,CHA,AL,
1929,CHN,NL,
1929,CIN,NL,
1929,CLE,AL,
1929,CUE,ANL,
1929,CUW,NN1,
1929,DET,AL,
1929,DT1,NN1,
1929,HIL,ANL,
1929,HOM,ANL,
1929,KCM,NN1,
1929,MEM,NN1,
1929,NSH,,
1929,NY1,NL,
1929,NYA,AL,
1929,NYL,ANL,
1929,PHA,AL,
1929,PHI,NL,
1929,PIR,,
1929,PIT,NL,
1929,PRG,,
1929,SLA,AL,
1929,SLN,NL,
1929,SSN,NN1,
1929,WS1,AL,
1930,ALS,,
1930,ASB,,
1930,ASC,,
1930,ASG,,
1930,BIR,NN1,
1930,BLS,,
1930,BOS,AL,
1930,BRG,,
1930,BRO,NL,
1930,BSN,NL,
1930,CAG,NN1,
1930,CHA,AL,
1930,CHN,NL,
1930,CIN,NL,
1930,CLE,AL,
1930,CUW,NN1,
1930,DET,AL,
1930,DT1,NN1,
1930,HIL,,
1930,HOM,,
1930,KCM,NN1,
1930,KLK,,
1930,LS4,NN1,
1930,MEM,NN1,
1930,NSH,NN1,
1930,NY1,NL,
1930,NYA,AL,
1930,NYL,,
1930,PHA,AL,
1930,PHI,NL,
1930,PIR,,
1930,PIT,NL,
1930,PRG,,
1930,SLA,AL,
1930,SLN,NL,
1930,SSN,NN1,
1930,WS1,AL,
1931,ASB,,
1931,ASC,,
1931,ASO,,
1931,BLS,,
1931,BOS,AL,
1931,BRG,,
1931,BRO,NL,
1931,BSN,NL,
1931,CAG,NN1,
1931,CHA,AL,
1931,CHN,NL,
1931,CIN,NL,
1931,CLE,AL,
1931,CUH,,
1931,CV6,NN1,
1931,DET,AL,
1931,DT1,NN1,
1931,HAS,,
1931,HIL,,
1931,HOM,,
1931,IN5,NN1,
1931,KCM,,
1931,LS4,NN1,
1931,MLS,,
1931,NY1,NL,
1931,NYA,AL,
1931,PHA,AL,
1931,PHI,NL,
1931,PIR,,
1931,PIT,NL,
1931,PRG,,
1931,PTC,,
1931,SCU,,
1931,SLA,AL,
1931,SLN,NL,
1931,SSN,NN1,
1931,WS1,AL,
1932,ASB,,
1932,ATN,NSL,
1932,BIR,NSL,
1932,BLS,EW,
1932,BOS,AL,
1932,BRO,NL,
1932,BSN,NL,
1932,CAG,NSL,
1932,CHA,AL,
1932,CHN,NL,
1932,CIN,NL,
1932,CLE,AL,
1932,CUP,EW,
1932,CVS,EW,
1932,DET,AL,
1932,DTW,EW,
1932,HIL,EW,
1932,HOM,EW,
1932,IN4,NSL,
1932,KCM,,
1932,LRS,NSL,
1932,LS4,NSL,
1932,MEM,NSL,
1932,MNR,NSL,
1932,MTG,NSL,
1932,NLS,,
1932,NSH,NSL,
1932,NWW,EW,
1932,NY1,NL,
1932,NY5,,
1932,NYA,AL,
1932,PHA,AL,
1932,PHI,NL,
1932,PIT,NL,
1932,PTC,,
1932,SLA,AL,
1932,SLN,NL,
1932,WS1,AL,
1932,WSW,EW,
1933,AKR,NN2,
1933,ALS,AL,
1933,ASB,,
1933,ASD,,
1933,ASE,,
1933,ASW,,
1933,BLS,NN2,
1933,BOS,AL,
1933,BRG,,
1933,BRO,NL,
1933,BSN,NL,
1933,CAG,NN2,
1933,CB2,NN2,
1933,CHA,AL,
1933,CHN,NL,
1933,CIN,NL,
1933,CLE,AL,
1933,CV7,NN2,
1933,DET,AL,
1933,DI1,NN2,
1933,HOM,NN2,
1933,KCM,,
1933,NLS,NL,
1933,NSH,NN2,
1933,NY1,NL,
1933,NYA,AL,
1933,PHA,AL,
1933,PHI,NL,
1933,PIR,,
1933,PIT,NL,
1933,PRG,,
1933,PTC,NN2,
1933,SHV,,
1933,SLA,AL,
1933,SLN,NL,
1933,WS1,AL,
1934,ALS,AL,
1934,ASD,,
1934,ASE,,
1934,ASW,,
1934,BKB,,
1934,BLS,NN2,
1934,BOS,AL,
1934,BRO,NL,
1934,BSN,NL,
1934,CAG,NN2,
1934,CHA,AL,
1934,CHM,,
1934,CHN,NL,
1934,CIN,NL,
1934,CLE,AL,
1934,CV8,NN2,
1934,DET,AL,
1934,HOM,,
1934,KCM,,
1934,NLS,NL,
1934,NNS,,
1934,NSH,NN2,
1934,NW1,NN2,
1934,NY1,NL,
1934,NY5,,
1934,NYA,AL,
1934,PH5,NN2,
1934,PH6,NN2,
1934,PHA,AL,
1934,PHI,NL,
1934,PIR,,
1934,PIT,NL,
1934,PRG,,
1934,PTC,NN2,
1934,SLA,AL,
1934,SLN,NL,
1934,WHK,,
1934,WS1,AL,
1935,ALM,,
1935,ALS,AL,
1935,ASD,,
1935,ASE,,
1935,ASW,,
1935,BIS,,
1935,BOS,AL,
1935,BRN,NN2,
1935,BRO,NL,
1935,BRS,,
1935,BSN,NL,
1935,CAG,NN2,
1935,CHA,AL,
1935,CHN,NL,
1935,CIN,NL,
1935,CLE,AL,
1935,DET,AL,
1935,HOM,NN2,
1935,KCM,,
1935,MLS,,
1935,NAS,,
1935,NLS,NL,
1935,NNS,,
1935,NSH,NN2,
1935,NW1,NN2,
1935,NY1,NL,
1935,NY6,NN2,
1935,NYA,AL,
1935,PH5,NN2,
1935,PHA,AL,
1935,PHI,NL,
1935,PIR,,
1935,PIT,NL,
1935,PRG,,
1935,PTC,NN2,
1935,SAS,,
1935,SHR,,
1935,SLA,AL,
1935,SLN,NL,
1935,WS1,AL,
1936,ALS,AL,
1936,ASE,,
1936,ASW,,
1936,BOS,AL,
1936,BRG,,
1936,BRO,NL,
1936,BSN,NL,
1936,CAG,,
1936,CHA,AL,
1936,CHN,NL,
1936,CIN,NL,
1936,CLE,AL,
1936,DET,AL,
1936,HOM,NN2,
1936,KCM,,
1936,MLS,,
1936,NLS,NL,
1936,NNS,,
1936,NW2,NN2,
1936,NY1,NL,
1936,NY5,NN2,
1936,NY6,NN2,
1936,NYA,AL,
1936,PH5,NN2,
1936,PHA,AL,
1936,PHI,NL,
1936,PIT,NL,
1936,PTC,NN2,
1936,SLA,AL,
1936,SLN,NL,
1936,WEG,NN2,
1936,WS1,AL,
1937,ALS,AL,
1937,ASE,,
1937,ASW,,
1937,BIR,NAL,
1937,BOS,AL,
1937,BRG,,
1937,BRO,NL,
1937,BSN,NL,
1937,CAG,NAL,
1937,CHA,AL,
1937,CHN,NL,
1937,CI1,NAL,
1937,CIN,NL,
1937,CLE,AL,
1937,DET,AL,
1937,DT2,NAL,
1937,HOM,NN2,
1937,IN6,NAL,
1937,KCM,NAL,
1937,MEM,NAL,
1937,MLS,,
1937,NAL,,
1937,NAS,,
1937,NLS,NL,
1937,NNL,,
1937,NNS,,
1937,NW2,NN2,
1937,NY1,NL,
1937,NY5,NN2,
1937,NYA,AL,
1937,PH5,NN2,
1937,PHA,AL,
1937,PHI,NL,
1937,PIT,NL,
1937,PRG,,
1937,PTC,NN2,
1937,SAS,,
1937,SDO,,
1937,SLA,AL,
1937,SLN,NL,
1937,SSA,NAL,
1937,WEG,NN2,
1937,WHK,,
1937,WS1,AL,
1938,ALS,AL,
1938,ASE,,
1938,ASW,,
1938,ATN,NAL,
1938,BIR,NAL,
1938,BLG,NN2,
1938,BOS,AL,
1938,BRO,NL,
1938,BSN,NL,
1938,CAG,NAL,
1938,CHA,AL,
1938,CHN,NL,
1938,CIN,NL,
1938,CLE,AL,
1938,DET,AL,
1938,HOM,NN2,
1938,IN7,NAL,
1938,JAC,NAL,
1938,KCM,NAL,
1938,MEM,NAL,
1938,NAL,,
1938,NAS,,
1938,NLS,NL,
1938,NNL,,
1938,NW2,NN2,
1938,NY1,NL,
1938,NY5,NN2,
1938,NYA,AL,
1938,PH5,NN2,
1938,PHA,AL,
1938,PHI,NL,
1938,PIT,NL,
1938,PTC,NN2,
1938,SAS,,
1938,SLA,AL,
1938,SLN,NL,
1938,WBS,NN2,
1938,WS1,AL,
1939,ALS,AL,
1939,ASB,,
1939,ASE,,
1939,ASW,,
1939,ATN,NAL,
1939,BLG,NN2,
1939,BOS,AL,
1939,BRO,NL,
1939,BSN,NL,
1939,CAG,NAL,
1939,CHA,AL,
1939,CHN,NL,
1939,CIN,NL,
1939,CLE,AL,
1939,CV9,NAL,
1939,DET,AL,
1939,ECG,,
1939,HOM,NN2,
1939,KCM,NAL,
1939,MEM,NAL,
1939,MLS,,
1939,NAS,,
1939,NLS,NL,
1939,NNS,,
1939,NW2,NN2,
1939,NY1,NL,
1939,NY5,NN2,
1939,NY6,NN2,
1939,NYA,AL,
1939,PH5,NN2,
1939,PHA,AL,
1939,PHI,NL,
1939,PIR,,
1939,PIT,NL,
1939,PRG,,
1939,SAS,,
1939,SLA,AL,
1939,SLN,NL,
1939,SSA,NAL,
1939,TLC,,
1939,WS1,AL,
1940,ALS,AL,
1940,ASE,,
1940,AST,,
1940,ASW,,
1940,BIR,NAL,
1940,BLG,NN2,
1940,BOS,AL,
1940,BRO,NL,
1940,BSN,NL,
1940,CAG,NAL,
1940,CHA,AL,
1940,CHN,NL,
1940,CIN,NL,
1940,CLE,AL,
1940,CV9,NAL,
1940,DET,AL,
1940,HOM,NN2,
1940,IN8,NAL,
1940,KCM,NAL,
1940,MEM,NAL,
1940,NAS,,
1940,NLS,NL,
1940,NW2,NN2,
1940,NY1,NL,
1940,NY5,NN2,
1940,NY6,NN2,
1940,NYA,AL,
1940,PH5,NN2,
1940,PHA,AL,
1940,PHI,NL,
1940,PIT,NL,
1940,SAS,,
1940,SLA,AL,
1940,SLN,NL,
1940,SNO,NAL,
1940,WS1,AL,
1941,ALS,AL,
1941,ASE,,
1941,ASW,,
1941,BIR,NAL,
1941,BLG,NN2,
1941,BOS,AL,
1941,BRO,NL,
1941,BSN,NL,
1941,CAG,NAL,
1941,CHA,AL,
1941,CHN,NL,
1941,CIN,NL,
1941,CLE,AL,
1941,DET,AL,
1941,ECG,,
1941,HOM,NN2,
1941,JAX,NAL,
1941,KCM,NAL,
1941,MEM,NAL,
1941,MLS,,
1941,NLS,NL,
1941,NW2,NN2,
1941,NY1,NL,
1941,NY5,NN2,
1941,NY6,NN2,
1941,NYA,AL,
1941,PH5,NN2,
1941,PHA,AL,
1941,PHI,NL,
1941,PIR,,
1941,PIT,NL,
1941,SLA,AL,
1941,SLN,NL,
1941,SNO,NAL,
1941,TWA,,
1941,WS1,AL,
1942,ALS,AL,
1942,ASD,,
1942,ASE,,
1942,ASW,,
1942,BIR,NAL,
1942,BLG,NN2,
1942,BOS,AL,
1942,BRO,NL,
1942,BSN,NL,
1942,CAG,NAL,
1942,CCB,NAL,
1942,CHA,AL,
1942,CHN,NL,
1942,CI2,,
1942,CIN,NL,
1942,CLE,AL,
1942,DET,AL,
1942,HOM,NN2,
1942,JAX,NAL,
1942,KCM,NAL,
1942,MEM,NAL,
1942,NAL,,
1942,NLS,NL,
1942,NW2,NN2,
1942,NY1,NL,
1942,NY5,NN2,
1942,NY6,NN2,
1942,NYA,AL,
1942,PH5,NN2,
1942,PHA,AL,
1942,PHI,NL,
1942,PIR,,
1942,PIT,NL,
1942,PRG,,
1942,PRK,,
1942,SLA,AL,
1942,SLN,NL,
1942,WS1,AL,
1943,ALS,AL,
1943,ASE,,
1943,ASW,,
1943,BCG,,
1943,BIR,NAL,
1943,BLG,NN2,
1943,BOS,AL,
1943,BRO,NL,
1943,BSN,NL,
1943,CAG,NAL,
1943,CHA,AL,
1943,CHN,NL,
1943,CI2,NAL,
1943,CIN,NL,
1943,CLE,AL,
1943,CVB,NAL,
1943,DET,AL,
1943,GLK,,
1943,HOM,NN2,
1943,HSL,NN2,
1943,HWS,,
1943,KCM,NAL,
1943,KCR,,
1943,MEM,NAL,
1943,MLS,,
1943,NAS,,
1943,NLS,NL,
1943,NNS,,
1943,NW2,NN2,
1943,NY1,NL,
1943,NY5,NN2,
1943,NY6,NN2,
1943,NYA,AL,
1943,PH5,NN2,
1943,PHA,AL,
1943,PHI,NL,
1943,PIR,,
1943,PIT,NL,
1943,SAS,,
1943,SLA,AL,
1943,SLN,NL,
1943,WPS,,
1943,WS1,AL,
1944,AGS,,
1944,ALS,AL,
1944,ASE,,
1944,ASW,,
1944,BIR,NAL,
1944,BLG,NN2,
1944,BOS,AL,
1944,BRO,NL,
1944,BSN,NL,
1944,CAG,NAL,
1944,CHA,AL,
1944,CHN,NL,
1944,CIA,NAL,
1944,CIN,NL,
1944,CLE,AL,
1944,CVB,NAL,
1944,DET,AL,
1944,HOM,NN2,
1944,KCM,NAL,
1944,KCR,,
1944,MEM,NAL,
1944,MLS,,
1944,NAS,,
1944,NLS,NL,
1944,NW2,NN2,
1944,NY1,NL,
1944,NY5,NN2,
1944,NY6,NN2,
1944,NYA,AL,
1944,PH5,NN2,
1944,PHA,AL,
1944,PHI,NL,
1944,PIT,NL,
1944,SAS,,
1944,SLA,AL,
1944,SLN,NL,
1944,WS1,AL,
1945,ALS,AL,
1945,ASE,,
1945,ASF,,
1945,ASW,,
1945,BIR,NAL,
1945,BLG,NN2,
1945,BOS,AL,
1945,BRO,NL,
1945,BSN,NL,
1945,CAG,NAL,
1945,CDA,,
1945,CHA,AL,
1945,CHN,NL,
1945,CIA,NAL,
1945,CIN,NL,
1945,CLE,AL,
1945,CVB,NAL,
1945,DET,AL,
1945,HOM,NN2,
1945,KCM,NAL,
1945,KCR,,
1945,MEM,NAL,
1945,NAS,,
1945,NLS,NL,
1945,NNS,,
1945,NW2,NN2,
1945,NY1,NL,
1945,NY5,NN2,
1945,NY6,NN2,
1945,NYA,AL,
1945,PH5,NN2,
1945,PHA,AL,
1945,PHB,,
1945,PHI,NL,
1945,PIT,NL,
1945,PRK,,
1945,SAS,,
1945,SLA,AL,
1945,SLN,NL,
1945,SPZ,,
1945,VDA,,
1945,WS1,AL,
1946,ALS,AL,
1946,ASE,,
1946,ASF,,
1946,ASP,,
1946,ASW,,
1946,BIR,NAL,
1946,BLG,NN2,
1946,BOS,AL,
1946,BRO,NL,
1946,BSN,NL,
1946,CAG,NAL,
1946,CCR,,
1946,CHA,AL,
1946,CHN,NL,
1946,CIN,NL,
1946,CLE,AL,
1946,CVB,NAL,
1946,DET,AL,
1946,HOM,NN2,
1946,IN9,NAL,
1946,KCM,NAL,
1946,KCR,,
1946,MEM,NAL,
1946,NAS,,
1946,NLS,NL,
1946,NW2,NN2,
1946,NY1,NL,
1946,NY5,NN2,
1946,NY6,NN2,
1946,NYA,AL,
1946,PH5,NN2,
1946,PHA,AL,
1946,PHI,NL,
1946,PIT,NL,
1946,SAS,,
1946,SLA,AL,
1946,SLN,NL,
1946,VMA,,
1946,WS1,AL,
1947,ALS,AL,
1947,ASE,,
1947,ASF,,
1947,ASW,,
1947,BIR,NAL,
1947,BLG,NN2,
1947,BOS,AL,
1947,BRO,NL,
1947,BSN,NL,
1947,CAG,NAL,
1947,CHA,AL,
1947,CHN,NL,
1947,CIN,NL,
1947,CLE,AL,
1947,CVB,NAL,
1947,DET,AL,
1947,HOM,NN2,
1947,IN9,NAL,
1947,KCM,NAL,
1947,KCR,,
1947,MEM,NAL,
1947,MLS,,
1947,NLS,NL,
1947,NW2,NN2,
1947,NY1,NL,
1947,NY5,NN2,
1947,NY6,NN2,
1947,NYA,AL,
1947,PH5,NN2,
1947,PHA,AL,
1947,PHI,NL,
1947,PIT,NL,
1947,SLA,AL,
1947,SLN,NL,
1947,WS1,AL,
1948,ALS,AL,
1948,ASE,,
1948,ASW,,
1948,BIR,NAL,
1948,BLG,NN2,
1948,BOS,AL,
1948,BRO,NL,
1948,BSN,NL,
1948,CAG,NAL,
1948,CHA,AL,
1948,CHN,NL,
1948,CIN,NL,
1948,CLE,AL,
1948,CVB,NAL,
1948,DET,AL,
1948,HOM,NN2,
1948,IN9,NAL,
1948,KCM,NAL,
1948,KCR,,
1948,MEM,NAL,
1948,MLS,,
1948,NLS,NL,
1948,NW2,NN2,
1948,NY1,NL,
1948,NY5,NN2,
1948,NY6,NN2,
1948,NYA,AL,
1948,PH5,NN2,
1948,PHA,AL,
1948,PHI,NL,
1948,PIT,NL,
1948,SLA,AL,
1948,SLN,NL,
1948,WS1,AL,
1949,ALS,AL,
1949,ASE,,
1949,ASW,,
1949,BOS,AL,
1949,BRO,NL,
1949,BSN,NL,
1949,CHA,AL,
1949,CHN,NL,
1949,CIN,NL,
1949,CLE,AL,
1949,DET,AL,
1949,NLS,NL,
1949,NY1,NL,
1949,NYA,AL,
1949,PHA,AL,
1949,PHI,NL,
1949,PIT,NL,
1949,SLA,AL,
1949,SLN,NL,
1949,WS1,AL,
1950,ALS,AL,
1950,ASE,,
1950,ASW,,
1950,BOS,AL,
1950,BRO,NL,
1950,BSN,NL,
1950,CHA,AL,
1950,CHN,NL,
1950,CIN,NL,
1950,CLE,AL,
1950,DET,AL,
1950,NLS,NL,
1950,NY1,NL,
1950,NYA,AL,
1950,PHA,AL,
1950,PHI,NL,
1950,PIT,NL,
1950,SLA,AL,
1950,SLN,NL,
1950,WS1,AL,
1951,ALS,AL,
1951,ASE,,
1951,ASW,,
1951,BOS,AL,
1951,BRO,NL,
1951,BSN,NL,
1951,CHA,AL,
1951,CHN,NL,
1951,CIN,NL,
1951,CLE,AL,
1951,DET,AL,
1951,NLS,NL,
1951,NY1,NL,
1951,NYA,AL,
1951,PHA,AL,
1951,PHI,NL,
1951,PIT,NL,
1951,SLA,AL,
1951,SLN,NL,
1951,WS1,AL,
1952,ALS,AL,
1952,ASE,,
1952,ASW,,
1952,BOS,AL,
1952,BRO,NL,
1952,BSN,NL,
1952,CHA,AL,
1952,CHN,NL,
1952,CIN,NL,
1952,CLE,AL,
1952,DET,AL,
1952,NLS,NL,
1952,NY1,NL,
1952,NYA,AL,
1952,PHA,AL,
1952,PHI,NL,
1952,PIT,NL,
1952,SLA,AL,
1952,SLN,NL,
1952,WS1,AL,
1953,ALS,AL,
1953,ASE,,
1953,ASW,,
1953,BOS,AL,
1953,BRO,NL,
1953,CHA,AL,
1953,CHN,NL,
1953,CIN,NL,
1953,CLE,AL,
1953,DET,AL,
1953,MLN,NL,
1953,NLS,NL,
1953,NY1,NL,
1953,NYA,AL,
1953,PHA,AL,
1953,PHI,NL,
1953,PIT,NL,
1953,SLA,AL,
1953,SLN,NL,
1953,WS1,AL,
1954,ALS,AL,
1954,ASE,,
1954,ASW,,
1954,BAL,AL,
1954,BOS,AL,
1954,BRO,NL,
1954,CHA,AL,
1954,CHN,NL,
1954,CIN,NL,
1954,CLE,AL,
1954,DET,AL,
1954,MLN,NL,
1954,NLS,NL,
1954,NY1,NL,
1954,NYA,AL,
1954,PHA,AL,
1954,PHI,NL,
1954,PIT,NL,
1954,SLN,NL,
1954,WS1,AL,
1955,ALS,AL,
1955,ASE,,
1955,ASW,,
1955,BAL,AL,
1955,BOS,AL,
1955,BRO,NL,
1955,CHA,AL,
1955,CHN,NL,
1955,CIN,NL,
1955,CLE,AL,
1955,DET,AL,
1955,KC1,AL,
1955,MLN,NL,
1955,NLS,NL,
1955,NY1,NL,
1955,NYA,AL,
1955,PHI,NL,
1955,PIT,NL,
1955,SLN,NL,
1955,WS1,AL,
1956,ALS,AL,
1956,ASE,,
1956,ASW,,
1956,BAL,AL,
1956,BOS,AL,
1956,BRO,NL,
1956,CHA,AL,
1956,CHN,NL,
1956,CIN,NL,
1956,CLE,AL,
1956,DET,AL,
1956,KC1,AL,
1956,MLN,NL,
1956,NLS,NL,
1956,NY1,NL,
1956,NYA,AL,
1956,PHI,NL,
1956,PIT,NL,
1956,SLN,NL,
1956,WS1,AL,
1957,ALS,AL,
1957,ASE,,
1957,ASW,,
1957,BAL,AL,
1957,BOS,AL,
1957,BRO,NL,
1957,CHA,AL,
1957,CHN,NL,
1957,CIN,NL,
1957,CLE,AL,
1957,DET,AL,
1957,KC1,AL,
1957,MLN,NL,
1957,NLS,NL,
1957,NY1,NL,
1957,NYA,AL,
1957,PHI,NL,
1957,PIT,NL,
1957,SLN,NL,
1957,WS1,AL,
1958,ALS,AL,
1958,ASE,,
1958,ASW,,
1958,BAL,AL,
1958,BOS,AL,
1958,CHA,AL,
1958,CHN,NL,
1958,CIN,NL,
1958,CLE,AL,
1958,DET,AL,
1958,KC1,AL,
1958,LAN,NL,
1958,MLN,NL,
1958,NLS,NL,
1958,NYA,AL,
1958,PHI,NL,
1958,PIT,NL,
1958,SFN,NL,
1958,SLN,NL,
1958,WS1,AL,
1959,ALS,AL,
1959,ASE,,
1959,ASW,,
1959,BAL,AL,
1959,BOS,AL,
1959,CHA,AL,
1959,CHN,NL,
1959,CIN,NL,
1959,CLE,AL,
1959,DET,AL,
1959,KC1,AL,
1959,LAN,NL,
1959,MLN,NL,
1959,NLS,NL,
1959,NYA,AL,
1959,PHI,NL,
1959,PIT,NL,
1959,SFN,NL,
1959,SLN,NL,
1959,WS1,AL,
1960,ALS,AL,
1960,ASE,,
1960,ASW,,
1960,BAL,AL,
1960,BOS,AL,
1960,CHA,AL,
1960,CHN,NL,
1960,CIN,NL,
1960,CLE,AL,
1960,DET,AL,
1960,KC1,AL,
1960,LAN,NL,
1960,MLN,NL,
1960,NLS,NL,
1960,NYA,AL,
1960,PHI,NL,
1960,PIT,NL,
1960,SFN,NL,
1960,SLN,NL,
1960,WS1,AL,
1961,ALS,AL,
1961,ASE,,
1961,ASW,,
1961,BAL,AL,
1961,BOS,AL,
1961,CHA,AL,
1961,CHN,NL,
1961,CIN,NL,
1961,CLE,AL,
1961,DET,AL,
1961,KC1,AL,
1961,LAA,AL,
1961,LAN,NL,
1961,MIN,AL,
1961,MLN,NL,
1961,NLS,NL,
1961,NYA,AL,
1961,PHI,NL,
1961,PIT,NL,
1961,SFN,NL,
1961,SLN,NL,
1961,WS2,AL,
1962,ALS,AL,
1962,ASE,,
1962,ASW,,
1962,BAL,AL,
1962,BOS,AL,
1962,CHA,AL,
1962,CHN,NL,
1962,CIN,NL,
1962,CLE,AL,
1962,DET,AL,
1962,HOU,NL,
1962,KC1,AL,
1962,LAA,AL,
1962,LAN,NL,
1962,MIN,AL,
1962,MLN,NL,
1962,NLS,NL,
1962,NYA,AL,
1962,NYN,NL,
1962,PHI,NL,
1962,PIT,NL,
1962,SFN,NL,
1962,SLN,NL,
1962,WS2,AL,
1963,ALS,AL,
1963,BAL,AL,
1963,BOS,AL,
1963,CHA,AL,
1963,CHN,NL,
1963,CIN,NL,
1963,CLE,AL,
1963,DET,AL,
1963,HOU,NL,
1963,KC1,AL,
1963,LAA,AL,
1963,LAN,NL,
1963,MIN,AL,
1963,MLN,NL,
1963,NLS,NL,
1963,NYA,AL,
1963,NYN,NL,
1963,PHI,NL,
1963,PIT,NL,
1963,SFN,NL,
1963,SLN,NL,
1963,WS2,AL,
1964,ALS,AL,
1964,BAL,AL,
1964,BOS,AL,
1964,CHA,AL,
1964,CHN,NL,
1964,CIN,NL,
1964,CLE,AL,
1964,DET,AL,
1964,HOU,NL,
1964,KC1,AL,
1964,LAA,AL,
1964,LAN,NL,
1964,MIN,AL,
1964,MLN,NL,
1964,NLS,NL,
1964,NYA,AL,
1964,NYN,NL,
1964,PHI,NL,
1964,PIT,NL,
1964,SFN,NL,
1964,SLN,NL,
1964,WS2,AL,
1965,ALS,AL,
1965,BAL,AL,
1965,BOS,AL,
1965,CAL,AL,
1965,CHA,AL,
1965,CHN,NL,
1965,CIN,NL,
1965,CLE,AL,
1965,DET,AL,
1965,HOU,NL,
1965,KC1,AL,
1965,LAN,NL,
1965,MIN,AL,
1965,MLN,NL,
1965,NLS,NL,
1965,NYA,AL,
1965,NYN,NL,
1965,PHI,NL,
1965,PIT,NL,
1965,SFN,NL,
1965,SLN,NL,
1965,WS2,AL,
1966,ALS,AL,
1966,ATL,NL,
1966,BAL,AL,
1966,BOS,AL,
1966,CAL,AL,
1966,CHA,AL,
1966,CHN,NL,
1966,CIN,NL,
1966,CLE,AL,
1966,DET,AL,
1966,HOU,NL,
1966,KC1,AL,
1966,LAN,NL,
1966,MIN,AL,
1966,NLS,NL,
1966,NYA,AL,
1966,NYN,NL,
1966,PHI,NL,
1966,PIT,NL,
1966,SFN,NL,
1966,SLN,NL,
1966,WS2,AL,
1967,ALS,AL,
1967,ATL,NL,
1967,BAL,AL,
1967,BOS,AL,
1967,CAL,AL,
1967,CHA,AL,
1967,CHN,NL,
1967,CIN,NL,
1967,CLE,AL,
1967,DET,AL,
1967,HOU,NL,
1967,KC1,AL,
1967,LAN,NL,
1967,MIN,AL,
1967,NLS,NL,
1967,NYA,AL,
1967,NYN,NL,
1967,PHI,NL,
1967,PIT,NL,
1967,SFN,NL,
1967,SLN,NL,
1967,WS2,AL,
1968,ALS,AL,
1968,ATL,NL,
1968,BAL,AL,
1968,BOS,AL,
1968,CAL,AL,
1968,CHA,AL,
1968,CHN,NL,
1968,CIN,NL,
1968,CLE,AL,
1968,DET,AL,
1968,HOU,NL,
1968,LAN,NL,
1968,MIN,AL,
1968,NLS,NL,
1968,NYA,AL,
1968,NYN,NL,
1968,OAK,AL,
1968,PHI,NL,
1968,PIT,NL,
1968,SFN,NL,
1968,SLN,NL,
1968,WS2,AL,
1969,ALS,AL,
1969,ATL,NL,W
1969,BAL,AL,E
1969,BOS,AL,E
1969,CAL,AL,W
1969,CHA,AL,W
1969,CHN,NL,E
1969,CIN,NL,W
1969,CLE,AL,E
1969,DET,AL,E
1969,HOU,NL,W
1969,KCA,AL,W
1969,LAN,NL,W
1969,MIN,AL,W
1969,MON,NL,E
1969,NLS,NL,
1969,NYA,AL,E
1969,NYN,NL,E
1969,OAK,AL,W
1969,PHI,NL,E
1969,PIT,NL,E
1969,SDN,NL,W
1969,SE1,AL,W
1969,SFN,NL,W
1969,SLN,NL,E
1969,WS2,AL,E
1970,ALS,AL,
1970,ATL,NL,W
1970,BAL,AL,E
1970,BOS,AL,E
1970,CAL,AL,W
1970,CHA,AL,W
1970,CHN,NL,E
1970,CIN,NL,W
1970,CLE,AL,E
1970,DET,AL,E
1970,HOU,NL,W
1970,KCA,AL,W
1970,LAN,NL,W
1970,MIL,AL,W
1970,MIN,AL,W
1970,MON,NL,E
1970,NLS,NL,
1970,NYA,AL,E
1970,NYN,NL,E
1970,OAK,AL,W
1970,PHI,NL,E
1970,PIT,NL,E
1970,SDN,NL,W
1970,SFN,NL,W
1970,SLN,NL,E
1970,WS2,AL,E
1971,ALS,AL,
1971,ATL,NL,W
1971,BAL,AL,E
1971,BOS,AL,E
1971,CAL,AL,W
1971,CHA,AL,W
1971,CHN,NL,E
1971,CIN,NL,W
1971,CLE,AL,E
1971,DET,AL,E
1971,HOU,NL,W
1971,KCA,AL,W
1971,LAN,NL,W
1971,MIL,AL,W
1971,MIN,AL,W
1971,MON,NL,E
1971,NLS,NL,
1971,NYA,AL,E
1971,NYN,NL,E
1971,OAK,AL,W
1971,PHI,NL,E
1971,PIT,NL,E
1971,SDN,NL,W
1971,SFN,NL,W
1971,SLN,NL,E
1971,WS2,AL,E
1972,ALS,AL,
1972,ATL,NL,W
1972,BAL,AL,E
1972,BOS,AL,E
1972,CAL,AL,W
1972,CHA,AL,W
1972,CHN,NL,E
1972,CIN,NL,W
1972,CLE,AL,E
1972,DET,AL,E
1972,HOU,NL,W
1972,KCA,AL,W
1972,LAN,NL,W
1972,MIL,AL,E
1972,MIN,AL,W
1972,MON,NL,E
1972,NLS,NL,
1972,NYA,AL,E
1972,NYN,NL,E
1972,OAK,AL,W
1972,PHI,NL,E
1972,PIT,NL,E
1972,SDN,NL,W
1972,SFN,NL,W
1972,SLN,NL,E
1972,TEX,AL,W
1973,ALS,AL,
1973,ATL,NL,W
1973,BAL,AL,E
1973,BOS,AL,E
1973,CAL,AL,W
1973,CHA,AL,W
1973,CHN,NL,E
1973,CIN,NL,W
1973,CLE,AL,E
1973,DET,AL,E
1973,HOU,NL,W
1973,KCA,AL,W
1973,LAN,NL,W
1973,MIL,AL,E
1973,MIN,AL,W
1973,MON,NL,E
1973,NLS,NL,
1973,NYA,AL,E
1973,NYN,NL,E
1973,OAK,AL,W
1973,PHI,NL,E
1973,PIT,NL,E
1973,SDN,NL,W
1973,SFN,NL,W
1973,SLN,NL,E
1973,TEX,AL,W
1974,ALS,AL,
1974,ATL,NL,W
1974,BAL,AL,E
1974,BOS,AL,E
1974,CAL,AL,W
1974,CHA,AL,W
1974,CHN,NL,E
1974,CIN,NL,W
1974,CLE,AL,E
1974,DET,AL,E
1974,HOU,NL,W
1974,KCA,AL,W
1974,LAN,NL,W
1974,MIL,AL,E
1974,MIN,AL,W
1974,MON,NL,E
1974,NLS,NL,
1974,NYA,AL,E
1974,NYN,NL,E
1974,OAK,AL,W
1974,PHI,NL,E
1974,PIT,NL,E
1974,SDN,NL,W
1974,SFN,NL,W
1974,SLN,NL,E
1974,TEX,AL,W
1975,ALS,AL,
1975,ATL,NL,W
1975,BAL,AL,E
1975,BOS,AL,E
1975,CAL,AL,W
1975,CHA,AL,W
1975,CHN,NL,E
1975,CIN,NL,W
1975,CLE,AL,E
1975,DET,AL,E
1975,HOU,NL,W
1975,KCA,AL,W
1975,LAN,NL,W
1975,MIL,AL,E
1975,MIN,AL,W
1975,MON,NL,E
1975,NLS,NL,
1975,NYA,AL,E
1975,NYN,NL,E
1975,OAK,AL,W
1975,PHI,NL,E
1975,PIT,NL,E
1975,SDN,NL,W
1975,SFN,NL,W
1975,SLN,NL,E
1975,TEX,AL,W
1976,ALS,AL,
1976,ATL,NL,W
1976,BAL,AL,E
1976,BOS,AL,E
1976,CAL,AL,W
1976,CHA,AL,W
1976,CHN,NL,E
1976,CIN,NL,W
1976,CLE,AL,E
1976,DET,AL,E
1976,HOU,NL,W
1976,KCA,AL,W
1976,LAN,NL,W
1976,MIL,AL,E
1976,MIN,AL,W
1976,MON,NL,E
1976,NLS,NL,
1976,NYA,AL,E
1976,NYN,NL,E
1976,OAK,AL,W
1976,PHI,NL,E
1976,PIT,NL,E
1976,SDN,NL,W
1976,SFN,NL,W
1976,SLN,NL,E
1976,TEX,AL,W
1977,ALS,AL,
1977,ATL,NL,W
1977,BAL,AL,E
1977,BOS,AL,E
1977,CAL,AL,W
1977,CHA,AL,W
1977,CHN,NL,E
1977,CIN,NL,W
1977,CLE,AL,E
1977,DET,AL,E
1977,HOU,NL,W
1977,KCA,AL,W
1977,LAN,NL,W
1977,MIL,AL,E
1977,MIN,AL,W
1977,MON,NL,E
1977,NLS,NL,
1977,NYA,AL,E
1977,NYN,NL,E
1977,OAK,AL,W
1977,PHI,NL,E
1977,PIT,NL,E
1977,SDN,NL,W
1977,SEA,AL,W
1977,SFN,NL,W
1977,SLN,NL,E
1977,TEX,AL,W
1977,TOR,AL,E
1978,ALS,AL,
1978,ATL,NL,W
1978,BAL,AL,E
1978,BOS,AL,E
1978,CAL,AL,W
1978,CHA,AL,W
1978,CHN,NL,E
1978,CIN,NL,W
1978,CLE,AL,E
1978,DET,AL,E
1978,HOU,NL,W
1978,KCA,AL,W
1978,LAN,NL,W
1978,MIL,AL,E
1978,MIN,AL,W
1978,MON,NL,E
1978,NLS,NL,
1978,NYA,AL,E
1978,NYN,NL,E
1978,OAK,AL,W
1978,PHI,NL,E
1978,PIT,NL,E
1978,SDN,NL,W
1978,SEA,AL,W
1978,SFN,NL,W
1978,SLN,NL,E
1978,TEX,AL,W
1978,TOR,AL,E
1979,ALS,AL,
1979,ATL,NL,W
1979,BAL,AL,E
1979,BOS,AL,E
1979,CAL,AL,W
1979,CHA,AL,W
1979,CHN,NL,E
1979,CIN,NL,W
1979,CLE,AL,E
1979,DET,AL,E
1979,HOU,NL,W
1979,KCA,AL,W
1979,LAN,NL,W
1979,MIL,AL,E
1979,MIN,AL,W
1979,MON,NL,E
1979,NLS,NL,
1979,NYA,AL,E
1979,NYN,NL,E
1979,OAK,AL,W
1979,PHI,NL,E
1979,PIT,NL,E
1979,SDN,NL,W
1979,SEA,AL,W
1979,SFN,NL,W
1979,SLN,NL,E
1979,TEX,AL,W
1979,TOR,AL,E
1980,ALS,AL,
1980,ATL,NL,W
1980,BAL,AL,E
1980,BOS,AL,E
1980,CAL,AL,W
1980,CHA,AL,W
1980,CHN,NL,E
1980,CIN,NL,W
1980,CLE,AL,E
1980,DET,AL,E
1980,HOU,NL,W
1980,KCA,AL,W
1980,LAN,NL,W
1980,MIL,AL,E
1980,MIN,AL,W
1980,MON,NL,E
1980,NLS,NL,
1980,NYA,AL,E
1980,NYN,NL,E
1980,OAK,AL,W
1980,PHI,NL,E
1980,PIT,NL,E
1980,SDN,NL,W
1980,SEA,AL,W
1980,SFN,NL,W
1980,SLN,NL,E
1980,TEX,AL,W
1980,TOR,AL,E
1981,ALS,AL,
1981,ATL,NL,W
1981,BAL,AL,E
1981,BOS,AL,E
1981,CAL,AL,W
1981,CHA,AL,W
1981,CHN,NL,E
1981,CIN,NL,W
1981,CLE,AL,E
1981,DET,AL,E
1981,HOU,NL,W
1981,KCA,AL,W
1981,LAN,NL,W
1981,MIL,AL,E
1981,MIN,AL,W
1981,MON,NL,E
1981,NLS,NL,
1981,NYA,AL,E
1981,NYN,NL,E
1981,OAK,AL,W
1981,PHI,NL,E
1981,PIT,NL,E
1981,SDN,NL,W
1981,SEA,AL,W
1981,SFN,NL,W
1981,SLN,NL,E
1981,TEX,AL,W
1981,TOR,AL,E
1982,ALS,AL,
1982,ATL,NL,W
1982,BAL,AL,E
1982,BOS,AL,E
1982,CAL,AL,W
1982,CHA,AL,W
1982,CHN,NL,E
1982,CIN,NL,W
1982,CLE,AL,E
1982,DET,AL,E
1982,HOU,NL,W
1982,KCA,AL,W
1982,LAN,NL,W
1982,MIL,AL,E
1982,MIN,AL,W
1982,MON,NL,E
1982,NLS,NL,
1982,NYA,AL,E
1982,NYN,NL,E
1982,OAK,AL,W
1982,PHI,NL,E
1982,PIT,NL,E
1982,SDN,NL,W
1982,SEA,AL,W
1982,SFN,NL,W
1982,SLN,NL,E
1982,TEX,AL,W
1982,TOR,AL,E
1983,ALS,AL,
1983,ATL,NL,W
1983,BAL,AL,E
1983,BOS,AL,E
1983,CAL,AL,W
1983,CHA,AL,W
1983,CHN,NL,E
1983,CIN,NL,W
1983,CLE,AL,E
1983,DET,AL,E
1983,HOU,NL,W
1983,KCA,AL,W
1983,LAN,NL,W
1983,MIL,AL,E
1983,MIN,AL,W
1983,MON,NL,E
1983,NLS,NL,
1983,NYA,AL,E
1983,NYN,NL,E
1983,OAK,AL,W
1983,PHI,NL,E
1983,PIT,NL,E
1983,SDN,NL,W
1983,SEA,AL,W
1983,SFN,NL,W
1983,SLN,NL,E
1983,TEX,AL,W
1983,TOR,AL,E
1984,ALS,AL,
1984,ATL,NL,W
1984,BAL,AL,E
1984,BOS,AL,E
1984,CAL,AL,W
1984,CHA,AL,W
1984,CHN,NL,E
1984,CIN,NL,W
1984,CLE,AL,E
1984,DET,AL,E
1984,HOU,NL,W
1984,KCA,AL,W
1984,LAN,NL,W
1984,MIL,AL,E
1984,MIN,AL,W
1984,MON,NL,E
1984,NLS,NL,
1984,NYA,AL,E
1984,NYN,NL,E
1984,OAK,AL,W
1984,PHI,NL,E
1984,PIT,NL,E
1984,SDN,NL,W
1984,SEA,AL,W
1984,SFN,NL,W
1984,SLN,NL,E
1984,TEX,AL,W
1984,TOR,AL,E
1985,ALS,AL,
1985,ATL,NL,W
1985,BAL,AL,E
1985,BOS,AL,E
1985,CAL,AL,W
1985,CHA,AL,W
1985,CHN,NL,E
1985,CIN,NL,W
1985,CLE,AL,E
1985,DET,AL,E
1985,HOU,NL,W
1985,KCA,AL,W
1985,LAN,NL,W
1985,MIL,AL,E
1985,MIN,AL,W
1985,MON,NL,E
1985,NLS,NL,
1985,NYA,AL,E
1985,NYN,NL,E
1985,OAK,AL,W
1985,PHI,NL,E
1985,PIT,NL,E
1985,SDN,NL,W
1985,SEA,AL,W
1985,SFN,NL,W
1985,SLN,NL,E
1985,TEX,AL,W
1985,TOR,AL,E
1986,ALS,AL,
1986,ATL,NL,W
1986,BAL,AL,E
1986,BOS,AL,E
1986,CAL,AL,W
1986,CHA,AL,W
1986,CHN,NL,E
1986,CIN,NL,W
1986,CLE,AL,E
1986,DET,AL,E
1986,HOU,NL,W
1986,KCA,AL,W
1986,LAN,NL,W
1986,MIL,AL,E
1986,MIN,AL,W
1986,MON,NL,E
1986,NLS,NL,
1986,NYA,AL,E
1986,NYN,NL,E
1986,OAK,AL,W
1986,PHI,NL,E
1986,PIT,NL,E
1986,SDN,NL,W
1986,SEA,AL,W
1986,SFN,NL,W
1986,SLN,NL,E
1986,TEX,AL,W
1986,TOR,AL,E
1987,ALS,AL,
1987,ATL,NL,W
1987,BAL,AL,E
1987,BOS,AL,E
1987,CAL,AL,W
1987,CHA,AL,W
1987,CHN,NL,E
1987,CIN,NL,W
1987,CLE,AL,E
1987,DET,AL,E
1987,HOU,NL,W
1987,KCA,AL,W
1987,LAN,NL,W
1987,MIL,AL,E
1987,MIN,AL,W
1987,MON,NL,E
1987,NLS,NL,
1987,NYA,AL,E
1987,NYN,NL,E
1987,OAK,AL,W
1987,PHI,NL,E
1987,PIT,NL,E
1987,SDN,NL,W
1987,SEA,AL,W
1987,SFN,NL,W
1987,SLN,NL,E
1987,TEX,AL,W
1987,TOR,AL,E
1988,ALS,AL,
1988,ATL,NL,W
1988,BAL,AL,E
1988,BOS,AL,E
1988,CAL,AL,W
1988,CHA,AL,W
1988,CHN,NL,E
1988,CIN,NL,W
1988,CLE,AL,E
1988,DET,AL,E
1988,HOU,NL,W
1988,KCA,AL,W
1988,LAN,NL,W
1988,MIL,AL,E
1988,MIN,AL,W
1988,MON,NL,E
1988,NLS,NL,
1988,NYA,AL,E
1988,NYN,NL,E
1988,OAK,AL,W
1988,PHI,NL,E
1988,PIT,NL,E
1988,SDN,NL,W
1988,SEA,AL,W
1988,SFN,NL,W
1988,SLN,NL,E
1988,TEX,AL,W
1988,TOR,AL,E
1989,ALS,AL,
1989,ATL,NL,W
1989,BAL,AL,E
1989,BOS,AL,E
1989,CAL,AL,W
1989,CHA,AL,W
1989,CHN,NL,E
1989,CIN,NL,W
1989,CLE,AL,E
1989,DET,AL,E
1989,HOU,NL,W
1989,KCA,AL,W
1989,LAN,NL,W
1989,MIL,AL,E
1989,MIN,AL,W
1989,MON,NL,E
1989,NLS,NL,
1989,NYA,AL,E
1989,NYN,NL,E
1989,OAK,AL,W
1989,PHI,NL,E
1989,PIT,NL,E
1989,SDN,NL,W
1989,SEA,AL,W
1989,SFN,NL,W
1989,SLN,NL,E
1989,TEX,AL,W
1989,TOR,AL,E
1990,ALS,AL,
1990,ATL,NL,W
1990,BAL,AL,E
1990,BOS,AL,E
1990,CAL,AL,W
1990,CHA,AL,W
1990,CHN,NL,E
1990,CIN,NL,W
1990,CLE,AL,E
1990,DET,AL,E
1990,HOU,NL,W
1990,KCA,AL,W
1990,LAN,NL,W
1990,MIL,AL,E
1990,MIN,AL,W
1990,MON,NL,E
1990,NLS,NL,
1990,NYA,AL,E
1990,NYN,NL,E
1990,OAK,AL,W
1990,PHI,NL,E
1990,PIT,NL,E
1990,SDN,NL,W
1990,SEA,AL,W
1990,SFN,NL,W
1990,SLN,NL,E
1990,TEX,AL,W
1990,TOR,AL,E
1991,ALS,AL,
1991,ATL,NL,W
1991,BAL,AL,E
1991,BOS,AL,E
1991,CAL,AL,W
1991,CHA,AL,W
1991,CHN,NL,E
1991,CIN,NL,W
1991,CLE,AL,E
1991,DET,AL,E
1991,HOU,NL,W
1991,KCA,AL,W
1991,LAN,NL,W
1991,MIL,AL,E
1991,MIN,AL,W
1991,MON,NL,E
1991,NLS,NL,
1991,NYA,AL,E
1991,NYN,NL,E
1991,OAK,AL,W
1991,PHI,NL,E
1991,PIT,NL,E
1991,SDN,NL,W
1991,SEA,AL,W
1991,SFN,NL,W
1991,SLN,NL,E
1991,TEX,AL,W
1991,TOR,AL,E
1992,ALS,AL,
1992,ATL,NL,W
1992,BAL,AL,E
1992,BOS,AL,E
1992,CAL,AL,W
1992,CHA,AL,W
1992,CHN,NL,E
1992,CIN,NL,W
1992,CLE,AL,E
1992,DET,AL,E
1992,HOU,NL,W
1992,KCA,AL,W
1992,LAN,NL,W
1992,MIL,AL,E
1992,MIN,AL,W
1992,MON,NL,E
1992,NLS,NL,
1992,NYA,AL,E
1992,NYN,NL,E
1992,OAK,AL,W
1992,PHI,NL,E
1992,PIT,NL,E
1992,SDN,NL,W
1992,SEA,AL,W
1992,SFN,NL,W
1992,SLN,NL,E
1992,TEX,AL,W
1992,TOR,AL,E
1993,ALS,AL,
1993,ATL,NL,W
1993,BAL,AL,E
1993,BOS,AL,E
1993,CAL,AL,W
1993,CHA,AL,W
1993,CHN,NL,E
1993,CIN,NL,W
1993,CLE,AL,E
1993,COL,NL,W
1993,DET,AL,E
1993,FLO,NL,E
1993,HOU,NL,W
1993,KCA,AL,W
1993,LAN,NL,W
1993,MIL,AL,E
1993,MIN,AL,W
1993,MON,NL,E
1993,NLS,NL,
1993,NYA,AL,E
1993,NYN,NL,E
1993,OAK,AL,W
1993,PHI,NL,E
1993,PIT,NL,E
1993,SDN,NL,W
1993,SEA,AL,W
1993,SFN,NL,W
1993,SLN,NL,E
1993,TEX,AL,W
1993,TOR,AL,E
1994,ALS,AL,
1994,ATL,NL,E
1994,BAL,AL,E
1994,BOS,AL,E
1994,CAL,AL,W
1994,CHA,AL,C
1994,CHN,NL,C
1994,CIN,NL,C
1994,CLE,AL,C
1994,COL,NL,W
1994,DET,AL,E
1994,FLO,NL,E
1994,HOU,NL,C
1994,KCA,AL,C
1994,LAN,NL,W
1994,MIL,AL,C
1994,MIN,AL,C
1994,MON,NL,E
1994,NLS,NL,
1994,NYA,AL,E
1994,NYN,NL,E
1994,OAK,AL,W
1994,PHI,NL,E
1994,PIT,NL,C
1994,SDN,NL,W
1994,SEA,AL,W
1994,SFN,NL,W
1994,SLN,NL,C
1994,TEX,AL,W
1994,TOR,AL,E
1995,ALS,AL,
1995,ATL,NL,E
1995,BAL,AL,E
1995,BOS,AL,E
1995,CAL,AL,W
1995,CHA,AL,C
1995,CHN,NL,C
1995,CIN,NL,C
1995,CLE,AL,C
1995,COL,NL,W
1995,DET,AL,E
1995,FLO,NL,E
1995,HOU,NL,C
1995,KCA,AL,C
1995,LAN,NL,W
1995,MIL,AL,C
1995,MIN,AL,C
1995,MON,NL,E
1995,NLS,NL,
1995,NYA,AL,E
1995,NYN,NL,E
1995,OAK,AL,W
1995,PHI,NL,E
1995,PIT,NL,C
1995,SDN,NL,W
1995,SEA,AL,W
1995,SFN,NL,W
1995,SLN,NL,C
1995,TEX,AL,W
1995,TOR,AL,E
1996,ALS,AL,
1996,ATL,NL,E
1996,BAL,AL,E
1996,BOS,AL,E
1996,CAL,AL,W
1996,CHA,AL,C
1996,CHN,NL,C
1996,CIN,NL,C
1996,CLE,AL,C
1996,COL,NL,W
1996,DET,AL,E
1996,FLO,NL,E
1996,HOU,NL,C
1996,KCA,AL,C
1996,LAN,NL,W
1996,MIL,AL,C
1996,MIN,AL,C
1996,MON,NL,E
1996,NLS,NL,
1996,NYA,AL,E
1996,NYN,NL,E
1996,OAK,AL,W
1996,PHI,NL,E
1996,PIT,NL,C
1996,SDN,NL,W
1996,SEA,AL,W
1996,SFN,NL,W
1996,SLN,NL,C
1996,TEX,AL,W
1996,TOR,AL,E
1997,ALS,AL,
1997,ANA,AL,W
1997,ATL,NL,E
1997,BAL,AL,E
1997,BOS,AL,E
1997,CHA,AL,C
1997,CHN,NL,C
1997,CIN,NL,C
1997,CLE,AL,C
1997,COL,NL,W
1997,DET,AL,E
1997,FLO,NL,E
1997,HOU,NL,C
1997,KCA,AL,C
1997,LAN,NL,W
1997,MIL,AL,C
1997,MIN,AL,C
1997,MON,NL,E
1997,NLS,AL,
1997,NYA,AL,E
1997,NYN,NL,E
1997,OAK,AL,W
1997,PHI,NL,E
1997,PIT,NL,C
1997,SDN,NL,W
1997,SEA,AL,W
1997,SFN,NL,W
1997,SLN,NL,C
1997,TEX,AL,W
1997,TOR,AL,E
1998,ALS,AL,
1998,ANA,AL,W
1998,ARI,NL,W
1998,ATL,NL,E
1998,BAL,AL,E
1998,BOS,AL,E
1998,CHA,AL,C
1998,CHN,NL,C
1998,CIN,NL,C
1998,CLE,AL,C
1998,COL,NL,W
1998,DET,AL,C
1998,FLO,NL,E
1998,HOU,NL,C
1998,KCA,AL,C
1998,LAN,NL,W
1998,MIL,NL,C
1998,MIN,AL,C
1998,MON,NL,E
1998,NLS,NL,
1998,NYA,AL,E
1998,NYN,NL,E
1998,OAK,AL,W
1998,PHI,NL,E
1998,PIT,NL,C
1998,SDN,NL,W
1998,SEA,AL,W
1998,SFN,NL,W
1998,SLN,NL,C
1998,TBA,AL,E
1998,TEX,AL,W
1998,TOR,AL,E
1999,ALS,AL,
1999,ANA,AL,W
1999,ARI,NL,W
1999,ATL,NL,E
1999,BAL,AL,E
1999,BOS,AL,E
1999,CHA,AL,C
1999,CHN,NL,C
1999,CIN,NL,C
1999,CLE,AL,C
1999,COL,NL,W
1999,DET,AL,C
1999,FLO,NL,E
1999,HOU,NL,C
1999,KCA,AL,C
1999,LAN,NL,W
1999,MIL,NL,C
1999,MIN,AL,C
1999,MON,NL,E
1999,NLS,NL,
1999,NYA,AL,E
1999,NYN,NL,E
1999,OAK,AL,W
1999,PHI,NL,E
1999,PIT,NL,C
1999,SDN,NL,W
1999,SEA,AL,W
1999,SFN,NL,W
1999,SLN,NL,C
1999,TBA,AL,E
1999,TEX,AL,W
1999,TOR,AL,E
2000,ALS,AL,
2000,ANA,AL,W
2000,ARI,NL,W
2000,ATL,NL,E
2000,BAL,AL,E
2000,BOS,AL,E
2000,CHA,AL,C
2000,CHN,NL,C
2000,CIN,NL,C
2000,CLE,AL,C
2000,COL,NL,W
2000,DET,AL,C
2000,FLO,NL,E
2000,HOU,NL,C
2000,KCA,AL,C
2000,LAN,NL,W
2000,MIL,NL,C
2000,MIN,AL,C
2000,MON,NL,E
2000,NLS,NL,
2000,NYA,AL,E
2000,NYN,NL,E
2000,OAK,AL,W
2000,PHI,NL,E
2000,PIT,NL,C
2000,SDN,NL,W
2000,SEA,AL,W
2000,SFN,NL,W
2000,SLN,NL,C
2000,TBA,AL,E
2000,TEX,AL,W
2000,TOR,AL,E
2001,ALS,AL,
2001,ANA,AL,W
2001,ARI,NL,W
2001,ATL,NL,E
2001,BAL,AL,E
2001,BOS,AL,E
2001,CHA,AL,C
2001,CHN,NL,C
2001,CIN,NL,C
2001,CLE,AL,C
2001,COL,NL,W
2001,DET,AL,C
2001,FLO,NL,E
2001,HOU,NL,C
2001,KCA,AL,C
2001,LAN,NL,W
2001,MIL,NL,C
2001,MIN,AL,C
2001,MON,NL,E
2001,NLS,NL,
2001,NYA,AL,E
2001,NYN,NL,E
2001,OAK,AL,W
2001,PHI,NL,E
2001,PIT,NL,C
2001,SDN,NL,W
2001,SEA,AL,W
2001,SFN,NL,W
2001,SLN,NL,C
2001,TBA,AL,E
2001,TEX,AL,W
2001,TOR,AL,E
2002,ALS,AL,
2002,ANA,AL,W
2002,ARI,NL,W
2002,ATL,NL,E
2002,BAL,AL,E
2002,BOS,AL,E
2002,CHA,AL,C
2002,CHN,NL,C
2002,CIN,NL,C
2002,CLE,AL,C
2002,COL,NL,W
2002,DET,AL,C
2002,FLO,NL,E
2002,HOU,NL,C
2002,KCA,AL,C
2002,LAN,NL,W
2002,MIL,NL,C
2002,MIN,AL,C
2002,MON,NL,E
2002,NLS,NL,
2002,NYA,AL,E
2002,NYN,NL,E
2002,OAK,AL,W
2002,PHI,NL,E
2002,PIT,NL,C
2002,SDN,NL,W
2002,SEA,AL,W
2002,SFN,NL,W
2002,SLN,NL,C
2002,TBA,AL,E
2002,TEX,AL,W
2002,TOR,AL,E
2003,ALS,AL,
2003,ANA,AL,W
2003,ARI,NL,W
2003,ATL,NL,E
2003,BAL,AL,E
2003,BOS,AL,E
2003,CHA,AL,C
2003,CHN,NL,C
2003,CIN,NL,C
2003,CLE,AL,C
2003,COL,NL,W
2003,DET,AL,C
2003,FLO,NL,E
2003,HOU,NL,C
2003,KCA,AL,C
2003,LAN,NL,W
2003,MIL,NL,C
2003,MIN,AL,C
2003,MON,NL,E
2003,NLS,NL,
2003,NYA,AL,E
2003,NYN,NL,E
2003,OAK,AL,W
2003,PHI,NL,E
2003,PIT,NL,C
2003,SDN,NL,W
2003,SEA,AL,W
2003,SFN,NL,W
2003,SLN,NL,C
2003,TBA,AL,E
2003,TEX,AL,W
2003,TOR,AL,E
2004,ALS,AL,
2004,ANA,AL,W
2004,ARI,NL,W
2004,ATL,NL,E
2004,BAL,AL,E
2004,BOS,AL,E
2004,CHA,AL,C
2004,CHN,NL,C
2004,CIN,NL,C
2004,CLE,AL,C
2004,COL,NL,W
2004,DET,AL,C
2004,FLO,NL,E
2004,HOU,NL,C
2004,KCA,AL,C
2004,LAN,NL,W
2004,MIL,NL,C
2004,MIN,AL,C
2004,MON,NL,E
2004,NLS,NL,
2004,NYA,AL,E
2004,NYN,NL,E
2004,OAK,AL,W
2004,PHI,NL,E
2004,PIT,NL,C
2004,SDN,NL,W
2004,SEA,AL,W
2004,SFN,NL,W
2004,SLN,NL,C
2004,TBA,AL,E
2004,TEX,AL,W
2004,TOR,AL,E
2005,ALS,AL,
2005,ANA,AL,W
2005,ARI,NL,W
2005,ATL,NL,E
2005,BAL,AL,E
2005,BOS,AL,E
2005,CHA,AL,C
2005,CHN,NL,C
2005,CIN,NL,C
2005,CLE,AL,C
2005,COL,NL,W
2005,DET,AL,C
2005,FLO,NL,E
2005,HOU,NL,C
2005,KCA,AL,C
2005,LAN,NL,W
2005,MIL,NL,C
2005,MIN,AL,C
2005,NLS,NL,
2005,NYA,AL,E
2005,NYN,NL,E
2005,OAK,AL,W
2005,PHI,NL,E
2005,PIT,NL,C
2005,SDN,NL,W
2005,SEA,AL,W
2005,SFN,NL,W
2005,SLN,NL,C
2005,TBA,AL,E
2005,TEX,AL,W
2005,TOR,AL,E
2005,WAS,NL,E
2006,ALS,AL,
2006,ANA,AL,W
2006,ARI,NL,W
2006,ATL,NL,E
2006,BAL,AL,E
2006,BOS,AL,E
2006,CHA,AL,C
2006,CHN,NL,C
2006,CIN,NL,C
2006,CLE,AL,C
2006,COL,NL,W
2006,DET,AL,C
2006,FLO,NL,E
2006,HOU,NL,C
2006,KCA,AL,C
2006,LAN,NL,W
2006,MIL,NL,C
2006,MIN,AL,C
2006,NLS,NL,
2006,NYA,AL,E
2006,NYN,NL,E
2006,OAK,AL,W
2006,PHI,NL,E
2006,PIT,NL,C
2006,SDN,NL,W
2006,SEA,AL,W
2006,SFN,NL,W
2006,SLN,NL,C
2006,TBA,AL,E
2006,TEX,AL,W
2006,TOR,AL,E
2006,WAS,NL,E
2007,ALS,AL,
2007,ANA,AL,W
2007,ARI,NL,W
2007,ATL,NL,E
2007,BAL,AL,E
2007,BOS,AL,E
2007,CHA,AL,C
2007,CHN,NL,C
2007,CIN,NL,C
2007,CLE,AL,C
2007,COL,NL,W
2007,DET,AL,C
2007,FLO,NL,E
2007,HOU,NL,C
2007,KCA,AL,C
2007,LAN,NL,W
2007,MIL,NL,C
2007,MIN,AL,C
2007,NLS,NL,
2007,NYA,AL,E
2007,NYN,NL,E
2007,OAK,AL,W
2007,PHI,NL,E
2007,PIT,NL,C
2007,SDN,NL,W
2007,SEA,AL,W
2007,SFN,NL,W
2007,SLN,NL,C
2007,TBA,AL,E
2007,TEX,AL,W
2007,TOR,AL,E
2007,WAS,NL,E
2008,ALS,AL,
2008,ANA,AL,W
2008,ARI,NL,W
2008,ATL,NL,E
2008,BAL,AL,E
2008,BOS,AL,E
2008,CHA,AL,C
2008,CHN,NL,C
2008,CIN,NL,C
2008,CLE,AL,C
2008,COL,NL,W
2008,DET,AL,C
2008,FLO,NL,E
2008,HOU,NL,C
2008,KCA,AL,C
2008,LAN,NL,W
2008,MIL,NL,C
2008,MIN,AL,C
2008,NLS,NL,
2008,NYA,AL,E
2008,NYN,NL,E
2008,OAK,AL,W
2008,PHI,NL,E
2008,PIT,NL,C
2008,SDN,NL,W
2008,SEA,AL,W
2008,SFN,NL,W
2008,SLN,NL,C
2008,TBA,AL,E
2008,TEX,AL,W
2008,TOR,AL,E
2008,WAS,NL,E
2009,ALS,AL,
2009,ANA,AL,W
2009,ARI,NL,W
2009,ATL,NL,E
2009,BAL,AL,E
2009,BOS,AL,E
2009,CHA,AL,C
2009,CHN,NL,C
2009,CIN,NL,C
2009,CLE,AL,C
2009,COL,NL,W
2009,DET,AL,C
2009,FLO,NL,E
2009,HOU,NL,C
2009,KCA,AL,C
2009,LAN,NL,W
2009,MIL,NL,C
2009,MIN,AL,C
2009,NLS,NL,
2009,NYA,AL,E
2009,NYN,NL,E
2009,OAK,AL,W
2009,PHI,NL,E
2009,PIT,NL,C
2009,SDN,NL,W
2009,SEA,AL,W
2009,SFN,NL,W
2009,SLN,NL,C
2009,TBA,AL,E
2009,TEX,AL,W
2009,TOR,AL,E
2009,WAS,NL,E
2010,ALS,AL,
2010,ANA,AL,W
2010,ARI,NL,W
2010,ATL,NL,E
2010,BAL,AL,E
2010,BOS,AL,E
2010,CHA,AL,C
2010,CHN,NL,C
2010,CIN,NL,C
2010,CLE,AL,C
2010,COL,NL,W
2010,DET,AL,C
2010,FLO,NL,E
2010,HOU,NL,C
2010,KCA,AL,C
2010,LAN,NL,W
2010,MIL,NL,C
2010,MIN,AL,C
2010,NLS,NL,
2010,NYA,AL,E
2010,NYN,NL,E
2010,OAK,AL,W
2010,PHI,NL,E
2010,PIT,NL,C
2010,SDN,NL,W
2010,SEA,AL,W
2010,SFN,NL,W
2010,SLN,NL,C
2010,TBA,AL,E
2010,TEX,AL,W
2010,TOR,AL,E
2010,WAS,NL,E
2011,ALS,AL,
2011,ANA,AL,W
2011,ARI,NL,W
2011,ATL,NL,E
2011,BAL,AL,E
2011,BOS,AL,E
2011,CHA,AL,C
2011,CHN,NL,C
2011,CIN,NL,C
2011,CLE,AL,C
2011,COL,NL,W
2011,DET,AL,C
2011,FLO,NL,E
2011,HOU,NL,C
2011,KCA,AL,C
2011,LAN,NL,W
2011,MIL,NL,C
2011,MIN,AL,C
2011,NLS,NL,
2011,NYA,AL,E
2011,NYN,NL,E
2011,OAK,AL,W
2011,PHI,NL,E
2011,PIT,NL,C
2011,SDN,NL,W
2011,SEA,AL,W
2011,SFN,NL,W
2011,SLN,NL,C
2011,TBA,AL,E
2011,TEX,AL,W
2011,TOR,AL,E
2011,WAS,NL,E
2012,ALS,AL,
2012,ANA,AL,W
2012,ARI,NL,W
2012,ATL,NL,E
2012,BAL,AL,E
2012,BOS,AL,E
2012,CHA,AL,C
2012,CHN,NL,C
2012,CIN,NL,C
2012,CLE,AL,C
2012,COL,NL,W
2012,DET,AL,C
2012,HOU,NL,C
2012,KCA,AL,C
2012,LAN,NL,W
2012,MIA,NL,E
2012,MIL,NL,C
2012,MIN,AL,C
2012,NLS,NL,
2012,NYA,AL,E
2012,NYN,NL,E
2012,OAK,AL,W
2012,PHI,NL,E
2012,PIT,NL,C
2012,SDN,NL,W
2012,SEA,AL,W
2012,SFN,NL,W
2012,SLN,NL,C
2012,TBA,AL,E
2012,TEX,AL,W
2012,TOR,AL,E
2012,WAS,NL,E
2013,ALS,AL,
2013,ANA,AL,W
2013,ARI,NL,W
2013,ATL,NL,E
2013,BAL,AL,E
2013,BOS,AL,E
2013,CHA,AL,C
2013,CHN,NL,C
2013,CIN,NL,C
2013,CLE,AL,C
2013,COL,NL,W
2013,DET,AL,C
2013,HOU,AL,W
2013,KCA,AL,C
2013,LAN,NL,W
2013,MIA,NL,E
2013,MIL,NL,C
2013,MIN,AL,C
2013,NLS,NL,
2013,NYA,AL,E
2013,NYN,NL,E
2013,OAK,AL,W
2013,PHI,NL,E
2013,PIT,NL,C
2013,SDN,NL,W
2013,SEA,AL,W
2013,SFN,NL,W
2013,SLN,NL,C
2013,TBA,AL,E
2013,TEX,AL,W
2013,TOR,AL,E
2013,WAS,NL,E
2014,ALS,AL,
2014,ANA,AL,W
2014,ARI,NL,W
2014,ATL,NL,E
2014,BAL,AL,E
2014,BOS,AL,E
2014,CHA,AL,C
2014,CHN,NL,C
2014,CIN,NL,C
2014,CLE,AL,C
2014,COL,NL,W
2014,DET,AL,C
2014,HOU,AL,W
2014,KCA,AL,C
2014,LAN,NL,W
2014,MIA,NL,E
2014,MIL,NL,C
2014,MIN,AL,C
2014,NLS,NL,
2014,NYA,AL,E
2014,NYN,NL,E
2014,OAK,AL,W
2014,PHI,NL,E
2014,PIT,NL,C
2014,SDN,NL,W
2014,SEA,AL,W
2014,SFN,NL,W
2014,SLN,NL,C
2014,TBA,AL,E
2014,TEX,AL,W
2014,TOR,AL,E
2014,WAS,NL,E
2015,ALS,AL,
2015,ANA,AL,W
2015,ARI,NL,W
2015,ATL,NL,E
2015,BAL,AL,E
2015,BOS,AL,E
2015,CHA,AL,C
2015,CHN,NL,C
2015,CIN,NL,C
2015,CLE,AL,C
2015,COL,NL,W
2015,DET,AL,C
2015,HOU,AL,W
2015,KCA,AL,C
2015,LAN,NL,W
2015,MIA,NL,E
2015,MIL,NL,C
2015,MIN,AL,C
2015,NLS,NL,
2015,NYA,AL,E
2015,NYN,NL,E
2015,OAK,AL,W
2015,PHI,NL,E
2015,PIT,NL,C
2015,SDN,NL,W
2015,SEA,AL,W
2015,SFN,NL,W
2015,SLN,NL,C
2015,TBA,AL,E
2015,TEX,AL,W
2015,TOR,AL,E
2015,WAS,NL,E
2016,ALS,AL,
2016,ANA,AL,W
2016,ARI,NL,W
2016,ATL,NL,E
2016,BAL,AL,E
2016,BOS,AL,E
2016,CHA,AL,C
2016,CHN,NL,C
2016,CIN,NL,C
2016,CLE,AL,C
2016,COL,NL,W
2016,DET,AL,C
2016,HOU,AL,W
2016,KCA,AL,C
2016,LAN,NL,W
2016,MIA,NL,E
2016,MIL,NL,C
2016,MIN,AL,C
2016,NLS,NL,
2016,NYA,AL,E
2016,NYN,NL,E
2016,OAK,AL,W
2016,PHI,NL,E
2016,PIT,NL,C
2016,SDN,NL,W
2016,SEA,AL,W
2016,SFN,NL,W
2016,SLN,NL,C
2016,TBA,AL,E
2016,TEX,AL,W
2016,TOR,AL,E
2016,WAS,NL,E
2017,ALS,AL,
2017,ANA,AL,W
2017,ARI,NL,W
2017,ATL,NL,E
2017,BAL,AL,E
2017,BOS,AL,E
2017,CHA,AL,C
2017,CHN,NL,C
2017,CIN,NL,C
2017,CLE,AL,C
2017,COL,NL,W
2017,DET,AL,C
2017,HOU,AL,W
2017,KCA,AL,C
2017,LAN,NL,W
2017,MIA,NL,E
2017,MIL,NL,C
2017,MIN,AL,C
2017,NLS,NL,
2017,NYA,AL,E
2017,NYN,NL,E
2017,OAK,AL,W
2017,PHI,NL,E
2017,PIT,NL,C
2017,SDN,NL,W
2017,SEA,AL,W
2017,SFN,NL,W
2017,SLN,NL,C
2017,TBA,AL,E
2017,TEX,AL,W
2017,TOR,AL,E
2017,WAS,NL,E
2018,ALS,AL,
2018,ANA,AL,W
2018,ARI,NL,W
2018,ATL,NL,E
2018,BAL,AL,E
2018,BOS,AL,E
2018,CHA,AL,C
2018,CHN,NL,C
2018,CIN,NL,C
2018,CLE,AL,C
2018,COL,NL,W
2018,DET,AL,C
2018,HOU,AL,W
2018,KCA,AL,C
2018,LAN,NL,W
2018,MIA,NL,E
2018,MIL,NL,C
2018,MIN,AL,C
2018,NLS,NL,
2018,NYA,AL,E
2018,NYN,NL,E
2018,OAK,AL,W
2018,PHI,NL,E
2018,PIT,NL,C
2018,SDN,NL,W
2018,SEA,AL,W
2018,SFN,NL,W
2018,SLN,NL,C
2018,TBA,AL,E
2018,TEX,AL,W
2018,TOR,AL,E
2018,WAS,NL,E
2019,ALS,AL,
2019,ANA,AL,W
2019,ARI,NL,W
2019,ATL,NL,E
2019,BAL,AL,E
2019,BOS,AL,E
2019,CHA,AL,C
2019,CHN,NL,C
2019,CIN,NL,C
2019,CLE,AL,C
2019,COL,NL,W
2019,DET,AL,C
2019,HOU,AL,W
2019,KCA,AL,C
2019,LAN,NL,W
2019,MIA,NL,E
2019,MIL,NL,C
2019,MIN,AL,C
2019,NLS,NL,
2019,NYA,AL,E
2019,NYN,NL,E
2019,OAK,AL,W
2019,PHI,NL,E
2019,PIT,NL,C
2019,SDN,NL,W
2019,SEA,AL,W
2019,SFN,NL,W
2019,SLN,NL,C
2019,TBA,AL,E
2019,TEX,AL,W
2019,TOR,AL,E
2019,WAS,NL,E
2020,ANA,AL,W
2020,ARI,NL,W
2020,ATL,NL,E
2020,BAL,AL,E
2020,BOS,AL,E
2020,CHA,AL,C
2020,CHN,NL,C
2020,CIN,NL,C
2020,CLE,AL,C
2020,COL,NL,W
2020,DET,AL,C
2020,HOU,AL,W
2020,KCA,AL,C
2020,LAN,NL,W
2020,MIA,NL,E
2020,MIL,NL,C
2020,MIN,AL,C
2020,NYA,AL,E
2020,NYN,NL,E
2020,OAK,AL,W
2020,PHI,NL,E
2020,PIT,NL,C
2020,SDN,NL,W
2020,SEA,AL,W
2020,SFN,NL,W
2020,SLN,NL,C
2020,TBA,AL,E
2020,TEX,AL,W
2020,TOR,AL,E
2020,WAS,NL,E
2021,ALS,AL,
2021,ANA,AL,W
2021,ARI,NL,W
2021,ATL,NL,E
2021,BAL,AL,E
2021,BOS,AL,E
2021,CHA,AL,C
2021,CHN,NL,C
2021,CIN,NL,C
2021,CLE,AL,C
2021,COL,NL,W
2021,DET,AL,C
2021,HOU,AL,W
2021,KCA,AL,C
2021,LAN,NL,W
2021,MIA,NL,E
2021,MIL,NL,C
2021,MIN,AL,C
2021,NLS,NL,
2021,NYA,AL,E
2021,NYN,NL,E
2021,OAK,AL,W
2021,PHI,NL,E
2021,PIT,NL,C
2021,SDN,NL,W
2021,SEA,AL,W
2021,SFN,NL,W
2021,SLN,NL,C
2021,TBA,AL,E
2021,TEX,AL,W
2021,TOR,AL,E
2021,WAS,NL,E
2022,ALS,AL,
2022,ANA,AL,W
2022,ARI,NL,W
2022,ATL,NL,E
2022,BAL,AL,E
2022,BOS,AL,E
2022,CHA,AL,C
2022,CHN,NL,C
2022,CIN,NL,C
2022,CLE,AL,C
2022,COL,NL,W
2022,DET,AL,C
2022,HOU,AL,W
2022,KCA,AL,C
2022,LAN,NL,W
2022,MIA,NL,E
2022,MIL,NL,C
2022,MIN,AL,C
2022,NLS,NL,
2022,NYA,AL,E
2022,NYN,NL,E
2022,OAK,AL,W
2022,PHI,NL,E
2022,PIT,NL,C
2022,SDN,NL,W
2022,SEA,AL,W
2022,SFN,NL,W
2022,SLN,NL,C
2022,TBA,AL,E
2022,TEX,AL,W
2022,TOR,AL,E
2022,WAS,NL,E
