id,current_id,league_id,location,name,established_date,defunct_date
ACY,,ECL,Atlantic City,Bacharach Giants,1916-04-01,1929-11-01
AGS,,,Augie Galan,All Stars,1944-04-01,1944-11-01
AKR,,,Akron,Grays,1933-04-01,1933-11-01
ALS,,,American League,All Stars,1926-04-01,1935-11-01
ALT,,UA,Altoona,Mountain Citys,1884-04-01,1884-11-01
ANA,ANA,AL,Anaheim,Angels,1997-04-01,2023-11-01
ARI,ARI,NL,Arizona,Diamondbacks,1998-04-01,2023-11-01
ASB,,,Baltimore,All Stars,1927-04-01,1932-11-01
ASC,,,Max Carey,All Stars,1930-04-01,1931-11-01
ASD,,,Dizzy Dean,All Stars,1934-04-01,1942-11-01
ASE,,,East,All Stars,1933-04-01,1948-11-01
ASF,,,Bob Feller,All Stars,1945-04-01,1947-11-01
ASG,,,Lefty Grove,All Stars,1930-04-01,1930-11-01
ASL,,,Lou Gehrig,All Stars,1929-04-01,1929-11-01
ASO,,,Steve O'Neill,All Stars,1931-04-01,1931-11-01
ASP,,,Satchel Paige,All-Stars,1946-04-01,1946-11-01
AST,,,Taylor,All Stars,1940-04-01,1940-11-01
ASW,,,West,All Stars,1933-04-01,1948-11-01
ATL,ATL,NL,Atlanta,Braves,1966-04-01,2023-11-01
ATN,,,Atlanta,Black Crackers,1932-04-01,1939-11-01
BAL,BAL,AL,Baltimore,Orioles,1954-04-01,2023-11-01
BCG,,,Baltimore,Colored Giants,1943-04-01,1943-11-01
BFN,,NL,Buffalo,Bisons,1879-04-01,1885-11-01
BFP,,PL,Buffalo,Bisons,1890-04-01,1890-11-01
BIR,,NNL;NAL,Birmingham,Black Barons,1923-04-01,1948-11-01
BKB,,,Brooklyn,Bushwicks,1934-04-01,1934-11-01
BL1,,,Baltimore,Lord Baltimores,1872-04-01,1874-11-01
BL2,,AA,Baltimore,Orioles,1882-04-01,1889-11-01
BL3,,AA,Baltimore,Orioles,1890-04-01,1891-11-01
BL4,,,Baltimore,Marylands,1873-04-01,1873-11-01
BLA,NYA,AL,Baltimore,Orioles,1901-04-01,1902-11-01
BLF,,FL,Baltimore,Terrapins,1914-04-01,1915-11-01
BLG,,NN2,Baltimore,Elite Giants,1938-04-01,1948-11-01
BLN,,NL,Baltimore,Orioles,1892-04-01,1899-11-01
BLS,,ECL;ANL,Baltimore,Black Sox,1920-04-01,1934-11-01
BLU,,UA,Baltimore,Monumentals,1884-04-01,1884-11-01
BOS,BOS,AL,Boston,Red Sox,1901-04-01,2023-11-01
BR1,,,Brooklyn,Eckfords,1872-04-01,1872-11-01
BR2,,,Brooklyn,Atlantics,1872-04-01,1875-11-01
BR3,LAN,AA,Brooklyn,Dodgers,1884-04-01,1889-11-01
BR4,LAN,AA,Brooklyn,Gladiators,1890-04-01,1890-11-01
BRF,,FL,Brooklyn,Tip-Tops,1914-04-01,1915-11-01
BRG,,ECL,Brooklyn,Royal Giants,1904-04-01,1937-11-01
BRN,,NN2,Brooklyn,Eagles,1935-04-01,1936-11-01
BRO,LAN,NL,Brooklyn,Dodgers,1890-04-01,1957-11-01
BRP,,PL,Brooklyn,Wonders,1890-04-01,1890-11-01
BRS,,,Babe Ruth,All Stars,1935-04-01,1935-11-01
BS1,ATL,,Boston,Braves,1871-04-01,1875-11-01
BS2,,AA,Boston,Reds,1891-04-01,1891-11-01
BSN,ATL,NL,Boston,Braves,1876-04-01,1952-11-01
BSP,,PL,Boston,Reds,1890-04-01,1890-11-01
BSU,,UA,Boston,Reds,1884-04-01,1884-11-01
BUF,,FL,Buffalo,Blues,1914-04-01,1915-11-01
CAG,,NN1;NSL;NN2;NAL,Chicago,American Giants,1911-04-01,1948-11-01
CAL,ANA,AL,California,Angels,1965-04-01,1996-11-01
CB1,,NN1,Columbus,Buckeyes,1921-04-01,1921-11-01
CB2,,NN2,Columbus,Bluebirds,1933-04-01,1933-11-01
CB3,,NN2,Columbus,Elite Giants,1935-04-01,1935-11-01
CCA,,NAL,Cincinnati-Cleveland,Bears,1942-04-01,1942-11-01
CDA,,,Chuck Dressen,All Stars,1945-04-01,1945-11-01
CG1,,NN1,Chicago,Giants,1910-04-01,1921-11-01
CH1,CHN,,Chicago,White Stockings,1871-04-01,1871-11-01
CH2,CHN,,Chicago,White Stockings,1874-04-01,1875-11-01
CHA,CHA,AL,Chicago,White Sox,1901-04-01,2023-11-01
CHF,,FL,Chicago,Whales,1914-04-01,1915-11-01
CHM,,,Chicago,Mills,1934-04-01,1935-11-01
CHN,CHN,NL,Chicago,Cubs,1876-04-01,2023-11-01
CHP,,PL,Chicago,Pirates,1890-04-01,1890-11-01
CHU,,UA,Chicago-Pittsburgh,Browns,1884-04-01,1884-11-01
CI1,,NAL,Cincinnati,Tigers,1937-04-01,1937-11-01
CI2,,NAL,Cincinnati,Clowns,1942-04-01,1943-11-01
CIA,,NAL,Cincinnati-Indianapolis,Clowns,1944-04-01,1945-11-01
CIN,CIN,NL,Cincinnati,Reds,1890-04-01,2023-11-01
CL1,,,Cleveland,Forest Cities,1871-04-01,1872-11-01
CL2,,NL,Cleveland,Spiders,1879-04-01,1884-11-01
CL3,,AA,Cleveland,Spiders,1887-04-01,1888-11-01
CL4,,NL,Cleveland,Spiders,1889-04-01,1899-11-01
CL5,,AA,Columbus,Colts,1883-04-01,1884-11-01
CL6,,AA,Columbus,Colts,1889-04-01,1891-11-01
CLE,CLE,AL,Cleveland,Indians,1901-04-01,2023-11-01
CLG,,,Cleveland,Giants,1928-04-01,1928-11-01
CLP,,PL,Cleveland,Infants,1890-04-01,1890-11-01
CN1,,NL,Cincinnati,Reds,1876-04-01,1880-11-01
CN2,CIN,AA,Cincinnati,Reds,1882-04-01,1889-11-01
CN3,,AA,Cincinnati,Kelly's Killers,1891-04-01,1891-11-01
CN4,,NL,Cincinnati,Stars,1880-04-01,1880-11-01
CNN,,NN1,Cincinnati,Cubans,1921-04-01,1921-11-01
CNU,,UA,Cincinnati,Outlaw Reds,1884-04-01,1884-11-01
COL,COL,NL,Colorado,Rockies,1993-04-01,2023-11-01
CUE,,ECL,Cuban,Stars (East),1916-04-01,1929-11-01
CUH,,,Cuban,House of David,1931-04-01,1931-11-01
CUP,,EW,Cuban,Stars,1932-04-01,1932-11-01
CUW,,NN1,Cuban,Stars (West),1906-04-01,1930-11-01
CV1,,NN1,Cleveland,Tate Stars,1922-04-01,1922-11-01
CV2,,NN1,Cleveland,Browns,1924-04-01,1924-11-01
CV3,,NN1,Cleveland,Elites,1926-04-01,1926-11-01
CV4,,NN1,Cleveland,Hornets,1927-04-01,1927-11-01
CV5,,NN1,Cleveland,Tigers,1928-04-01,1928-11-01
CV6,,NN1,Cleveland,Cubs,1931-04-01,1931-11-01
CV7,,,Cleveland,Giants,1933-04-01,1933-11-01
CV8,,,Cleveland,Red Sox,1934-04-01,1934-11-01
CV9,,NAL,Cleveland,Bears,1939-04-01,1940-11-01
CVB,,NAL,Cleveland,Buckeyes,1943-04-01,1948-11-01
CVS,,,Cleveland,Stars,1932-04-01,1932-11-01
DAY,,NN1,Dayton,Marcos,1918-04-01,1926-11-01
DET,DET,AL,Detroit,Tigers,1901-04-01,2023-11-01
DI1,,,Detroit - Indianapolis,Stars,1933-04-01,1933-11-01
DT1,,NN1,Detroit,Stars,1919-04-01,1931-11-01
DT2,,NAL,Detroit,Stars,1937-04-01,1937-11-01
DTN,,NL,Detroit,Wolverines,1881-04-01,1888-11-01
DTW,,EW,Detroit,Wolves,1932-04-01,1932-11-01
ECG,,,Eastern,Colored Giants,1941-04-01,1941-11-01
ELI,,,Elizabeth,Resolutes,1873-04-01,1873-11-01
FLO,MIA,NL,Florida,Marlins,1993-04-01,2011-11-01
FW1,,,Ft. Wayne,Kekiongas,1871-04-01,1871-11-01
GLK,,,Great Lakes,Naval Training,1943-04-01,1943-11-01
HAE,,ECL,Harrisburg,Giants,1924-04-01,1927-11-01
HAR,,NL,Hartford,Dark Blues,1876-04-01,1877-11-01
HAS,,,Harlem,Stars,1931-04-01,1931-11-01
HIL,,ECL,Hilldale,Giants,1917-04-01,1932-11-01
HOM,,NN2,Homestead,Grays,1918-04-01,1948-11-01
HOU,,NL;AL,Houston,Astros,1962-04-01,2023-11-01
HR1,,,Hartford,Dark Blues,1874-04-01,1875-11-01
HSL,,NN2,Harrisburg - St. Louis,Stars,1943-04-01,1943-11-01
IN1,,NL,Indianapolis,Blues,1878-04-01,1878-11-01
IN2,,AA,Indianapolis,Blues,1884-04-01,1884-11-01
IN3,,NL,Indianapolis,Hoosiers,1887-04-01,1889-11-01
IN4,,NN1,Indianapolis,ABC's,1907-04-01,1926-11-01
IN5,,,Indianapolis,ABC's,1931-04-01,1932-11-01
IN6,,,Indianapolis,Athletics,1937-04-01,1937-11-01
IN7,,NAL,Indianapolis,ABC's,1938-04-01,1938-11-01
IN8,,NAL,Indianapolis,Crawfords,1940-04-01,1940-11-01
IN9,,NAL,Indianapolis,Clowns,1946-04-01,1948-11-01
IND,,FL,Indianapolis,Hoosiers,1914-04-01,1914-11-01
JAX,,,Jacksonville,Red Caps,1938-04-01,1942-11-01
KC1,OAK,AL,Kansas City,Athletics,1955-04-01,1967-11-01
KC2,,AA,Kansas City,Cowboys,1888-04-01,1889-11-01
KCA,KCA,AL,Kansas City,Royals,1969-04-01,2023-11-01
KCF,,FL,Kansas City,Packers,1914-04-01,1915-11-01
KCM,,NN1;NAL,Kansas City,Monarchs,1920-04-01,1948-11-01
KCN,,NL,Kansas City,Cowboys,1886-04-01,1886-11-01
KCR,,,Kansas City,Royals,1943-04-01,1948-11-01
KCU,,UA,Kansas City,Cowboys,1884-04-01,1884-11-01
KEO,,,Keokuk,Westerns,1875-04-01,1875-11-01
KLK,,,Kelley,Kars,1930-04-01,1930-11-01
LAA,ANA,AL,Los Angeles,Angels,1961-04-01,1964-11-01
LAN,LAN,NL,Los Angeles,Dodgers,1958-04-01,2023-11-01
LRS,,NSL,Little Rock,Black Travelers,1932-04-01,1932-11-01
LS1,,NL,Louisville,Grays,1876-04-01,1877-11-01
LS2,,AA,Louisville,Colonels,1882-04-01,1891-11-01
LS3,,NL,Louisville,Colonels,1892-04-01,1899-11-01
LS4,,,Louisville,White Caps,1930-04-01,1932-11-01
MEM,,NAL,Memphis,Red Sox,1924-04-01,1948-11-01
MIA,MIA,NL,Miami,Marlins,2012-04-01,2023-11-01
MID,,,Middletown,Mansfields,1872-04-01,1872-11-01
MIL,,AL;NL,Milwaukee,Brewers,1970-04-01,2023-11-01
MIN,MIN,AL,Minnesota,Twins,1961-04-01,2023-11-01
ML2,,NL,Milwaukee,Cream Citys,1878-04-01,1878-11-01
ML3,,AA,Milwaukee,Brewers,1891-04-01,1891-11-01
ML4,,NN1,Milwaukee,Bears,1923-04-01,1923-11-01
MLA,BAL,AL,Milwaukee,Brewers,1901-04-01,1901-11-01
MLN,ATL,NL,Milwaukee,Braves,1953-04-01,1965-11-01
MLS,,,Major League,All Stars,1931-04-01,1948-11-01
MLU,,UA,Milwaukee,Brewers,1884-04-01,1884-11-01
MNR,,NSL,Monroe,Monarchs,1932-04-01,1932-11-01
MON,WAS,NL,Montreal,Expos,1969-04-01,2004-11-01
MTG,,NSL,Montgomery,Grey Sox,1932-04-01,1932-11-01
NAS,,,North,All Stars,1944-04-01,1945-11-01
NBG,,,New York,Bacharach Giants,1922-04-01,1922-11-01
NEW,,FL,Newark,Peppers,1915-04-01,1915-11-01
NH1,,,New Haven,New Havens,1875-04-01,1875-11-01
NLS,,,National League,All Stars,1932-04-01,1932-11-01
NNS,,,Negro League,All Stars,1934-04-01,1945-11-01
NSH,,,Nashville,Elite Giants,1929-04-01,1934-11-01
NW1,,NN2,Newark,Dodgers,1934-04-01,1935-11-01
NW2,,NN2,Newark,Eagles,1936-04-01,1948-11-01
NWS,,,Newark,Stars,1926-04-01,1926-11-01
NWW,,,Newark,Browns,1932-04-01,1932-11-01
NY1,SFN,NL,New York,Giants,1883-04-01,1957-11-01
NY2,,,New York,Mutuals,1871-04-01,1875-11-01
NY3,,NL,New York,Mutuals,1876-04-01,1876-11-01
NY4,,AA,New York,Metropolitans,1883-04-01,1887-11-01
NY5,,NN2,New York,Black Yankees,1932-04-01,1948-11-01
NY6,,NN2,New York,Cubans,1935-04-01,1948-11-01
NYA,NYA,AL,New York,Yankees,1903-04-01,2023-11-01
NYL,,ECL,New York,Lincoln Giants,1911-04-01,1930-11-01
NYN,NYN,NL,New York,Mets,1962-04-01,2023-11-01
NYP,,PL,New York,Giants,1890-04-01,1890-11-01
OAK,OAK,AL,Oakland,Athletics,1968-04-01,2023-11-01
PH1,,,Philadelphia,Athletics,1871-04-01,1875-11-01
PH2,,,Philadelphia,White Stockings,1873-04-01,1875-11-01
PH3,,,Philadelphia,Centennials,1875-04-01,1875-11-01
PH4,,AA,Philadelphia,Athletics,1882-04-01,1891-11-01
PH5,,NN2,Philadelphia,Stars,1934-04-01,1948-11-01
PH6,,,Philadelphia,Bacharach Giants,1934-04-01,1934-11-01
PHA,OAK,AL,Philadelphia,Athletics,1901-04-01,1954-11-01
PHE,,,Philadelphia,Tigers,1928-04-01,1928-11-01
PHI,PHI,NL,Philadelphia,Phillies,1883-04-01,2023-11-01
PHN,,NL,Philadelphia,Athletics,1876-04-01,1876-11-01
PHP,,PL,Philadelphia,Quakers,1890-04-01,1890-11-01
PHU,,UA,Philadelphia,Keystones,1884-04-01,1884-11-01
PIR,,,Pirrone,All Stars,1925-04-01,1943-11-01
PIT,PIT,NL,Pittsburgh,Pirates,1887-04-01,2023-11-01
PRC,,,Pennsylvania,Red Caps,1917-04-01,1920-11-01
PRG,,,Philadelphia,Royal Giants,1925-04-01,1942-11-01
PRK,,,Parker,All Stars,1942-04-01,1945-11-01
PRO,,NL,Providence,Grays,1878-04-01,1885-11-01
PT1,PIT,AA,Pittsburgh,Pirates,1882-04-01,1886-11-01
PTC,,NN2,Pittsburgh,Crawfords,1931-04-01,1938-11-01
PTF,,FL,Pittsburgh,Rebels,1914-04-01,1915-11-01
PTK,,,Pittsburgh,Keystones,1922-04-01,1922-11-01
PTP,,PL,Pittsburgh,Burghers,1890-04-01,1890-11-01
RC1,,,Rockford,Forest Citys,1871-04-01,1871-11-01
RC2,,AA,Rochester,Hop Bitters,1890-04-01,1890-11-01
RIC,,AA,Richmond,Virginias,1884-04-01,1884-11-01
SAS,,,South,All Stars,1944-04-01,1945-11-01
SCU,,,Stars,of Cuba,1931-04-01,1931-11-01
SDN,SDN,NL,San Diego,Padres,1969-04-01,2023-11-01
SE1,MIL,AL,Seattle,Pilots,1969-04-01,1969-11-01
SEA,SEA,AL,Seattle,Mariners,1977-04-01,2023-11-01
SFN,SFN,NL,San Francisco,Giants,1958-04-01,2023-11-01
SHR,,,Shroyer,All Stars,1935-04-01,1935-11-01
SHV,,,Shevlin,All Stars,1933-04-01,1933-11-01
SL1,,,St. Louis,Red Stockings,1875-04-01,1875-11-01
SL2,,,St. Louis,Brown Stockings,1875-04-01,1875-11-01
SL3,,NL,St. Louis,Brown Stockings,1876-04-01,1877-11-01
SL4,,AA,St. Louis,Cardinals,1882-04-01,1891-11-01
SL5,,NL,St. Louis,Maroons,1885-04-01,1886-11-01
SLA,BAL,AL,St.Louis,Browns,1902-04-01,1953-11-01
SLF,,FL,St.Louis,Terriers,1914-04-01,1915-11-01
SLG,,NN1,St. Louis,Giants,1911-04-01,1921-11-01
SLN,SLN,NL,St. Louis,Cardinals,1892-04-01,2023-11-01
SLU,,UA,St. Louis,Maroons,1884-04-01,1884-11-01
SNO,,NAL,St. Louis - New Orleans,Stars,1940-04-01,1941-11-01
SPU,,UA,St. Paul,Saints,1884-04-01,1884-11-01
SR1,,NL,Syracuse,Stars,1879-04-01,1879-11-01
SR2,,AA,Syracuse,Stars,1890-04-01,1890-11-01
SSA,,NAL,St. Louis,Stars,1937-04-01,1939-11-01
SSN,,NN1,St. Louis,Stars,1922-04-01,1931-11-01
TBA,TBA,AL,Tampa Bay,Devil Rays,1998-04-01,2023-11-01
TEX,TEX,AL,Texas,Rangers,1972-04-01,2023-11-01
TL1,,AA,Toledo,Blue Stockings,1884-04-01,1884-11-01
TL2,,AA,Toledo,Maumees,1890-04-01,1890-11-01
TLC,,NN2;NAL,Toledo,Crawfords,1939-04-01,1939-11-01
TLN,,,Toledo,Tigers,1923-04-01,1923-11-01
TOR,TOR,AL,Toronto,Blue Jays,1977-04-01,2023-11-01
TRN,,NL,Troy,Trojans,1879-04-01,1882-11-01
TRO,,,Troy,Haymakers,1871-04-01,1872-11-01
TWA,,,Ted Williams,All Stars,1941-04-01,1941-11-01
VDA,,,Vince DiMaggio,All Stars,1945-04-01,1945-11-01
WAS,WAS,NL,Washington,Nationals,2005-04-01,2023-11-01
WBS,,,Washington,Black Senators,1938-04-01,1938-11-01
WEG,,NN2,Washington,Elite Giants,1936-04-01,1937-11-01
WHK,,,White,Kings,1925-04-01,1937-11-01
WIL,,UA,Wilmington,Quicksteps,1884-04-01,1884-11-01
WLE,,ECL,Wilmington,Potomacs,1925-04-01,1925-11-01
WOR,,NL,Worcester,Ruby Legs,1880-04-01,1882-11-01
WPS,,,Western Pipe & Steel,Boilermakers,1943-04-01,1943-11-01
WS1,MIN,AL,Washington,Senators,1901-04-01,1960-11-01
WS2,TEX,AL,Washington,Senators,1961-04-01,1971-11-01
WS3,,,Washington,Olympics,1871-04-01,1872-11-01
WS4,,,Washington,Nationals,1872-04-01,1872-11-01
WS5,,,Washington,Nationals,1873-04-01,1873-11-01
WS6,,,Washington,Olympics,1875-04-01,1875-11-01
WS7,,AA,Washington,Nationals,1884-04-01,1884-11-01
WS8,,NL,Washington,Senators,1886-04-01,1889-11-01
WS9,,AA,Washington,Senators,1891-04-01,1891-11-01
WSE,,ECL,Washington,Potomacs,1924-04-01,1924-11-01
WSN,,NL,Washington,Senators,1892-04-01,1899-11-01
WSU,,UA,Washington,Nationals,1884-04-01,1884-11-01
WSW,,EW,Washington,Pilots,1932-04-01,1932-11-01
