id,current_id,name1,name2,alt_name,league,division,city,state,est_date,last_date
ACY,,Atlantic City,Bacharach Giants,,ECL,,Atlantic City,NJ,1916-04-01,1929-11-01
AGS,,Augie Galan,All Stars,,,,,,1944-04-01,1944-11-01
AKR,,Akron,Grays,Tyrites,,,Akron,OH,1933-04-01,1933-11-01
ALS,,American League,All Stars,,,,,,1926-04-01,1935-11-01
ALT,,Altoona,Mountain Citys,,UA,,Altoona,PA,1884-04-01,1884-11-01
ANA,ANA,Anaheim,Angels,,AL,W,Anaheim,CA,1997-04-02,2004-10-03
ANA,ANA,Los Angeles,Angels,,AL,W,Anaheim,CA,2005-04-05,
ARI,ARI,Arizona,Diamondbacks,,NL,W,Phoenix,AZ,1998-03-31,
ASB,,Baltimore,All Stars,,,,Baltimore,MD,1927-04-01,1932-11-01
ASC,,Max Carey,All Stars,,,,,,1930-04-01,1931-11-01
ASD,,Dizzy Dean,All Stars,,,,,,1934-04-01,1942-11-01
ASE,,East,All Stars,,,,,,1933-04-01,1948-11-01
ASF,,Bob Feller,All Stars,,,,,,1945-04-01,1947-11-01
ASG,,Lefty Grove,All Stars,,,,,,1930-04-01,1930-11-01
ASL,,Lou Gehrig,All Stars,,,,,,1929-04-01,1929-11-01
ASO,,Steve O'Neill,All Stars,,,,,,1931-04-01,1931-11-01
ASP,,Satchel Paige,All-Stars,,,,,,1946-04-01,1946-11-01
AST,,Taylor,All Stars,,,,,,1940-04-01,1940-11-01
ASW,,West,All Stars,,,,,,1933-04-01,1948-11-01
ATL,ATL,Atlanta,Braves,,NL,,Atlanta,GA,1966-04-12,1968-09-29
ATL,ATL,Atlanta,Braves,,NL,W,Atlanta,GA,1969-04-07,1993-10-03
ATL,ATL,Atlanta,Braves,,NL,E,Atlanta,GA,1994-04-04,
ATN,,Atlanta,Black Crackers,,,,Atlanta,GA,1932-04-01,1939-11-01
BAL,BAL,Baltimore,Orioles,,AL,,Baltimore,MD,1954-04-13,1968-09-27
BAL,BAL,Baltimore,Orioles,,AL,E,Baltimore,MD,1969-04-08,
BCG,,Baltimore,Colored Giants,,,,Baltimore,MD,1943-04-01,1943-11-01
BFN,,Buffalo,Bisons,,NL,,Buffalo,NY,1879-04-01,1885-11-01
BFP,,Buffalo,Bisons,,PL,,Buffalo,NY,1890-04-01,1890-11-01
BIR,,Birmingham,Black Barons,,NNL;NAL,,Birmingham,AL,1923-04-01,1948-11-01
BKB,,Brooklyn,Bushwicks,,,,Brooklyn,NY,1934-04-01,1934-11-01
BL1,,Baltimore,Lord Baltimores,,,,Baltimore,MD,1872-04-01,1874-11-01
BL2,,Baltimore,Orioles,,AA,,Baltimore,MD,1882-04-01,1889-11-01
BL3,,Baltimore,Orioles,,AA,,Baltimore,MD,1890-04-01,1891-11-01
BL4,,Baltimore,Marylands,,,,Baltimore,MD,1873-04-01,1873-11-01
BLA,NYA,Baltimore,Orioles,,AL,,Baltimore,MD,1901-04-26,1902-09-29
BLF,,Baltimore,Terrapins,,FL,,Baltimore,MD,1914-04-01,1915-11-01
BLG,,Baltimore,Elite Giants,,NN2,,Baltimore,MD,1938-04-01,1948-11-01
BLN,,Baltimore,Orioles,,NL,,Baltimore,MD,1892-04-01,1899-11-01
BLS,,Baltimore,Black Sox,,ECL;ANL,,Baltimore,MD,1920-04-01,1934-11-01
BLU,,Baltimore,Monumentals,,UA,,Baltimore,MD,1884-04-01,1884-11-01
BOS,BOS,Boston,Americans,Somersets,AL,,Boston,MA,1901-04-26,1907-10-05
BOS,BOS,Boston,Red Sox,,AL,,Boston,MA,1908-04-14,1968-09-29
BOS,BOS,Boston,Red Sox,,AL,E,Boston,MA,1969-04-08,
BR1,,Brooklyn,Eckfords,,,,Brooklyn,NY,1872-04-01,1872-11-01
BR2,,Brooklyn,Atlantics,,,,Brooklyn,NY,1872-04-01,1875-11-01
BR3,LAN,Brooklyn,Atlantics,Trolley Dodgers,AA,,Brooklyn,NY,1884-05-01,1884-10-15
BR3,LAN,Brooklyn,Grays,Trolley Dodgers,AA,,Brooklyn,NY,1885-04-20,1887-10-10
BR4,LAN,Brooklyn,Bridegrooms,,AA,,Brooklyn,NY,1888-04-08,1889-10-14
BRF,,Brooklyn,Tip-Tops,,FL,,Brooklyn,NY,1914-04-01,1915-11-01
BRG,,Brooklyn,Royal Giants,,ECL,,Brooklyn,NY,1904-04-01,1937-11-01
BRN,,Brooklyn,Eagles,,NN2,,Brooklyn,NY,1935-04-01,1936-11-01
BRO,LAN,Brooklyn,Bridegrooms,Grooms,NL,,Brooklyn,NY,1890-04-19,1898-10-15
BRO,LAN,Brooklyn,Superbas,,NL,,Brooklyn,NY,1899-04-15,1910-10-12
BRO,LAN,Brooklyn,Dodgers,Superbas,NL,,Brooklyn,NY,1911-04-12,1912-10-05
BRO,LAN,Brooklyn,Superbas,,NL,,Brooklyn,NY,1913-04-09,1913-10-03
BRO,LAN,Brooklyn,Robins,,NL,,Brooklyn,NY,1914-04-14,1931-09-27
BRO,LAN,Brooklyn,Dodgers,,NL,,Brooklyn,NY,1932-04-12,1957-09-29
BRP,,Brooklyn,Wonders,,PL,,Brooklyn,NY,1890-04-01,1890-11-01
BRS,,Babe Ruth,All Stars,,,,,,1935-04-01,1935-11-01
BS1,ATL,Boston,Red Stockings,,,,Boston,MA,1871-05-05,1875-10-30
BS2,,Boston,Reds,,AA,,Boston,MA,1891-04-01,1891-11-01
BSN,ATL,Boston,Red Caps,,NL,,Boston,MA,1876-04-22,1882-10-02
BSN,ATL,Boston,Beaneaters,,NL,,Boston,MA,1883-05-01,1906-10-05
BSN,ATL,Boston,Doves,,NL,,Boston,MA,1907-04-15,1910-10-12
BSN,ATL,Boston,Rustlers,Heps,NL,,Boston,MA,1911-04-12,1911-10-09
BSN,ATL,Boston,Braves,,NL,,Boston,MA,1912-04-11,1935-09-29
BSN,ATL,Boston,Bees,,NL,,Boston,MA,1936-04-14,1940-09-29
BSN,ATL,Boston,Braves,,NL,,Boston,MA,1941-04-15,1952-09-28
BSP,,Boston,Reds,,PL,,Boston,MA,1890-04-01,1890-11-01
BSU,,Boston,Reds,,UA,,Boston,MA,1884-04-01,1884-11-01
BUF,,Buffalo,Blues,,FL,,Buffalo,NY,1914-04-01,1915-11-01
CAG,,Chicago,American Giants,,NN1;NSL;NN2;NAL,,Chicago,IL,1911-04-01,1948-11-01
CAL,ANA,California,Angels,,AL,,Anaheim,CA,1965-09-02,1968-09-29
CAL,ANA,California,Angels,,AL,W,Anaheim,CA,1969-04-08,1996-09-29
CB1,,Columbus,Buckeyes,,NN1,,Columbus,OH,1921-04-01,1921-11-01
CB2,,Columbus,Bluebirds,,NN2,,Columbus,OH,1933-04-01,1933-11-01
CB3,,Columbus,Elite Giants,,NN2,,Columbus,OH,1935-04-01,1935-11-01
CCA,,Cincinnati-Cleveland,Bears,,NAL,,Cincinnati,OH,1942-04-01,1942-11-01
CDA,,Chuck Dressen,All Stars,,,,,,1945-04-01,1945-11-01
CG1,,Chicago,Giants,,NN1,,Chicago,IL,1910-04-01,1921-11-01
CH1,CHN,Chicago,White Stockings,,,,Chicago,IL,1871-05-08,1871-10-30
CH2,CHN,Chicago,White Stockings,,,,Chicago,IL,1874-05-13,1875-10-27
CHA,CHA,Chicago,White Sox,,AL,,Chicago,IL,1901-04-24,1968-09-29
CHA,CHA,Chicago,White Sox,,AL,W,Chicago,IL,1969-04-08,1993-10-03
CHA,CHA,Chicago,White Sox,,AL,C,Chicago,IL,1994-04-04,
CHF,,Chicago,Whales,,FL,,Chicago,IL,1914-04-01,1915-11-01
CHM,,Chicago,Mills,,,,Chicago,IL,1934-04-01,1935-11-01
CHN,CHN,Chicago,White Stockings,,NL,,Chicago,IL,1876-04-25,1889-10-05
CHN,CHN,Chicago,Colts,,NL,,Chicago,IL,1890-04-19,1897-10-03
CHN,CHN,Chicago,Orphans,,NL,,Chicago,IL,1898-04-15,1902-10-05
CHN,CHN,Chicago,Cubs,,NL,,Chicago,IL,1903-04-16,1968-09-29
CHN,CHN,Chicago,Cubs,,NL,E,Chicago,IL,1969-04-08,1993-10-03
CHN,CHN,Chicago,Cubs,,NL,C,Chicago,IL,1994-04-04,
CHP,,Chicago,Pirates,,PL,,Chicago,IL,1890-04-01,1890-11-01
CHU,,Chicago-Pittsburgh,Browns,Stogies,UA,,Chicago,IL,1884-04-01,1884-11-01
CI1,,Cincinnati,Tigers,,NAL,,Cincinnati,OH,1937-04-01,1937-11-01
CI2,,Cincinnati,Clowns,,NAL,,Cincinnati,OH,1942-04-01,1943-11-01
CIA,,Cincinnati-Indianapolis,Clowns,,NAL,,Cincinnati,OH,1944-04-01,1945-11-01
CIN,CIN,Cincinnati,Reds,,NL,,Cincinnati,OH,1890-04-19,1953-09-27
CIN,CIN,Cincinnati,Redlegs,,NL,,Cincinnati,OH,1954-04-13,1959-06-27
CIN,CIN,Cincinnati,Reds,,NL,,Cincinnati,OH,1960-04-12,1968-09-29
CIN,CIN,Cincinnati,Reds,,NL,W,Cincinnati,OH,1969-04-07,1993-10-03
CIN,CIN,Cincinnati,Reds,,NL,C,Cincinnati,OH,1994-04-03,
CL1,,Cleveland,Forest Cities,,,,Cleveland,OH,1871-04-01,1872-11-01
CL2,,Cleveland,Spiders,,NL,,Cleveland,OH,1879-04-01,1884-11-01
CL3,,Cleveland,Spiders,,AA,,Cleveland,OH,1887-04-01,1888-11-01
CL4,,Cleveland,Spiders,,NL,,Cleveland,OH,1889-04-01,1899-11-01
CL5,,Columbus,Colts,,AA,,Columbus,OH,1883-04-01,1884-11-01
CL6,,Columbus,Colts,,AA,,Columbus,OH,1889-04-01,1891-11-01
CLE,CLE,Cleveland,Blues,,AL,,Cleveland,OH,1901-04-24,1901-09-28
CLE,CLE,Cleveland,Broncos,,AL,,Cleveland,OH,1902-04-23,1902-09-27
CLE,CLE,Cleveland,Naps,,AL,,Cleveland,OH,1903-04-22,1914-10-04
CLE,CLE,Cleveland,Indians,,AL,,Cleveland,OH,1915-04-14,1968-09-27
CLE,CLE,Cleveland,Indians,,AL,E,Cleveland,OH,1969-04-08,1993-10-03
CLE,CLE,Cleveland,Indians,,AL,C,Cleveland,OH,1994-04-04,2021-10-03
CLE,CLE,Cleveland,Guardians,,AL,C,Cleveland,OH,2022-04-07,
CLG,,Cleveland,Giants,,,,Cleveland,OH,1928-04-01,1928-11-01
CLP,,Cleveland,Infants,,PL,,Cleveland,OH,1890-04-01,1890-11-01
CN1,,Cincinnati,Reds,,NL,,Cincinnati,OH,1876-04-01,1880-11-01
CN2,CIN,Cincinnati,Red Stockings,,AA,,Cincinnati,OH,1882-05-02,1889-10-15
CN3,,Cincinnati,Kelly's Killers,,AA,,Cincinnati,OH,1891-04-01,1891-11-01
CN4,,Cincinnati,Stars,,NL,,Cincinnati,OH,1880-04-01,1880-11-01
CNN,,Cincinnati,Cubans,,NN1,,Cincinnati,OH,1921-04-01,1921-11-01
CNU,,Cincinnati,Outlaw Reds,,UA,,Cincinnati,OH,1884-04-01,1884-11-01
COL,COL,Colorado,Rockies,,NL,W,Denver,CO,1993-04-05,
CUE,,Cuban,Stars (East),,ECL,,,,1916-04-01,1929-11-01
CUH,,Cuban,House of David,,,,,,1931-04-01,1931-11-01
CUP,,Cuban,Stars,,EW,,,,1932-04-01,1932-11-01
CUW,,Cuban,Stars (West),,NN1,,,,1906-04-01,1930-11-01
CV1,,Cleveland,Tate Stars,,NN1,,Cleveland,OH,1922-04-01,1922-11-01
CV2,,Cleveland,Browns,,NN1,,Cleveland,OH,1924-04-01,1924-11-01
CV3,,Cleveland,Elites,,NN1,,Cleveland,OH,1926-04-01,1926-11-01
CV4,,Cleveland,Hornets,,NN1,,Cleveland,OH,1927-04-01,1927-11-01
CV5,,Cleveland,Tigers,,NN1,,Cleveland,OH,1928-04-01,1928-11-01
CV6,,Cleveland,Cubs,,NN1,,Cleveland,OH,1931-04-01,1931-11-01
CV7,,Cleveland,Giants,,,,Cleveland,OH,1933-04-01,1933-11-01
CV8,,Cleveland,Red Sox,,,,Cleveland,OH,1934-04-01,1934-11-01
CV9,,Cleveland,Bears,,NAL,,Cleveland,OH,1939-04-01,1940-11-01
CVB,,Cleveland,Buckeyes,,NAL,,Cleveland,OH,1943-04-01,1948-11-01
CVS,,Cleveland,Stars,,,,Cleveland,OH,1932-04-01,1932-11-01
DAY,,Dayton,Marcos,,NN1,,Dayton,OH,1918-04-01,1926-11-01
DET,DET,Detroit,Tigers,,AL,,Detroit,MI,1901-04-25,1968-09-29
DET,DET,Detroit,Tigers,,AL,E,Detroit,MI,1969-04-08,1997-09-28
DET,DET,Detroit,Tigers,,AL,C,Detroit,MI,1998-03-31,
DI1,,Detroit - Indianapolis,Stars,,,,Detroit,MI,1933-04-01,1933-11-01
DT1,,Detroit,Stars,,NN1,,Detroit,MI,1919-04-01,1931-11-01
DT2,,Detroit,Stars,,NAL,,Detroit,MI,1937-04-01,1937-11-01
DTN,,Detroit,Wolverines,,NL,,Detroit,MI,1881-04-01,1888-11-01
DTW,,Detroit,Wolves,,EW,,Detroit,MI,1932-04-01,1932-11-01
ECG,,Eastern,Colored Giants,,,,,,1941-04-01,1941-11-01
ELI,,Elizabeth,Resolutes,,,,Elizabeth,NJ,1873-04-01,1873-11-01
FLO,MIA,Florida,Marlins,,NL,E,Miami,FL,1993-04-05,2011-09-28
FW1,,Ft. Wayne,Kekiongas,,,,Ft. Wayne,IN,1871-04-01,1871-11-01
GLK,,Great Lakes,Naval Training,,,,Great Lakes,IL,1943-04-01,1943-11-01
HAE,,Harrisburg,Giants,,ECL,,Harrisburg,PA,1924-04-01,1927-11-01
HAR,,Hartford,Dark Blues,,NL,,Hartford,CT,1876-04-01,1877-11-01
HAS,,Harlem,Stars,,,,Harlem,NY,1931-04-01,1931-11-01
HIL,,Hilldale,Giants,,ECL,,Darby,PA,1917-04-01,1932-11-01
HOM,,Homestead,Grays,,NN2,,Homestead,PA,1918-04-01,1948-11-01
HOU,HOU,Houston,Colt .45's,,NL,,Houston,TX,1962-04-10,1964-10-04
HOU,HOU,Houston,Astros,,NL,,Houston,TX,1965-04-12,1968-09-29
HOU,HOU,Houston,Astros,,NL,W,Houston,TX,1969-04-08,1993-10-03
HOU,HOU,Houston,Astros,,NL,C,Houston,TX,1994-04-04,2012-10-03
HOU,HOU,Houston,Astros,,AL,W,Houston,TX,2013-03-31,
HR1,,Hartford,Dark Blues,,,,Hartford,CT,1874-04-01,1875-11-01
HSL,,Harrisburg - St. Louis,Stars,,NN2,,Harrisburg,PA,1943-04-01,1943-11-01
IN1,,Indianapolis,Blues,,NL,,Indianapolis,IN,1878-04-01,1878-11-01
IN2,,Indianapolis,Blues,,AA,,Indianapolis,IN,1884-04-01,1884-11-01
IN3,,Indianapolis,Hoosiers,,NL,,Indianapolis,IN,1887-04-01,1889-11-01
IN4,,Indianapolis,ABC's,,NN1,,Indianapolis,IN,1907-04-01,1926-11-01
IN5,,Indianapolis,ABC's,,,,Indianapolis,IN,1931-04-01,1932-11-01
IN6,,Indianapolis,Athletics,,,,Indianapolis,IN,1937-04-01,1937-11-01
IN7,,Indianapolis,ABC's,,NAL,,Indianapolis,IN,1938-04-01,1938-11-01
IN8,,Indianapolis,Crawfords,,NAL,,Indianapolis,IN,1940-04-01,1940-11-01
IN9,,Indianapolis,Clowns,,NAL,,Indianapolis,IN,1946-04-01,1948-11-01
IND,,Indianapolis,Hoosiers,,FL,,Indianapolis,IN,1914-04-01,1914-11-01
JAX,,Jacksonville,Red Caps,,,,Jacksonville,FL,1938-04-01,1942-11-01
KC1,OAK,Kansas City,Athletics,A's,AL,,Kansas City,MO,1955-04-12,1967-04-11
KC2,,Kansas City,Cowboys,,AA,,Kansas City,MO,1888-04-01,1889-11-01
KCA,KCA,Kansas City,Royals,,AL,W,Kansas City,MO,1969-04-08,1993-10-03
KCA,KCA,Kansas City,Royals,,AL,C,Kansas City,MO,1994-04-04,
KCF,,Kansas City,Packers,,FL,,Kansas City,MO,1914-04-01,1915-11-01
KCM,,Kansas City,Monarchs,,NN1;NAL,,Kansas City,MO,1920-04-01,1948-11-01
KCN,,Kansas City,Cowboys,,NL,,Kansas City,MO,1886-04-01,1886-11-01
KCR,,Kansas City,Royals,,,,Kansas City,MO,1943-04-01,1948-11-01
KCU,,Kansas City,Cowboys,,UA,,Kansas City,MO,1884-04-01,1884-11-01
KEO,,Keokuk,Westerns,,,,Keokuk,IA,1875-04-01,1875-11-01
KLK,,Kelley,Kars,,,,,,1930-04-01,1930-11-01
LAA,ANA,Los Angeles,Angels,,AL,,Los Angeles,CA,1961-04-11,1965-09-01
LAN,LAN,Los Angeles,Dodgers,,NL,,Los Angeles,CA,1958-04-15,1968-09-29
LAN,LAN,Los Angeles,Dodgers,,NL,W,Los Angeles,CA,1969-04-07,
LRS,,Little Rock,Black Travelers,,NSL,,Little Rock,AR,1932-04-01,1932-11-01
LS1,,Louisville,Grays,,NL,,Louisville,KY,1876-04-01,1877-11-01
LS2,,Louisville,Colonels,,AA,,Louisville,KY,1882-04-01,1891-11-01
LS3,,Louisville,Colonels,,NL,,Louisville,KY,1892-04-01,1899-11-01
LS4,,Louisville,White Caps,,,,Louisville,KY,1930-04-01,1932-11-01
MEM,,Memphis,Red Sox,,NAL,,Memphis,TN,1924-04-01,1948-11-01
MIA,MIA,Miami,Marlins,,NL,E,Miami,FL,2012-04-04,
MID,,Middletown,Mansfields,,,,Middletown,CT,1872-04-01,1872-11-01
MIL,MIL,Milwaukee,Brewers,,AL,W,Milwaukee,WI,1970-04-07,1971-09-30
MIL,MIL,Milwaukee,Brewers,,AL,E,Milwaukee,WI,1972-04-15,1993-10-03
MIL,MIL,Milwaukee,Brewers,,AL,C,Milwaukee,WI,1994-04-05,1997-09-28
MIL,MIL,Milwaukee,Brewers,,NL,C,Milwaukee,WI,1998-03-31,
MIN,MIN,Minnesota,Twins,,AL,,Bloomington,MN,1961-04-11,1968-09-29
MIN,MIN,Minnesota,Twins,,AL,W,Bloomington,MN,1969-04-08,1981-09-30
MIN,MIN,Minnesota,Twins,,AL,W,Minneapolis,MN,1982-04-06,1993-10-03
MIN,MIN,Minnesota,Twins,,AL,C,Minneapolis,MN,1994-04-05,
ML2,,Milwaukee,Cream Citys,,NL,,Milwaukee,WI,1878-04-01,1878-11-01
ML3,,Milwaukee,Brewers,,AA,,Milwaukee,WI,1891-04-01,1891-11-01
ML4,,Milwaukee,Bears,,NN1,,Milwaukee,WI,1923-04-01,1923-11-01
MLA,BAL,Milwaukee,Brewers,,AL,,Milwaukee,WI,1901-04-25,1901-09-28
MLN,ATL,Milwaukee,Braves,,NL,,Milwaukee,WI,1953-04-13,1965-10-03
MLS,,Major League,All Stars,,,,,,1931-04-01,1948-11-01
MLU,,Milwaukee,Brewers,,UA,,Milwaukee,WI,1884-04-01,1884-11-01
MNR,,Monroe,Monarchs,,NSL,,Monroe,LA,1932-04-01,1932-11-01
MON,WAS,Montreal,Expos,,NL,E,Montreal,QC,1969-04-08,2004-10-03
MTG,,Montgomery,Grey Sox,,NSL,,Montgomery,AL,1932-04-01,1932-11-01
NAS,,North,All Stars,,,,,,1944-04-01,1945-11-01
NBG,,New York,Bacharach Giants,,,,Atlantic City,NJ,1922-04-01,1922-11-01
NEW,,Newark,Peppers,,FL,,Newark,NJ,1915-04-01,1915-11-01
NH1,,New Haven,New Havens,,,,New Haven,CT,1875-04-01,1875-11-01
NLS,,National League,All Stars,,,,,,1932-04-01,1932-11-01
NNS,,Negro League,All Stars,,,,,,1934-04-01,1945-11-01
NSH,,Nashville,Elite Giants,,,,Nashville,TN,1929-04-01,1934-11-01
NW1,,Newark,Dodgers,,NN2,,Newark,NJ,1934-04-01,1935-11-01
NW2,,Newark,Eagles,,NN2,,Newark,NJ,1936-04-01,1948-11-01
NWS,,Newark,Stars,,,,Newark,NJ,1926-04-01,1926-11-01
NWW,,Newark,Browns,,,,Newark,NJ,1932-04-01,1932-11-01
NY1,SFN,New York,Gothams,,NL,,New York,NY,1883-05-01,1884-10-14
NY1,SFN,New York,Giants,,NL,,New York,NY,1885-05-02,1957-09-29
NY2,,New York,Mutuals,,,,Brooklyn,NY,1871-04-01,1875-11-01
NY3,,New York,Mutuals,,NL,,Brooklyn,NY,1876-04-01,1876-11-01
NY4,,New York,Metropolitans,,AA,,New York,NY,1883-04-01,1887-11-01
NY5,,New York,Black Yankees,,NN2,,New York,NY,1932-04-01,1948-11-01
NY6,,New York,Cubans,,NN2,,New York,NY,1935-04-01,1948-11-01
NYA,NYA,New York,Highlanders,Hilltoppers;Greater New Yorks,AL,,New York,NY,1903-04-22,1912-10-05
NYA,NYA,New York,Yankees,,AL,,New York,NY,1913-04-10,1968-09-29
NYA,NYA,New York,Yankees,,AL,E,New York,NY,1969-04-07,
NYL,,New York,Lincoln Giants,,ECL,,New York,NY,1911-04-01,1930-11-01
NYN,NYN,New York,Mets,,NL,,New York,NY,1962-04-11,1968-09-29
NYN,NYN,New York,Mets,,NL,E,New York,NY,1969-04-08,
NYP,,New York,Giants,,PL,,New York,NY,1890-04-01,1890-11-01
OAK,OAK,Oakland,Athletics,A's,AL,,Oakland,CA,1968-04-10,1968-09-29
OAK,OAK,Oakland,Athletics,A's,AL,W,Oakland,CA,1969-04-08,
PH1,,Philadelphia,Athletics,,,,Philadelphia,PA,1871-04-01,1875-11-01
PH2,,Philadelphia,White Stockings,,,,Philadelphia,PA,1873-04-01,1875-11-01
PH3,,Philadelphia,Centennials,,,,Philadelphia,PA,1875-04-01,1875-11-01
PH4,,Philadelphia,Athletics,,AA,,Philadelphia,PA,1882-04-01,1891-11-01
PH5,,Philadelphia,Stars,,NN2,,Philadelphia,PA,1934-04-01,1948-11-01
PH6,,Philadelphia,Bacharach Giants,,,,Philadelphia,PA,1934-04-01,1934-11-01
PHA,OAK,Philadelphia,Athletics,A's,AL,,Philadelphia,PA,1901-04-26,1954-09-26
PHE,,Philadelphia,Tigers,,,,Philadelphia,PA,1928-04-01,1928-11-01
PHI,PHI,Philadelphia,Quakers,,NL,,Philadelphia,PA,1883-05-01,1889-10-05
PHI,PHI,Philadelphia,Phillies,,NL,,Philadelphia,PA,1890-04-19,1942-09-27
PHI,PHI,Philadelphia,Blue Jays,,NL,,Philadelphia,PA,1943-04-24,1944-10-01
PHI,PHI,Philadelphia,Phillies,,NL,,Philadelphia,PA,1945-04-17,1968-09-29
PHI,PHI,Philadelphia,Phillies,,NL,E,Philadelphia,PA,1969-04-08,
PHN,,Philadelphia,Athletics,,NL,,Philadelphia,PA,1876-04-01,1876-11-01
PHP,,Philadelphia,Quakers,,PL,,Philadelphia,PA,1890-04-01,1890-11-01
PHU,,Philadelphia,Keystones,,UA,,Philadelphia,PA,1884-04-01,1884-11-01
PIR,,Pirrone,All Stars,,,,,,1925-04-01,1943-11-01
PIT,PIT,Pittsburgh,Alleghenys,Innocents (1890),NL,,Pittsburgh,PA,1887-04-30,1890-10-03
PIT,PIT,Pittsburgh,Pirates,,NL,,Pittsburgh,PA,1891-04-22,1968-09-29
PIT,PIT,Pittsburgh,Pirates,,NL,E,Pittsburgh,PA,1969-04-08,1993-10-03
PIT,PIT,Pittsburgh,Pirates,,NL,C,Pittsburgh,PA,1994-04-04,
PRC,,Pennsylvania,Red Caps,,,,New York,NY,1917-04-01,1920-11-01
PRG,,Philadelphia,Royal Giants,,,,Philadelphia,PA,1925-04-01,1942-11-01
PRK,,Parker,All Stars,,,,,,1942-04-01,1945-11-01
PRO,,Providence,Grays,,NL,,Providence,RI,1878-04-01,1885-11-01
PT1,PIT,Allegheny Club,(none),,AA,,Pittsburg,PA,1882-05-02,1884-10-15
PT1,PIT,Pittsburgh,Alleghenys,,AA,,Pittsburgh,PA,1885-04-18,1886-10-12
PTC,,Pittsburgh,Crawfords,,NN2,,Pittsburgh,PA,1931-04-01,1938-11-01
PTF,,Pittsburgh,Rebels,,FL,,Pittsburgh,PA,1914-04-01,1915-11-01
PTK,,Pittsburgh,Keystones,,,,Pittsburgh,PA,1922-04-01,1922-11-01
PTP,,Pittsburgh,Burghers,,PL,,Pittsburgh,PA,1890-04-01,1890-11-01
RC1,,Rockford,Forest Citys,,,,Rockford,IL,1871-04-01,1871-11-01
RC2,,Rochester,Hop Bitters,,AA,,Rochester,NY,1890-04-01,1890-11-01
RIC,,Richmond,Virginias,,AA,,Richmond,VA,1884-04-01,1884-11-01
SAS,,South,All Stars,,,,,,1944-04-01,1945-11-01
SCU,,Stars,of Cuba,,,,,,1931-04-01,1931-11-01
SDN,SDN,San Diego,Padres,,NL,W,San Diego,CA,1969-04-08,
SE1,MIL,Seattle,Pilots,,AL,W,Seattle,WA,1969-04-08,1969-10-02
SEA,SEA,Seattle,Mariners,,AL,W,Seattle,WA,1977-04-06,
SFN,SFN,San Francisco,Giants,,NL,,San Francisco,CA,1958-04-15,1968-09-29
SFN,SFN,San Francisco,Giants,,NL,W,San Francisco,CA,1969-04-07,
SHR,,Shroyer,All Stars,,,,,,1935-04-01,1935-11-01
SHV,,Shevlin,All Stars,,,,,,1933-04-01,1933-11-01
SL1,,St. Louis,Red Stockings,,,,St. Louis,MO,1875-04-01,1875-11-01
SL2,,St. Louis,Brown Stockings,,,,St. Louis,MO,1875-04-01,1875-11-01
SL3,,St. Louis,Brown Stockings,,NL,,St. Louis,MO,1876-04-01,1877-11-01
SL4,,St. Louis,Cardinals,,AA,,St. Louis,MO,1882-04-01,1891-11-01
SL5,,St. Louis,Maroons,,NL,,St. Louis,MO,1885-04-01,1886-11-01
SLA,BAL,St. Louis,Browns,,AL,,St. Louis,MO,1902-04-23,1953-09-27
SLF,,St.Louis,Terriers,,FL,,St. Louis,MO,1914-04-01,1915-11-01
SLG,,St. Louis,Giants,,NN1,,St. Louis,MO,1911-04-01,1921-11-01
SLN,SLN,St. Louis,Browns,Brown Stockings,AA,,St. Louis,MO,1882-05-02,1891-10-04
SLN,SLN,St. Louis,Browns,,NL,,St. Louis,MO,1892-10-15,1898-10-09
SLN,SLN,St. Louis,Perfectos,,NL,,St. Louis,MO,1899-04-15,1899-10-15
SLN,SLN,St. Louis,Cardinals,,NL,,St. Louis,MO,1900-04-19,1968-09-29
SLN,SLN,St. Louis,Cardinals,,NL,E,St. Louis,MO,1969-04-08,1993-10-03
SLN,SLN,St. Louis,Cardinals,,NL,C,St. Louis,MO,1994-04-03,
SLU,,St. Louis,Maroons,,UA,,St. Louis,MO,1884-04-01,1884-11-01
SNO,,St. Louis - New Orleans,Stars,,NAL,,St. Louis,MO,1940-04-01,1941-11-01
SPU,,St. Paul,Saints,,UA,,St. Paul,MN,1884-04-01,1884-11-01
SR1,,Syracuse,Stars,,NL,,Syracuse,NY,1879-04-01,1879-11-01
SR2,,Syracuse,Stars,,AA,,Syracuse,NY,1890-04-01,1890-11-01
SSA,,St. Louis,Stars,,NAL,,St. Louis,MO,1937-04-01,1939-11-01
SSN,,St. Louis,Stars,,NN1,,St. Louis,MO,1922-04-01,1931-11-01
TBA,TBA,Tampa Bay,Devil Rays,,AL,E,St. Petersburg,FL,1998-03-31,2007-09-30
TBA,TBA,Tampa Bay,Rays,,AL,E,St. Petersburg,FL,2008-03-31,
TEX,TEX,Texas,Rangers,,AL,W,Arlington,TX,1972-04-15,
TL1,,Toledo,Blue Stockings,,AA,,Toledo,OH,1884-04-01,1884-11-01
TL2,,Toledo,Maumees,,AA,,Toledo,OH,1890-04-01,1890-11-01
TLC,,Toledo,Crawfords,,NN2;NAL,,Toledo,OH,1939-04-01,1939-11-01
TLN,,Toledo,Tigers,,,,Toledo,OH,1923-04-01,1923-11-01
TOR,TOR,Toronto,Blue Jays,,AL,E,Toronto,ON,1977-04-07,
TRN,,Troy,Trojans,,NL,,Troy,NY,1879-04-01,1882-11-01
TRO,,Troy,Haymakers,,,,Troy,NY,1871-04-01,1872-11-01
TWA,,Ted Williams,All Stars,,,,,,1941-04-01,1941-11-01
VDA,,Vince DiMaggio,All Stars,,,,,,1945-04-01,1945-11-01
WAS,WAS,Washington,Nationals,,NL,E,Washington,DC,2005-04-04,
WBS,,Washington,Black Senators,,,,Washington,DC,1938-04-01,1938-11-01
WEG,,Washington,Elite Giants,,NN2,,Washington,DC,1936-04-01,1937-11-01
WHK,,White,Kings,,,,,,1925-04-01,1937-11-01
WIL,,Wilmington,Quicksteps,,UA,,Wilmington,DE,1884-04-01,1884-11-01
WLE,,Wilmington,Potomacs,,ECL,,Wilmington,DE,1925-04-01,1925-11-01
WOR,,Worcester,Ruby Legs,,NL,,Worcester,MA,1880-04-01,1882-11-01
WPS,,Western Pipe & Steel,Boilermakers,,,,,,1943-04-01,1943-11-01
WS1,MIN,Washington,Senators,Nationals,AL,,Washington,DC,1901-04-26,1960-10-02
WS2,TEX,Washington,Senators,,AL,,Washington,DC,1961-04-10,1968-09-29
WS2,TEX,Washington,Senators,,AL,E,Washington,DC,1969-04-07,1971-09-30
WS3,,Washington,Olympics,,,,Washington,DC,1871-04-01,1872-11-01
WS4,,Washington,Nationals,,,,Washington,DC,1872-04-01,1872-11-01
WS5,,Washington,Nationals,,,,Washington,DC,1873-04-01,1873-11-01
WS6,,Washington,Olympics,,,,Washington,DC,1875-04-01,1875-11-01
WS7,,Washington,Nationals,,AA,,Washington,DC,1884-04-01,1884-11-01
WS8,,Washington,Senators,,NL,,Washington,DC,1886-04-01,1889-11-01
WS9,,Washington,Senators,,AA,,Washington,DC,1891-04-01,1891-11-01
WSE,,Washington,Potomacs,,ECL,,Washington,DC,1924-04-01,1924-11-01
WSN,,Washington,Senators,,NL,,Washington,DC,1892-04-01,1899-11-01
WSU,,Washington,Nationals,,UA,,Washington,DC,1884-04-01,1884-11-01
WSW,,Washington,Pilots,,EW,,Washington,DC,1932-04-01,1932-11-01
