game_id,event_id,batting_team,inning,outs,balls,strikes,pitch_seq,vis_score,home_score,batter_id,batter_hand,result_batter_id,result_batter_hand,pitcher_id,pitcher_hand,result_pitcher_id,result_pitcher_hand,def_c,def_1b,def_2b,def_3b,def_ss,def_lf,def_cf,def_rf,run_1b,run_2b,run_3b,event_scoring,leadoff,pinch_hit,batt_def_pos,batt_lineup_pos,event_type,batter_event,ab,hit_val,sac_hit,sac_fly,event_outs,dp,tp,rbi,wild_pitch,passed_ball,fielded_by,batted_ball_type,bunt,foul_ground,hit_location,num_err,err_player_1,err_type_1,err_player_2,err_type_2,err_player_3,err_type_3,batt_dest,run_1b_dest,run_2b_dest,run_3b_dest,play_on_run_batt,play_on_run_1b,play_on_run_2b,play_on_run_3b,sb_run_1b,sb_run_2b,sb_run_3b,cs_run_1b,cs_run_2b,cs_run_3b,pickoff_run_1b,pickoff_run_2b,pickoff_run_3b,run_1b_resp_pitcher,run_2b_resp_pitcher,run_3b_resp_pitcher,start_game,end_game,pinch_run_1b,pinch_run_2b,pinch_run_3b,pinch_run_1b_player_removed,pinch_run_2b_player_removed,pinch_run_3b_player_removed,pinch_hit_batter_removed_id,pinch_hit_batter_removed_field_pos,putout1_field_pos,putout2_field_pos,putout3_field_pos,assist1_field_pos,assist2_field_pos,assist3_field_pos,assist4_field_pos,assist5_field_pos
PHA191110160,1,0,1,0,1,2,CBCC,0,0,devoj101,l,devoj101,l,plane101,l,plane101,l,thomi101,davih101,colle101,bakef102,barrj104,lordb101,oldrr101,murpd106,,,,K/C,t,f,7,1,strikeout,t,t,0,f,f,1,f,f,0,f,f,0,,f,f,,0,0,,0,,0,,0,0,0,0,2,,,,f,f,f,f,f,f,f,f,f,,,,t,f,f,f,f,,,,,0,2,0,0,0,0,0,0,0
PHA191110160,2,0,1,1,3,2,BBFKBX,0,0,doyll101,l,doyll101,l,plane101,l,plane101,l,thomi101,davih101,colle101,bakef102,barrj104,lordb101,oldrr101,murpd106,,,,7,f,f,4,2,generic out,t,t,0,f,f,1,f,f,0,f,f,7,f,f,f,,0,0,,0,,0,,0,0,0,0,7,,,,f,f,f,f,f,f,f,f,f,,,,f,f,f,f,f,,,,,0,7,0,0,0,0,0,0,0
PHA191110160,3,0,1,2,3,2,KBFBBH,0,0,snodf101,r,snodf101,r,plane101,l,plane101,l,thomi101,davih101,colle101,bakef102,barrj104,lordb101,oldrr101,murpd106,,,,HP,f,f,8,3,hit by pitch,t,f,0,f,f,0,f,f,0,f,f,0,,f,f,,0,0,,0,,0,,1,0,0,0,,,,,f,f,f,f,f,f,f,f,f,,,,f,f,f,f,f,,,,,0,0,0,0,0,0,0,0,0
PHA191110160,4,0,1,2,0,0,X,0,0,murrr103,r,murrr103,r,plane101,l,plane101,l,thomi101,davih101,colle101,bakef102,barrj104,lordb101,oldrr101,murpd106,snodf101,,,4/L,f,f,9,4,generic out,t,t,0,f,f,1,f,f,0,f,f,4,l,f,f,,0,0,,0,,0,,0,1,0,0,4,,,,f,f,f,f,f,f,f,f,f,plane101,,,f,f,f,f,f,,,,,0,4,0,0,0,0,0,0,0
PHA191110160,5,1,1,0,2,1,BKBX,0,0,lordb101,r,lordb101,r,marqr102,l,marqr102,l,meyec101,merkf101,doyll101,herzb101,fleta101,devoj101,snodf101,murrr103,,,,S9.B-2(E9),t,f,7,1,single,t,t,1,f,f,0,f,f,0,f,f,9,,f,f,,1,9,f,0,,0,,2,0,0,0,,,,,f,f,f,f,f,f,f,f,f,,,,f,f,f,f,f,,,,,0,0,0,0,0,0,0,0,0
PHA191110160,6,1,1,0,0,0,X,0,0,oldrr101,r,oldrr101,r,marqr102,l,marqr102,l,meyec101,merkf101,doyll101,herzb101,fleta101,devoj101,snodf101,murrr103,,lordb101,,13/SH.2-3,f,f,8,2,generic out,t,f,0,t,f,1,f,f,0,f,f,1,G,t,f,,0,0,,0,,0,,0,0,3,0,13,,,,f,f,f,f,f,f,f,f,f,,marqr102,,f,f,f,f,f,,,,,0,3,0,0,1,0,0,0,0
PHA191110160,7,1,1,1,0,0,B,0,0,colle101,l,colle101,l,marqr102,l,marqr102,l,meyec101,merkf101,doyll101,herzb101,fleta101,devoj101,snodf101,murrr103,,,lordb101,WP.3-H(UR),f,f,4,3,wild pitch,f,f,0,f,f,0,f,f,0,t,f,0,,f,f,,0,0,,0,,0,,0,0,0,5,,,,,f,f,f,f,f,f,f,f,f,,,marqr102,f,f,f,f,f,,,,,0,0,0,0,0,0,0,0,0
PHA191110160,8,1,1,1,2,1,B.BKX,0,1,colle101,l,colle101,l,marqr102,l,marqr102,l,meyec101,merkf101,doyll101,herzb101,fleta101,devoj101,snodf101,murrr103,,,,S5,f,f,4,3,single,t,t,1,f,f,0,f,f,0,f,f,5,,f,f,,0,0,,0,,0,,1,0,0,0,,,,,f,f,f,f,f,f,f,f,f,,,,f,f,f,f,f,,,,,0,0,0,0,0,0,0,0,0
PHA191110160,9,1,1,1,0,2,CFS,0,1,bakef102,l,bakef102,l,marqr102,l,marqr102,l,meyec101,merkf101,doyll101,herzb101,fleta101,devoj101,snodf101,murrr103,colle101,,,K,f,f,5,4,strikeout,t,t,0,f,f,1,f,f,0,f,f,0,,f,f,,0,0,,0,,0,,0,1,0,0,2,,,,f,f,f,f,f,f,f,f,f,marqr102,,,f,f,f,f,f,,,,,0,2,0,0,0,0,0,0,0
PHA191110160,10,1,1,2,0,2,CFFX,0,1,murpd106,r,murpd106,r,marqr102,l,marqr102,l,meyec101,merkf101,doyll101,herzb101,fleta101,devoj101,snodf101,murrr103,colle101,,,7,f,f,9,5,generic out,t,t,0,f,f,1,f,f,0,f,f,7,f,f,f,,0,0,,0,,0,,0,1,0,0,7,,,,f,f,f,f,f,f,f,f,f,marqr102,,,f,f,f,f,f,,,,,0,7,0,0,0,0,0,0,0
PHA191110160,11,0,2,0,2,2,SBCBX,0,1,merkf101,r,merkf101,r,plane101,l,plane101,l,thomi101,davih101,colle101,bakef102,barrj104,lordb101,oldrr101,murpd106,,,,63,t,f,3,5,generic out,t,t,0,f,f,1,f,f,0,f,f,6,G,f,f,,0,0,,0,,0,,0,0,0,0,63,,,,f,f,f,f,f,f,f,f,f,,,,f,f,f,f,f,,,,,0,3,0,0,6,0,0,0,0
PHA191110160,12,0,2,1,1,2,CFBX,0,1,herzb101,r,herzb101,r,plane101,l,plane101,l,thomi101,davih101,colle101,bakef102,barrj104,lordb101,oldrr101,murpd106,,,,D8,f,f,5,6,double,t,t,2,f,f,0,f,f,0,f,f,8,,f,f,,0,0,,0,,0,,2,0,0,0,,,,,f,f,f,f,f,f,f,f,f,,,,f,f,f,f,f,,,,,0,0,0,0,0,0,0,0,0
PHA191110160,13,0,2,1,0,0,X,0,1,fleta101,r,fleta101,r,plane101,l,plane101,l,thomi101,davih101,colle101,bakef102,barrj104,lordb101,oldrr101,murpd106,,herzb101,,43.2-3,f,f,6,7,generic out,t,t,0,f,f,1,f,f,0,f,f,4,G,f,f,,0,0,,0,,0,,0,0,3,0,43,,,,f,f,f,f,f,f,f,f,f,,plane101,,f,f,f,f,f,,,,,0,3,0,0,4,0,0,0,0
PHA191110160,14,0,2,2,0,0,X,0,1,meyec101,r,meyec101,r,plane101,l,plane101,l,thomi101,davih101,colle101,bakef102,barrj104,lordb101,oldrr101,murpd106,,,herzb101,S8.3-H,f,f,2,8,single,t,t,1,f,f,0,f,f,1,f,f,8,,f,f,,0,0,,0,,0,,1,0,0,4,,,,,f,f,f,f,f,f,f,f,f,,,plane101,f,f,f,f,f,,,,,0,0,0,0,0,0,0,0,0
PHA191110160,15,0,2,2,3,2,FBBBKFFS,1,1,marqr102,r,marqr102,r,plane101,l,plane101,l,thomi101,davih101,colle101,bakef102,barrj104,lordb101,oldrr101,murpd106,meyec101,,,K,f,f,1,9,strikeout,t,t,0,f,f,1,f,f,0,f,f,0,,f,f,,0,0,,0,,0,,0,1,0,0,2,,,,f,f,f,f,f,f,f,f,f,plane101,,,f,f,f,f,f,,,,,0,2,0,0,0,0,0,0,0
PHA191110160,16,1,2,0,1,2,BCFX,1,1,davih101,r,davih101,r,marqr102,l,marqr102,l,meyec101,merkf101,doyll101,herzb101,fleta101,devoj101,snodf101,murrr103,,,,43,t,f,3,6,generic out,t,t,0,f,f,1,f,f,0,f,f,4,G,f,f,,0,0,,0,,0,,0,0,0,0,43,,,,f,f,f,f,f,f,f,f,f,,,,f,f,f,f,f,,,,,0,3,0,0,4,0,0,0,0
PHA191110160,17,1,2,1,0,2,FCFX,1,1,barrj104,r,barrj104,r,marqr102,l,marqr102,l,meyec101,merkf101,doyll101,herzb101,fleta101,devoj101,snodf101,murrr103,,,,E7/F7D.B-2,f,f,6,7,error,t,t,0,f,f,0,f,f,0,f,f,7,f,f,f,7D,1,7,f,0,,0,,2,0,0,0,,,,,f,f,f,f,f,f,f,f,f,,,,f,f,f,f,f,,,,,0,0,0,0,0,0,0,0,0
PHA191110160,18,1,2,1,0,0,X,1,1,thomi101,r,thomi101,r,marqr102,l,marqr102,l,meyec101,merkf101,doyll101,herzb101,fleta101,devoj101,snodf101,murrr103,,barrj104,,7,f,f,2,8,generic out,t,t,0,f,f,1,f,f,0,f,f,7,f,f,f,,0,0,,0,,0,,0,0,2,0,7,,,,f,f,f,f,f,f,f,f,f,,marqr102,,f,f,f,f,f,,,,,0,7,0,0,0,0,0,0,0
PHA191110160,19,1,2,2,0,1,CX,1,1,plane101,l,plane101,l,marqr102,l,marqr102,l,meyec101,merkf101,doyll101,herzb101,fleta101,devoj101,snodf101,murrr103,,barrj104,,23,f,f,1,9,generic out,t,t,0,f,f,1,f,f,0,f,f,2,G,f,f,,0,0,,0,,0,,0,0,2,0,23,,,,f,f,f,f,f,f,f,f,f,,marqr102,,f,f,f,f,f,,,,,0,3,0,0,2,0,0,0,0
PHA191110160,20,0,3,0,0,2,SFC,1,1,devoj101,l,devoj101,l,plane101,l,plane101,l,thomi101,davih101,colle101,bakef102,barrj104,lordb101,oldrr101,murpd106,,,,K/C,t,f,7,1,strikeout,t,t,0,f,f,1,f,f,0,f,f,0,,f,f,,0,0,,0,,0,,0,0,0,0,2,,,,f,f,f,f,f,f,f,f,f,,,,f,f,f,f,f,,,,,0,2,0,0,0,0,0,0,0
PHA191110160,21,0,3,1,1,0,BX,1,1,doyll101,l,doyll101,l,plane101,l,plane101,l,thomi101,davih101,colle101,bakef102,barrj104,lordb101,oldrr101,murpd106,,,,7,f,f,4,2,generic out,t,t,0,f,f,1,f,f,0,f,f,7,f,f,f,,0,0,,0,,0,,0,0,0,0,7,,,,f,f,f,f,f,f,f,f,f,,,,f,f,f,f,f,,,,,0,7,0,0,0,0,0,0,0
PHA191110160,22,0,3,2,1,2,CSBX,1,1,snodf101,r,snodf101,r,plane101,l,plane101,l,thomi101,davih101,colle101,bakef102,barrj104,lordb101,oldrr101,murpd106,,,,S9,f,f,8,3,single,t,t,1,f,f,0,f,f,0,f,f,9,,f,f,,0,0,,0,,0,,1,0,0,0,,,,,f,f,f,f,f,f,f,f,f,,,,f,f,f,f,f,,,,,0,0,0,0,0,0,0,0,0
PHA191110160,23,0,3,2,2,1,CBBX,1,1,murrr103,r,murrr103,r,plane101,l,plane101,l,thomi101,davih101,colle101,bakef102,barrj104,lordb101,oldrr101,murpd106,snodf101,,,13/G1,f,f,9,4,generic out,t,t,0,f,f,1,f,f,0,f,f,1,G,f,f,1,0,0,,0,,0,,0,1,0,0,13,,,,f,f,f,f,f,f,f,f,f,plane101,,,f,f,f,f,f,,,,,0,3,0,0,1,0,0,0,0
PHA191110160,24,1,3,0,2,2,BFFBS,1,1,lordb101,r,lordb101,r,marqr102,l,marqr102,l,meyec101,merkf101,doyll101,herzb101,fleta101,devoj101,snodf101,murrr103,,,,K,t,f,7,1,strikeout,t,t,0,f,f,1,f,f,0,f,f,0,,f,f,,0,0,,0,,0,,0,0,0,0,2,,,,f,f,f,f,f,f,f,f,f,,,,f,f,f,f,f,,,,,0,2,0,0,0,0,0,0,0
PHA191110160,25,1,3,1,0,0,X,1,1,oldrr101,r,oldrr101,r,marqr102,l,marqr102,l,meyec101,merkf101,doyll101,herzb101,fleta101,devoj101,snodf101,murrr103,,,,2/FL,f,f,8,2,generic out,t,t,0,f,f,1,f,f,0,f,f,2,f,f,t,,0,0,,0,,0,,0,0,0,0,2,,,,f,f,f,f,f,f,f,f,f,,,,f,f,f,f,f,,,,,0,2,0,0,0,0,0,0,0
PHA191110160,26,1,3,2,0,0,X,1,1,colle101,l,colle101,l,marqr102,l,marqr102,l,meyec101,merkf101,doyll101,herzb101,fleta101,devoj101,snodf101,murrr103,,,,7,f,f,4,3,generic out,t,t,0,f,f,1,f,f,0,f,f,7,f,f,f,,0,0,,0,,0,,0,0,0,0,7,,,,f,f,f,f,f,f,f,f,f,,,,f,f,f,f,f,,,,,0,7,0,0,0,0,0,0,0
PHA191110160,27,0,4,0,1,1,BSX,1,1,merkf101,r,merkf101,r,plane101,l,plane101,l,thomi101,davih101,colle101,bakef102,barrj104,lordb101,oldrr101,murpd106,,,,43,t,f,3,5,generic out,t,t,0,f,f,1,f,f,0,f,f,4,G,f,f,,0,0,,0,,0,,0,0,0,0,43,,,,f,f,f,f,f,f,f,f,f,,,,f,f,f,f,f,,,,,0,3,0,0,4,0,0,0,0
PHA191110160,28,0,4,1,2,1,BLBX,1,1,herzb101,r,herzb101,r,plane101,l,plane101,l,thomi101,davih101,colle101,bakef102,barrj104,lordb101,oldrr101,murpd106,,,,6/P,f,f,5,6,generic out,t,t,0,f,f,1,f,f,0,f,f,6,P,f,f,,0,0,,0,,0,,0,0,0,0,6,,,,f,f,f,f,f,f,f,f,f,,,,f,f,f,f,f,,,,,0,6,0,0,0,0,0,0,0
PHA191110160,29,0,4,2,0,1,SX,1,1,fleta101,r,fleta101,r,plane101,l,plane101,l,thomi101,davih101,colle101,bakef102,barrj104,lordb101,oldrr101,murpd106,,,,63,f,f,6,7,generic out,t,t,0,f,f,1,f,f,0,f,f,6,G,f,f,,0,0,,0,,0,,0,0,0,0,63,,,,f,f,f,f,f,f,f,f,f,,,,f,f,f,f,f,,,,,0,3,0,0,6,0,0,0,0
PHA191110160,30,1,4,0,0,0,X,1,1,bakef102,l,bakef102,l,marqr102,l,marqr102,l,meyec101,merkf101,doyll101,herzb101,fleta101,devoj101,snodf101,murrr103,,,,43,t,f,5,4,generic out,t,t,0,f,f,1,f,f,0,f,f,4,G,f,f,,0,0,,0,,0,,0,0,0,0,43,,,,f,f,f,f,f,f,f,f,f,,,,f,f,f,f,f,,,,,0,3,0,0,4,0,0,0,0
PHA191110160,31,1,4,1,2,1,BFBX,1,1,murpd106,r,murpd106,r,marqr102,l,marqr102,l,meyec101,merkf101,doyll101,herzb101,fleta101,devoj101,snodf101,murrr103,,,,7,f,f,9,5,generic out,t,t,0,f,f,1,f,f,0,f,f,7,f,f,f,,0,0,,0,,0,,0,0,0,0,7,,,,f,f,f,f,f,f,f,f,f,,,,f,f,f,f,f,,,,,0,7,0,0,0,0,0,0,0
PHA191110160,32,1,4,2,2,2,BBCFX,1,1,davih101,r,davih101,r,marqr102,l,marqr102,l,meyec101,merkf101,doyll101,herzb101,fleta101,devoj101,snodf101,murrr103,,,,2/FL,f,f,3,6,generic out,t,t,0,f,f,1,f,f,0,f,f,2,f,f,t,,0,0,,0,,0,,0,0,0,0,2,,,,f,f,f,f,f,f,f,f,f,,,,f,f,f,f,f,,,,,0,2,0,0,0,0,0,0,0
PHA191110160,33,0,5,0,0,1,SX,1,1,meyec101,r,meyec101,r,plane101,l,plane101,l,thomi101,davih101,colle101,bakef102,barrj104,lordb101,oldrr101,murpd106,,,,53,t,f,2,8,generic out,t,t,0,f,f,1,f,f,0,f,f,5,G,f,f,,0,0,,0,,0,,0,0,0,0,53,,,,f,f,f,f,f,f,f,f,f,,,,f,f,f,f,f,,,,,0,3,0,0,5,0,0,0,0
PHA191110160,34,0,5,1,0,2,SLS,1,1,marqr102,r,marqr102,r,plane101,l,plane101,l,thomi101,davih101,colle101,bakef102,barrj104,lordb101,oldrr101,murpd106,,,,K,f,f,1,9,strikeout,t,t,0,f,f,1,f,f,0,f,f,0,,f,f,,0,0,,0,,0,,0,0,0,0,2,,,,f,f,f,f,f,f,f,f,f,,,,f,f,f,f,f,,,,,0,2,0,0,0,0,0,0,0
PHA191110160,35,0,5,2,3,2,BBCBSC,1,1,devoj101,l,devoj101,l,plane101,l,plane101,l,thomi101,davih101,colle101,bakef102,barrj104,lordb101,oldrr101,murpd106,,,,K/C,f,f,7,1,strikeout,t,t,0,f,f,1,f,f,0,f,f,0,,f,f,,0,0,,0,,0,,0,0,0,0,2,,,,f,f,f,f,f,f,f,f,f,,,,f,f,f,f,f,,,,,0,2,0,0,0,0,0,0,0
PHA191110160,36,1,5,0,0,1,LX,1,1,barrj104,r,barrj104,r,marqr102,l,marqr102,l,meyec101,merkf101,doyll101,herzb101,fleta101,devoj101,snodf101,murrr103,,,,13/G1,t,f,6,7,generic out,t,t,0,f,f,1,f,f,0,f,f,1,G,f,f,1,0,0,,0,,0,,0,0,0,0,13,,,,f,f,f,f,f,f,f,f,f,,,,f,f,f,f,f,,,,,0,3,0,0,1,0,0,0,0
PHA191110160,37,1,5,1,1,0,BX,1,1,thomi101,r,thomi101,r,marqr102,l,marqr102,l,meyec101,merkf101,doyll101,herzb101,fleta101,devoj101,snodf101,murrr103,,,,63,f,f,2,8,generic out,t,t,0,f,f,1,f,f,0,f,f,6,G,f,f,,0,0,,0,,0,,0,0,0,0,63,,,,f,f,f,f,f,f,f,f,f,,,,f,f,f,f,f,,,,,0,3,0,0,6,0,0,0,0
PHA191110160,38,1,5,2,0,2,SFS,1,1,plane101,l,plane101,l,marqr102,l,marqr102,l,meyec101,merkf101,doyll101,herzb101,fleta101,devoj101,snodf101,murrr103,,,,K,f,f,1,9,strikeout,t,t,0,f,f,1,f,f,0,f,f,0,,f,f,,0,0,,0,,0,,0,0,0,0,2,,,,f,f,f,f,f,f,f,f,f,,,,f,f,f,f,f,,,,,0,2,0,0,0,0,0,0,0
PHA191110160,39,0,6,0,1,1,CBX,1,1,doyll101,l,doyll101,l,plane101,l,plane101,l,thomi101,davih101,colle101,bakef102,barrj104,lordb101,oldrr101,murpd106,,,,3/G,t,f,4,2,generic out,t,t,0,f,f,1,f,f,0,f,f,3,G,f,f,,0,0,,0,,0,,0,0,0,0,3,,,,f,f,f,f,f,f,f,f,f,,,,f,f,f,f,f,,,,,0,3,0,0,0,0,0,0,0
PHA191110160,40,0,6,1,0,0,X,1,1,snodf101,r,snodf101,r,plane101,l,plane101,l,thomi101,davih101,colle101,bakef102,barrj104,lordb101,oldrr101,murpd106,,,,S7/7L.BX2(76),f,f,8,3,single,t,t,1,f,f,1,f,f,0,f,f,7,,f,f,7L,0,0,,0,,0,,0,0,0,0,76,,,,f,f,f,f,f,f,f,f,f,,,,f,f,f,f,f,,,,,0,6,0,0,7,0,0,0,0
PHA191110160,41,0,6,2,3,2,BBCFBC,1,1,murrr103,r,murrr103,r,plane101,l,plane101,l,thomi101,davih101,colle101,bakef102,barrj104,lordb101,oldrr101,murpd106,,,,K/C,f,f,9,4,strikeout,t,t,0,f,f,1,f,f,0,f,f,0,,f,f,,0,0,,0,,0,,0,0,0,0,2,,,,f,f,f,f,f,f,f,f,f,,,,f,f,f,f,f,,,,,0,2,0,0,0,0,0,0,0
PHA191110160,42,1,6,0,0,1,SX,1,1,lordb101,r,lordb101,r,marqr102,l,marqr102,l,meyec101,merkf101,doyll101,herzb101,fleta101,devoj101,snodf101,murrr103,,,,8,t,f,7,1,generic out,t,t,0,f,f,1,f,f,0,f,f,8,f,f,f,,0,0,,0,,0,,0,0,0,0,8,,,,f,f,f,f,f,f,f,f,f,,,,f,f,f,f,f,,,,,0,8,0,0,0,0,0,0,0
PHA191110160,43,1,6,1,0,0,X,1,1,oldrr101,r,oldrr101,r,marqr102,l,marqr102,l,meyec101,merkf101,doyll101,herzb101,fleta101,devoj101,snodf101,murrr103,,,,7,f,f,8,2,generic out,t,t,0,f,f,1,f,f,0,f,f,7,f,f,f,,0,0,,0,,0,,0,0,0,0,7,,,,f,f,f,f,f,f,f,f,f,,,,f,f,f,f,f,,,,,0,7,0,0,0,0,0,0,0
PHA191110160,44,1,6,2,0,1,CX,1,1,colle101,l,colle101,l,marqr102,l,marqr102,l,meyec101,merkf101,doyll101,herzb101,fleta101,devoj101,snodf101,murrr103,,,,D7/7L,f,f,4,3,double,t,t,2,f,f,0,f,f,0,f,f,7,,f,f,7L,0,0,,0,,0,,2,0,0,0,,,,,f,f,f,f,f,f,f,f,f,,,,f,f,f,f,f,,,,,0,0,0,0,0,0,0,0,0
PHA191110160,45,1,6,2,1,1,BCX,1,1,bakef102,l,bakef102,l,marqr102,l,marqr102,l,meyec101,merkf101,doyll101,herzb101,fleta101,devoj101,snodf101,murrr103,,colle101,,HR/9D.2-H,f,f,5,4,home run,t,t,4,f,f,0,f,f,2,f,f,0,,f,f,9D,0,0,,0,,0,,4,0,4,0,,,,,f,f,f,f,f,f,f,f,f,,marqr102,,f,f,f,f,f,,,,,0,0,0,0,0,0,0,0,0
PHA191110160,46,1,6,2,1,2,FBFS,1,3,murpd106,r,murpd106,r,marqr102,l,marqr102,l,meyec101,merkf101,doyll101,herzb101,fleta101,devoj101,snodf101,murrr103,,,,K,f,f,9,5,strikeout,t,t,0,f,f,1,f,f,0,f,f,0,,f,f,,0,0,,0,,0,,0,0,0,0,2,,,,f,f,f,f,f,f,f,f,f,,,,f,f,f,f,f,,,,,0,2,0,0,0,0,0,0,0
PHA191110160,47,0,7,0,0,0,X,1,3,merkf101,r,merkf101,r,plane101,l,plane101,l,thomi101,davih101,colle101,bakef102,barrj104,lordb101,oldrr101,murpd106,,,,S8,t,f,3,5,single,t,t,1,f,f,0,f,f,0,f,f,8,,f,f,,0,0,,0,,0,,1,0,0,0,,,,,f,f,f,f,f,f,f,f,f,,,,f,f,f,f,f,,,,,0,0,0,0,0,0,0,0,0
PHA191110160,48,0,7,0,0,0,X,1,3,herzb101,r,herzb101,r,plane101,l,plane101,l,thomi101,davih101,colle101,bakef102,barrj104,lordb101,oldrr101,murpd106,merkf101,,,8,f,f,5,6,generic out,t,t,0,f,f,1,f,f,0,f,f,8,f,f,f,,0,0,,0,,0,,0,1,0,0,8,,,,f,f,f,f,f,f,f,f,f,plane101,,,f,f,f,f,f,,,,,0,8,0,0,0,0,0,0,0
PHA191110160,49,0,7,1,1,2,SFBX,1,3,fleta101,r,fleta101,r,plane101,l,plane101,l,thomi101,davih101,colle101,bakef102,barrj104,lordb101,oldrr101,murpd106,merkf101,,,5/P,f,f,6,7,generic out,t,t,0,f,f,1,f,f,0,f,f,5,P,f,f,,0,0,,0,,0,,0,1,0,0,5,,,,f,f,f,f,f,f,f,f,f,plane101,,,f,f,f,f,f,,,,,0,5,0,0,0,0,0,0,0
PHA191110160,50,0,7,2,1,0,B1,1,3,meyec101,r,meyec101,r,plane101,l,plane101,l,thomi101,davih101,colle101,bakef102,barrj104,lordb101,oldrr101,murpd106,merkf101,,,PO1(13),f,f,2,8,pickoff,f,f,0,f,f,1,f,f,0,f,f,0,,f,f,,0,0,,0,,0,,0,0,0,0,,13,,,f,f,f,f,f,f,t,f,f,plane101,,,f,f,f,f,f,,,,,0,3,0,0,1,0,0,0,0
PHA191110160,51,1,7,0,2,1,BBCX,1,3,davih101,r,davih101,r,marqr102,l,marqr102,l,meyec101,merkf101,doyll101,herzb101,fleta101,devoj101,snodf101,murrr103,,,,4/L,t,f,3,6,generic out,t,t,0,f,f,1,f,f,0,f,f,4,l,f,f,,0,0,,0,,0,,0,0,0,0,4,,,,f,f,f,f,f,f,f,f,f,,,,f,f,f,f,f,,,,,0,4,0,0,0,0,0,0,0
PHA191110160,52,1,7,1,2,2,BSFBFFX,1,3,barrj104,r,barrj104,r,marqr102,l,marqr102,l,meyec101,merkf101,doyll101,herzb101,fleta101,devoj101,snodf101,murrr103,,,,5/L,f,f,6,7,generic out,t,t,0,f,f,1,f,f,0,f,f,5,l,f,f,,0,0,,0,,0,,0,0,0,0,5,,,,f,f,f,f,f,f,f,f,f,,,,f,f,f,f,f,,,,,0,5,0,0,0,0,0,0,0
PHA191110160,53,1,7,2,0,1,CX,1,3,thomi101,r,thomi101,r,marqr102,l,marqr102,l,meyec101,merkf101,doyll101,herzb101,fleta101,devoj101,snodf101,murrr103,,,,6/P,f,f,2,8,generic out,t,t,0,f,f,1,f,f,0,f,f,6,P,f,f,,0,0,,0,,0,,0,0,0,0,6,,,,f,f,f,f,f,f,f,f,f,,,,f,f,f,f,f,,,,,0,6,0,0,0,0,0,0,0
PHA191110160,54,0,8,0,3,2,BSSBBX,1,3,meyec101,r,meyec101,r,plane101,l,plane101,l,thomi101,davih101,colle101,bakef102,barrj104,lordb101,oldrr101,murpd106,,,,4/L,t,f,2,8,generic out,t,t,0,f,f,1,f,f,0,f,f,4,l,f,f,,0,0,,0,,0,,0,0,0,0,4,,,,f,f,f,f,f,f,f,f,f,,,,f,f,f,f,f,,,,,0,4,0,0,0,0,0,0,0
PHA191110160,55,0,8,1,1,0,.BX,1,3,crand101,r,crand101,r,plane101,l,plane101,l,thomi101,davih101,colle101,bakef102,barrj104,lordb101,oldrr101,murpd106,,,,43,f,t,11,9,generic out,t,t,0,f,f,1,f,f,0,f,f,4,G,f,f,,0,0,,0,,0,,0,0,0,0,43,,,,f,f,f,f,f,f,f,f,f,,,,f,f,f,f,f,,,,marqr102,1,3,0,0,4,0,0,0,0
PHA191110160,56,0,8,2,2,2,CBKBS,1,3,devoj101,l,devoj101,l,plane101,l,plane101,l,thomi101,davih101,colle101,bakef102,barrj104,lordb101,oldrr101,murpd106,,,,K,f,f,7,1,strikeout,t,t,0,f,f,1,f,f,0,f,f,0,,f,f,,0,0,,0,,0,,0,0,0,0,2,,,,f,f,f,f,f,f,f,f,f,,,,f,f,f,f,f,,,,,0,2,0,0,0,0,0,0,0
PHA191110160,57,1,8,0,2,2,.CBBFC,1,3,plane101,l,plane101,l,crand101,r,crand101,r,meyec101,merkf101,doyll101,herzb101,fleta101,devoj101,snodf101,murrr103,,,,K/C,t,f,1,9,strikeout,t,t,0,f,f,1,f,f,0,f,f,0,,f,f,,0,0,,0,,0,,0,0,0,0,2,,,,f,f,f,f,f,f,f,f,f,,,,f,f,f,f,f,,,,,0,2,0,0,0,0,0,0,0
PHA191110160,58,1,8,1,0,0,f,1,3,lordb101,r,lordb101,r,crand101,r,crand101,r,meyec101,merkf101,doyll101,herzb101,fleta101,devoj101,snodf101,murrr103,,,,FLE3,f,f,7,1,foul error,f,f,0,f,f,0,f,f,0,f,f,3,P,f,t,,1,3,f,0,,0,,0,0,0,0,,,,,f,f,f,f,f,f,f,f,f,,,,f,f,f,f,f,,,,,0,0,0,0,0,0,0,0,0
PHA191110160,59,1,8,1,1,2,F.BFS,1,3,lordb101,r,lordb101,r,crand101,r,crand101,r,meyec101,merkf101,doyll101,herzb101,fleta101,devoj101,snodf101,murrr103,,,,K,f,f,7,1,strikeout,t,t,0,f,f,1,f,f,0,f,f,0,,f,f,,0,0,,0,,0,,0,0,0,0,2,,,,f,f,f,f,f,f,f,f,f,,,,f,f,f,f,f,,,,,0,2,0,0,0,0,0,0,0
PHA191110160,60,1,8,2,2,1,BFBX,1,3,oldrr101,r,oldrr101,r,crand101,r,crand101,r,meyec101,merkf101,doyll101,herzb101,fleta101,devoj101,snodf101,murrr103,,,,53,f,f,8,2,generic out,t,t,0,f,f,1,f,f,0,f,f,5,G,f,f,,0,0,,0,,0,,0,0,0,0,53,,,,f,f,f,f,f,f,f,f,f,,,,f,f,f,f,f,,,,,0,3,0,0,5,0,0,0,0
PHA191110160,61,0,9,0,0,0,X,1,3,doyll101,l,doyll101,l,plane101,l,plane101,l,thomi101,davih101,colle101,bakef102,barrj104,lordb101,oldrr101,murpd106,,,,2/FL,t,f,4,2,generic out,t,t,0,f,f,1,f,f,0,f,f,2,f,f,t,,0,0,,0,,0,,0,0,0,0,2,,,,f,f,f,f,f,f,f,f,f,,,,f,f,f,f,f,,,,,0,2,0,0,0,0,0,0,0
PHA191110160,62,0,9,1,2,2,KBBSS,1,3,snodf101,r,snodf101,r,plane101,l,plane101,l,thomi101,davih101,colle101,bakef102,barrj104,lordb101,oldrr101,murpd106,,,,K,f,f,8,3,strikeout,t,t,0,f,f,1,f,f,0,f,f,0,,f,f,,0,0,,0,,0,,0,0,0,0,2,,,,f,f,f,f,f,f,f,f,f,,,,f,f,f,f,f,,,,,0,2,0,0,0,0,0,0,0
PHA191110160,63,0,9,2,0,2,FFX,1,3,murrr103,r,murrr103,r,plane101,l,plane101,l,thomi101,davih101,colle101,bakef102,barrj104,lordb101,oldrr101,murpd106,,,,43,f,f,9,4,generic out,t,t,0,f,f,1,f,f,0,f,f,4,G,f,f,,0,0,,0,,0,,0,0,0,0,43,,,,f,f,f,f,f,f,f,f,f,,,,f,t,f,f,f,,,,,0,3,0,0,4,0,0,0,0
PHA191110240,1,0,1,0,2,2,BKKBFFX,0,0,devoj101,l,devoj101,l,bendc101,r,bendc101,r,thomi101,davih101,colle101,bakef102,barrj104,lordb101,oldrr101,murpd106,,,,S16,t,f,7,1,single,t,t,1,f,f,0,f,f,0,f,f,1,,f,f,,0,0,,0,,0,,1,0,0,0,,,,,f,f,f,f,f,f,f,f,f,,,,t,f,f,f,f,,,,,0,0,0,0,0,0,0,0,0
PHA191110240,2,0,1,0,0,0,X,0,0,doyll101,l,doyll101,l,bendc101,r,bendc101,r,thomi101,davih101,colle101,bakef102,barrj104,lordb101,oldrr101,murpd106,devoj101,,,T8/89.1-H,f,f,4,2,triple,t,t,3,f,f,0,f,f,1,f,f,8,,f,f,89,0,0,,0,,0,,3,4,0,0,,,,,f,f,f,f,f,f,f,f,f,bendc101,,,f,f,f,f,f,,,,,0,0,0,0,0,0,0,0,0
PHA191110240,3,0,1,0,0,0,X,1,0,snodf101,r,snodf101,r,bendc101,r,bendc101,r,thomi101,davih101,colle101,bakef102,barrj104,lordb101,oldrr101,murpd106,,,doyll101,7/SF/F7D.3-H,f,f,8,3,generic out,t,f,0,f,t,1,f,f,1,f,f,7,f,f,f,7D,0,0,,0,,0,,0,0,0,4,7,,,,f,f,f,f,f,f,f,f,f,,,bendc101,f,f,f,f,f,,,,,0,7,0,0,0,0,0,0,0
PHA191110240,4,0,1,1,0,0,X,2,0,murrr103,r,murrr103,r,bendc101,r,bendc101,r,thomi101,davih101,colle101,bakef102,barrj104,lordb101,oldrr101,murpd106,,,,3/G,f,f,9,4,generic out,t,t,0,f,f,1,f,f,0,f,f,3,G,f,f,,0,0,,0,,0,,0,0,0,0,3,,,,f,f,f,f,f,f,f,f,f,,,,f,f,f,f,f,,,,,0,3,0,0,0,0,0,0,0
PHA191110240,5,0,1,2,0,2,KKS,2,0,merkf101,r,merkf101,r,bendc101,r,bendc101,r,thomi101,davih101,colle101,bakef102,barrj104,lordb101,oldrr101,murpd106,,,,K,f,f,3,5,strikeout,t,t,0,f,f,1,f,f,0,f,f,0,,f,f,,0,0,,0,,0,,0,0,0,0,2,,,,f,f,f,f,f,f,f,f,f,,,,f,f,f,f,f,,,,,0,2,0,0,0,0,0,0,0
PHA191110240,6,1,1,0,0,2,FKS,2,0,lordb101,r,lordb101,r,mathc102,r,mathc102,r,meyec101,merkf101,doyll101,herzb101,fleta101,devoj101,snodf101,murrr103,,,,K,t,f,7,1,strikeout,t,t,0,f,f,1,f,f,0,f,f,0,,f,f,,0,0,,0,,0,,0,0,0,0,2,,,,f,f,f,f,f,f,f,f,f,,,,f,f,f,f,f,,,,,0,2,0,0,0,0,0,0,0
PHA191110240,7,1,1,1,1,2,KKBS,2,0,oldrr101,r,oldrr101,r,mathc102,r,mathc102,r,meyec101,merkf101,doyll101,herzb101,fleta101,devoj101,snodf101,murrr103,,,,K,f,f,8,2,strikeout,t,t,0,f,f,1,f,f,0,f,f,0,,f,f,,0,0,,0,,0,,0,0,0,0,2,,,,f,f,f,f,f,f,f,f,f,,,,f,f,f,f,f,,,,,0,2,0,0,0,0,0,0,0
PHA191110240,8,1,1,2,1,0,BX,2,0,colle101,l,colle101,l,mathc102,r,mathc102,r,meyec101,merkf101,doyll101,herzb101,fleta101,devoj101,snodf101,murrr103,,,,S8/L,f,f,4,3,single,t,t,1,f,f,0,f,f,0,f,f,8,l,f,f,,0,0,,0,,0,,1,0,0,0,,,,,f,f,f,f,f,f,f,f,f,,,,f,f,f,f,f,,,,,0,0,0,0,0,0,0,0,0
PHA191110240,9,1,1,2,3,2,BBKBKS,2,0,bakef102,l,bakef102,l,mathc102,r,mathc102,r,meyec101,merkf101,doyll101,herzb101,fleta101,devoj101,snodf101,murrr103,colle101,,,K,f,f,5,4,strikeout,t,t,0,f,f,1,f,f,0,f,f,0,,f,f,,0,0,,0,,0,,0,1,0,0,2,,,,f,f,f,f,f,f,f,f,f,mathc102,,,f,f,f,f,f,,,,,0,2,0,0,0,0,0,0,0
PHA191110240,10,0,2,0,0,1,KX,2,0,herzb101,r,herzb101,r,bendc101,r,bendc101,r,thomi101,davih101,colle101,bakef102,barrj104,lordb101,oldrr101,murpd106,,,,8/L,t,f,5,6,generic out,t,t,0,f,f,1,f,f,0,f,f,8,l,f,f,,0,0,,0,,0,,0,0,0,0,8,,,,f,f,f,f,f,f,f,f,f,,,,f,f,f,f,f,,,,,0,8,0,0,0,0,0,0,0
PHA191110240,11,0,2,1,1,1,KBX,2,0,fleta101,r,fleta101,r,bendc101,r,bendc101,r,thomi101,davih101,colle101,bakef102,barrj104,lordb101,oldrr101,murpd106,,,,S8/L,f,f,6,7,single,t,t,1,f,f,0,f,f,0,f,f,8,l,f,f,,0,0,,0,,0,,1,0,0,0,,,,,f,f,f,f,f,f,f,f,f,,,,f,f,f,f,f,,,,,0,0,0,0,0,0,0,0,0
PHA191110240,12,0,2,1,0,0,X,2,0,meyec101,r,meyec101,r,bendc101,r,bendc101,r,thomi101,davih101,colle101,bakef102,barrj104,lordb101,oldrr101,murpd106,fleta101,,,24(1)/FO/P,f,f,2,8,generic out,t,t,0,f,f,1,f,f,0,f,f,2,P,f,f,,0,0,,0,,0,,1,0,0,0,,24,,,f,f,f,f,f,f,f,f,f,bendc101,,,f,f,f,f,f,,,,,0,4,0,0,2,0,0,0,0
PHA191110240,13,0,2,2,0,1,KX,2,0,mathc102,r,mathc102,r,bendc101,r,bendc101,r,thomi101,davih101,colle101,bakef102,barrj104,lordb101,oldrr101,murpd106,meyec101,,,13/G1,f,f,1,9,generic out,t,t,0,f,f,1,f,f,0,f,f,1,G,f,f,1,0,0,,0,,0,,0,1,0,0,13,,,,f,f,f,f,f,f,f,f,f,bendc101,,,f,f,f,f,f,,,,,0,3,0,0,1,0,0,0,0
PHA191110240,14,1,2,0,0,0,X,2,0,murpd106,r,murpd106,r,mathc102,r,mathc102,r,meyec101,merkf101,doyll101,herzb101,fleta101,devoj101,snodf101,murrr103,,,,DGR/9D,t,f,9,5,double,t,t,2,f,f,0,f,f,0,f,f,0,,f,f,9D,0,0,,0,,0,,2,0,0,0,,,,,f,f,f,f,f,f,f,f,f,,,,f,f,f,f,f,,,,,0,0,0,0,0,0,0,0,0
PHA191110240,15,1,2,0,0,0,2,2,0,davih101,r,davih101,r,mathc102,r,mathc102,r,meyec101,merkf101,doyll101,herzb101,fleta101,devoj101,snodf101,murrr103,,murpd106,,PO2(E1).2-3,f,f,3,6,pickoff,f,f,0,f,f,0,f,f,0,f,f,0,,f,f,,1,1,t,0,,0,,0,0,3,0,,,E1,,f,f,f,f,f,f,f,t,f,,mathc102,,f,f,f,f,f,,,,,0,0,0,0,0,0,0,0,0
PHA191110240,16,1,2,0,0,1,2.FX,2,0,davih101,r,davih101,r,mathc102,r,mathc102,r,meyec101,merkf101,doyll101,herzb101,fleta101,devoj101,snodf101,murrr103,,,murpd106,13/BG,f,f,3,6,generic out,t,t,0,f,f,1,f,f,0,f,f,1,G,t,f,,0,0,,0,,0,,0,0,0,3,13,,,,f,f,f,f,f,f,f,f,f,,,mathc102,f,f,f,f,f,,,,,0,3,0,0,1,0,0,0,0
PHA191110240,17,1,2,1,0,1,KB,2,0,barrj104,r,barrj104,r,mathc102,r,mathc102,r,meyec101,merkf101,doyll101,herzb101,fleta101,devoj101,snodf101,murrr103,,,murpd106,CSH(2),f,f,6,7,caught stealing,f,f,0,f,f,1,f,f,0,f,f,0,,f,f,,0,0,,0,,0,,0,0,0,0,,,,2,f,f,f,f,f,t,f,f,f,,,mathc102,f,f,f,f,f,,,,,0,2,0,0,0,0,0,0,0
PHA191110240,18,1,2,2,1,2,KB.FX,2,0,barrj104,r,barrj104,r,mathc102,r,mathc102,r,meyec101,merkf101,doyll101,herzb101,fleta101,devoj101,snodf101,murrr103,,,,S5/BG,f,f,6,7,single,t,t,1,f,f,0,f,f,0,f,f,5,G,t,f,,0,0,,0,,0,,1,0,0,0,,,,,f,f,f,f,f,f,f,f,f,,,,f,f,f,f,f,,,,,0,0,0,0,0,0,0,0,0
PHA191110240,19,1,2,2,1,1,BKX,2,0,thomi101,r,thomi101,r,mathc102,r,mathc102,r,meyec101,merkf101,doyll101,herzb101,fleta101,devoj101,snodf101,murrr103,barrj104,,,2/FL,f,f,2,8,generic out,t,t,0,f,f,1,f,f,0,f,f,2,f,f,t,,0,0,,0,,0,,0,1,0,0,2,,,,f,f,f,f,f,f,f,f,f,mathc102,,,f,f,f,f,f,,,,,0,2,0,0,0,0,0,0,0
PHA191110240,20,0,3,0,0,2,KKX,2,0,devoj101,l,devoj101,l,bendc101,r,bendc101,r,thomi101,davih101,colle101,bakef102,barrj104,lordb101,oldrr101,murpd106,,,,8,t,f,7,1,generic out,t,t,0,f,f,1,f,f,0,f,f,8,f,f,f,,0,0,,0,,0,,0,0,0,0,8,,,,f,f,f,f,f,f,f,f,f,,,,f,f,f,f,f,,,,,0,8,0,0,0,0,0,0,0
PHA191110240,21,0,3,1,1,1,FBX,2,0,doyll101,l,doyll101,l,bendc101,r,bendc101,r,thomi101,davih101,colle101,bakef102,barrj104,lordb101,oldrr101,murpd106,,,,5/FL,f,f,4,2,generic out,t,t,0,f,f,1,f,f,0,f,f,5,f,f,t,,0,0,,0,,0,,0,0,0,0,5,,,,f,f,f,f,f,f,f,f,f,,,,f,f,f,f,f,,,,,0,5,0,0,0,0,0,0,0
PHA191110240,22,0,3,2,2,1,KBBX,2,0,snodf101,r,snodf101,r,bendc101,r,bendc101,r,thomi101,davih101,colle101,bakef102,barrj104,lordb101,oldrr101,murpd106,,,,63,f,f,8,3,generic out,t,t,0,f,f,1,f,f,0,f,f,6,G,f,f,,0,0,,0,,0,,0,0,0,0,63,,,,f,f,f,f,f,f,f,f,f,,,,f,f,f,f,f,,,,,0,3,0,0,6,0,0,0,0
PHA191110240,23,1,3,0,1,0,BX,2,0,bendc101,r,bendc101,r,mathc102,r,mathc102,r,meyec101,merkf101,doyll101,herzb101,fleta101,devoj101,snodf101,murrr103,,,,63,t,f,1,9,generic out,t,t,0,f,f,1,f,f,0,f,f,6,G,f,f,,0,0,,0,,0,,0,0,0,0,63,,,,f,f,f,f,f,f,f,f,f,,,,f,f,f,f,f,,,,,0,3,0,0,6,0,0,0,0
PHA191110240,24,1,3,1,0,0,X,2,0,lordb101,r,lordb101,r,mathc102,r,mathc102,r,meyec101,merkf101,doyll101,herzb101,fleta101,devoj101,snodf101,murrr103,,,,S9,f,f,7,1,single,t,t,1,f,f,0,f,f,0,f,f,9,,f,f,,0,0,,0,,0,,1,0,0,0,,,,,f,f,f,f,f,f,f,f,f,,,,f,f,f,f,f,,,,,0,0,0,0,0,0,0,0,0
PHA191110240,25,1,3,1,0,1,K1X,2,0,oldrr101,r,oldrr101,r,mathc102,r,mathc102,r,meyec101,merkf101,doyll101,herzb101,fleta101,devoj101,snodf101,murrr103,lordb101,,,64(1)/FO,f,f,8,2,generic out,t,t,0,f,f,1,f,f,0,f,f,6,G,f,f,,0,0,,0,,0,,1,0,0,0,,64,,,f,f,f,f,f,f,f,f,f,mathc102,,,f,f,f,f,f,,,,,0,4,0,0,6,0,0,0,0
PHA191110240,26,1,3,2,0,2,KKS,2,0,colle101,l,colle101,l,mathc102,r,mathc102,r,meyec101,merkf101,doyll101,herzb101,fleta101,devoj101,snodf101,murrr103,oldrr101,,,K,f,f,4,3,strikeout,t,t,0,f,f,1,f,f,0,f,f,0,,f,f,,0,0,,0,,0,,0,1,0,0,2,,,,f,f,f,f,f,f,f,f,f,mathc102,,,f,f,f,f,f,,,,,0,2,0,0,0,0,0,0,0
PHA191110240,27,0,4,0,0,0,X,2,0,murrr103,r,murrr103,r,bendc101,r,bendc101,r,thomi101,davih101,colle101,bakef102,barrj104,lordb101,oldrr101,murpd106,,,,5/P,t,f,9,4,generic out,t,t,0,f,f,1,f,f,0,f,f,5,P,f,f,,0,0,,0,,0,,0,0,0,0,5,,,,f,f,f,f,f,f,f,f,f,,,,f,f,f,f,f,,,,,0,5,0,0,0,0,0,0,0
PHA191110240,28,0,4,1,2,2,KBBKFFX,2,0,merkf101,r,merkf101,r,bendc101,r,bendc101,r,thomi101,davih101,colle101,bakef102,barrj104,lordb101,oldrr101,murpd106,,,,K,f,f,3,5,strikeout,t,t,0,f,f,1,f,f,0,f,f,0,,f,f,,0,0,,0,,0,,0,0,0,0,2,,,,f,f,f,f,f,f,f,f,f,,,,f,f,f,f,f,,,,,0,2,0,0,0,0,0,0,0
PHA191110240,29,0,4,2,0,0,X,2,0,herzb101,r,herzb101,r,bendc101,r,bendc101,r,thomi101,davih101,colle101,bakef102,barrj104,lordb101,oldrr101,murpd106,,,,3/BG,f,f,5,6,generic out,t,t,0,f,f,1,f,f,0,f,f,3,G,t,f,,0,0,,0,,0,,0,0,0,0,3,,,,f,f,f,f,f,f,f,f,f,,,,f,f,f,f,f,,,,,0,3,0,0,0,0,0,0,0
PHA191110240,30,1,4,0,1,1,FBX,2,0,bakef102,l,bakef102,l,mathc102,r,mathc102,r,meyec101,merkf101,doyll101,herzb101,fleta101,devoj101,snodf101,murrr103,,,,D7/78,t,f,5,4,double,t,t,2,f,f,0,f,f,0,f,f,7,,f,f,78,0,0,,0,,0,,2,0,0,0,,,,,f,f,f,f,f,f,f,f,f,,,,f,f,f,f,f,,,,,0,0,0,0,0,0,0,0,0
PHA191110240,31,1,4,0,1,2,KFBX,2,0,murpd106,r,murpd106,r,mathc102,r,mathc102,r,meyec101,merkf101,doyll101,herzb101,fleta101,devoj101,snodf101,murrr103,,bakef102,,D8/78.2-H,f,f,9,5,double,t,t,2,f,f,0,f,f,1,f,f,8,,f,f,78,0,0,,0,,0,,2,0,4,0,,,,,f,f,f,f,f,f,f,f,f,,mathc102,,f,f,f,f,f,,,,,0,0,0,0,0,0,0,0,0
PHA191110240,32,1,4,0,0,0,X,2,1,davih101,r,davih101,r,mathc102,r,mathc102,r,meyec101,merkf101,doyll101,herzb101,fleta101,devoj101,snodf101,murrr103,,murpd106,,D9/9L.2-H,f,f,3,6,double,t,t,2,f,f,0,f,f,1,f,f,9,,f,f,9L,0,0,,0,,0,,2,0,4,0,,,,,f,f,f,f,f,f,f,f,f,,mathc102,,f,f,f,f,f,,,,,0,0,0,0,0,0,0,0,0
PHA191110240,33,1,4,0,0,2,2FKFX,2,2,barrj104,r,barrj104,r,mathc102,r,mathc102,r,meyec101,merkf101,doyll101,herzb101,fleta101,devoj101,snodf101,murrr103,,davih101,,53.2-3,f,f,6,7,generic out,t,t,0,f,f,1,f,f,0,f,f,5,G,f,f,,0,0,,0,,0,,0,0,3,0,53,,,,f,f,f,f,f,f,f,f,f,,mathc102,,f,f,f,f,f,,,,,0,3,0,0,5,0,0,0,0
PHA191110240,34,1,4,1,1,2,BFKX,2,2,thomi101,r,thomi101,r,mathc102,r,mathc102,r,meyec101,merkf101,doyll101,herzb101,fleta101,devoj101,snodf101,murrr103,,,davih101,9/SF.3-H,f,f,2,8,generic out,t,f,0,f,t,1,f,f,1,f,f,9,f,f,f,,0,0,,0,,0,,0,0,0,4,9,,,,f,f,f,f,f,f,f,f,f,,,mathc102,f,f,f,f,f,,,,,0,9,0,0,0,0,0,0,0
PHA191110240,35,1,4,2,0,0,X,2,3,bendc101,r,bendc101,r,mathc102,r,mathc102,r,meyec101,merkf101,doyll101,herzb101,fleta101,devoj101,snodf101,murrr103,,,,63,f,f,1,9,generic out,t,t,0,f,f,1,f,f,0,f,f,6,G,f,f,,0,0,,0,,0,,0,0,0,0,63,,,,f,f,f,f,f,f,f,f,f,,,,f,f,f,f,f,,,,,0,3,0,0,6,0,0,0,0
PHA191110240,36,0,5,0,0,0,X,2,3,fleta101,r,fleta101,r,bendc101,r,bendc101,r,thomi101,davih101,colle101,bakef102,barrj104,lordb101,oldrr101,murpd106,,,,53,t,f,6,7,generic out,t,t,0,f,f,1,f,f,0,f,f,5,G,f,f,,0,0,,0,,0,,0,0,0,0,53,,,,f,f,f,f,f,f,f,f,f,,,,f,f,f,f,f,,,,,0,3,0,0,5,0,0,0,0
PHA191110240,37,0,5,1,0,1,FX,2,3,meyec101,r,meyec101,r,bendc101,r,bendc101,r,thomi101,davih101,colle101,bakef102,barrj104,lordb101,oldrr101,murpd106,,,,D9,f,f,2,8,double,t,t,2,f,f,0,f,f,0,f,f,9,,f,f,,0,0,,0,,0,,2,0,0,0,,,,,f,f,f,f,f,f,f,f,f,,,,f,f,f,f,f,,,,,0,0,0,0,0,0,0,0,0
PHA191110240,38,0,5,1,1,0,BB,2,3,mathc102,r,mathc102,r,bendc101,r,bendc101,r,thomi101,davih101,colle101,bakef102,barrj104,lordb101,oldrr101,murpd106,,meyec101,,OA.2X3(25),f,f,1,9,other advance,f,f,0,f,f,1,f,f,0,f,f,0,,f,f,,0,0,,0,,0,,0,0,0,0,,,25,,f,f,f,f,f,f,f,f,f,,bendc101,,f,f,f,f,f,,,,,0,5,0,0,2,0,0,0,0
PHA191110240,39,0,5,2,3,2,BB.FBFB,2,3,mathc102,r,mathc102,r,bendc101,r,bendc101,r,thomi101,davih101,colle101,bakef102,barrj104,lordb101,oldrr101,murpd106,,,,W,f,f,1,9,walk,t,f,0,f,f,0,f,f,0,f,f,0,,f,f,,0,0,,0,,0,,1,0,0,0,,,,,f,f,f,f,f,f,f,f,f,,,,f,f,f,f,f,,,,,0,0,0,0,0,0,0,0,0
PHA191110240,40,0,5,2,1,2,FKBX,2,3,devoj101,l,devoj101,l,bendc101,r,bendc101,r,thomi101,davih101,colle101,bakef102,barrj104,lordb101,oldrr101,murpd106,mathc102,,,7,f,f,7,1,generic out,t,t,0,f,f,1,f,f,0,f,f,7,f,f,f,,0,0,,0,,0,,0,1,0,0,7,,,,f,f,f,f,f,f,f,f,f,bendc101,,,f,f,f,f,f,,,,,0,7,0,0,0,0,0,0,0
PHA191110240,41,1,5,0,0,2,FKX,2,3,lordb101,r,lordb101,r,mathc102,r,mathc102,r,meyec101,merkf101,doyll101,herzb101,fleta101,devoj101,snodf101,murrr103,,,,31,t,f,7,1,generic out,t,t,0,f,f,1,f,f,0,f,f,3,G,f,f,,0,0,,0,,0,,0,0,0,0,31,,,,f,f,f,f,f,f,f,f,f,,,,f,f,f,f,f,,,,,0,1,0,0,3,0,0,0,0
PHA191110240,42,1,5,1,0,0,X,2,3,oldrr101,r,oldrr101,r,mathc102,r,mathc102,r,meyec101,merkf101,doyll101,herzb101,fleta101,devoj101,snodf101,murrr103,,,,53,f,f,8,2,generic out,t,t,0,f,f,1,f,f,0,f,f,5,G,f,f,,0,0,,0,,0,,0,0,0,0,53,,,,f,f,f,f,f,f,f,f,f,,,,f,f,f,f,f,,,,,0,3,0,0,5,0,0,0,0
PHA191110240,43,1,5,2,1,0,BX,2,3,colle101,l,colle101,l,mathc102,r,mathc102,r,meyec101,merkf101,doyll101,herzb101,fleta101,devoj101,snodf101,murrr103,,,,S9/9D,f,f,4,3,single,t,t,1,f,f,0,f,f,0,f,f,9,,f,f,9D,0,0,,0,,0,,1,0,0,0,,,,,f,f,f,f,f,f,f,f,f,,,,f,f,f,f,f,,,,,0,0,0,0,0,0,0,0,0
PHA191110240,44,1,5,2,0,0,X,2,3,bakef102,l,bakef102,l,mathc102,r,mathc102,r,meyec101,merkf101,doyll101,herzb101,fleta101,devoj101,snodf101,murrr103,colle101,,,D9.1-H;B-3(THH),f,f,5,4,double,t,t,2,f,f,0,f,f,1,f,f,9,,f,f,,0,0,,0,,0,,3,4,0,0,,,,,f,f,f,f,f,f,f,f,f,mathc102,,,f,f,f,f,f,,,,,0,0,0,0,0,0,0,0,0
PHA191110240,45,1,5,2,3,2,BBBFKS,2,4,murpd106,r,murpd106,r,mathc102,r,mathc102,r,meyec101,merkf101,doyll101,herzb101,fleta101,devoj101,snodf101,murrr103,,,bakef102,K23,f,f,9,5,strikeout,t,t,0,f,f,1,f,f,0,f,f,0,,f,f,,0,0,,0,,0,,0,0,0,3,23,,,,f,f,f,f,f,f,f,f,f,,,mathc102,f,f,f,f,f,,,,,0,3,0,0,2,0,0,0,0
PHA191110240,46,0,6,0,3,1,KBBBB,2,4,doyll101,l,doyll101,l,bendc101,r,bendc101,r,thomi101,davih101,colle101,bakef102,barrj104,lordb101,oldrr101,murpd106,,,,W,t,f,4,2,walk,t,f,0,f,f,0,f,f,0,f,f,0,,f,f,,0,0,,0,,0,,1,0,0,0,,,,,f,f,f,f,f,f,f,f,f,,,,f,f,f,f,f,,,,,0,0,0,0,0,0,0,0,0
PHA191110240,47,0,6,0,1,2,KBKS,2,4,snodf101,r,snodf101,r,bendc101,r,bendc101,r,thomi101,davih101,colle101,bakef102,barrj104,lordb101,oldrr101,murpd106,doyll101,,,K,f,f,8,3,strikeout,t,t,0,f,f,1,f,f,0,f,f,0,,f,f,,0,0,,0,,0,,0,1,0,0,2,,,,f,f,f,f,f,f,f,f,f,bendc101,,,f,f,f,f,f,,,,,0,2,0,0,0,0,0,0,0
PHA191110240,48,0,6,1,0,2,KFX,2,4,murrr103,r,murrr103,r,bendc101,r,bendc101,r,thomi101,davih101,colle101,bakef102,barrj104,lordb101,oldrr101,murpd106,doyll101,,,5/DP/FL.1X1(53),f,f,9,4,generic out,t,t,0,f,f,2,t,f,0,f,f,5,f,f,t,,0,0,,0,,0,,0,0,0,0,5,53,,,f,f,f,f,f,f,f,f,f,bendc101,,,f,f,f,f,f,,,,,0,5,3,0,5,0,0,0,0
PHA191110240,49,1,6,0,1,0,BX,2,4,davih101,r,davih101,r,mathc102,r,mathc102,r,meyec101,merkf101,doyll101,herzb101,fleta101,devoj101,snodf101,murrr103,,,,53,t,f,3,6,generic out,t,t,0,f,f,1,f,f,0,f,f,5,G,f,f,,0,0,,0,,0,,0,0,0,0,53,,,,f,f,f,f,f,f,f,f,f,,,,f,f,f,f,f,,,,,0,3,0,0,5,0,0,0,0
PHA191110240,50,1,6,1,0,0,X,2,4,barrj104,r,barrj104,r,mathc102,r,mathc102,r,meyec101,merkf101,doyll101,herzb101,fleta101,devoj101,snodf101,murrr103,,,,D8/8D,f,f,6,7,double,t,t,2,f,f,0,f,f,0,f,f,8,,f,f,8D,0,0,,0,,0,,2,0,0,0,,,,,f,f,f,f,f,f,f,f,f,,,,f,f,f,f,f,,,,,0,0,0,0,0,0,0,0,0
PHA191110240,51,1,6,1,0,1,KX,2,4,thomi101,r,thomi101,r,mathc102,r,mathc102,r,meyec101,merkf101,doyll101,herzb101,fleta101,devoj101,snodf101,murrr103,,barrj104,,63.2-3,f,f,2,8,generic out,t,t,0,f,f,1,f,f,0,f,f,6,G,f,f,,0,0,,0,,0,,0,0,3,0,63,,,,f,f,f,f,f,f,f,f,f,,mathc102,,f,f,f,f,f,,,,,0,3,0,0,6,0,0,0,0
PHA191110240,52,1,6,2,1,2,KKBX,2,4,bendc101,r,bendc101,r,mathc102,r,mathc102,r,meyec101,merkf101,doyll101,herzb101,fleta101,devoj101,snodf101,murrr103,,,barrj104,53,f,f,1,9,generic out,t,t,0,f,f,1,f,f,0,f,f,5,G,f,f,,0,0,,0,,0,,0,0,0,3,53,,,,f,f,f,f,f,f,f,f,f,,,mathc102,f,f,f,f,f,,,,,0,3,0,0,5,0,0,0,0
PHA191110240,53,0,7,0,0,2,FKS,2,4,merkf101,r,merkf101,r,bendc101,r,bendc101,r,thomi101,davih101,colle101,bakef102,barrj104,lordb101,oldrr101,murpd106,,,,K,t,f,3,5,strikeout,t,t,0,f,f,1,f,f,0,f,f,0,,f,f,,0,0,,0,,0,,0,0,0,0,2,,,,f,f,f,f,f,f,f,f,f,,,,f,f,f,f,f,,,,,0,2,0,0,0,0,0,0,0
PHA191110240,54,0,7,1,1,1,BFX,2,4,herzb101,r,herzb101,r,bendc101,r,bendc101,r,thomi101,davih101,colle101,bakef102,barrj104,lordb101,oldrr101,murpd106,,,,8,f,f,5,6,generic out,t,t,0,f,f,1,f,f,0,f,f,8,f,f,f,,0,0,,0,,0,,0,0,0,0,8,,,,f,f,f,f,f,f,f,f,f,,,,f,f,f,f,f,,,,,0,8,0,0,0,0,0,0,0
PHA191110240,55,0,7,2,1,1,BKX,2,4,fleta101,r,fleta101,r,bendc101,r,bendc101,r,thomi101,davih101,colle101,bakef102,barrj104,lordb101,oldrr101,murpd106,,,,S8,f,f,6,7,single,t,t,1,f,f,0,f,f,0,f,f,8,,f,f,,0,0,,0,,0,,1,0,0,0,,,,,f,f,f,f,f,f,f,f,f,,,,f,f,f,f,f,,,,,0,0,0,0,0,0,0,0,0
PHA191110240,56,0,7,2,0,1,FX,2,4,meyec101,r,meyec101,r,bendc101,r,bendc101,r,thomi101,davih101,colle101,bakef102,barrj104,lordb101,oldrr101,murpd106,fleta101,,,43,f,f,2,8,generic out,t,t,0,f,f,1,f,f,0,f,f,4,G,f,f,,0,0,,0,,0,,0,1,0,0,43,,,,f,f,f,f,f,f,f,f,f,bendc101,,,f,f,f,f,f,,,,,0,3,0,0,4,0,0,0,0
PHA191110240,57,1,7,0,1,0,BX,2,4,lordb101,r,lordb101,r,mathc102,r,mathc102,r,meyec101,merkf101,doyll101,herzb101,fleta101,devoj101,snodf101,murrr103,,,,E6.B-1,t,f,7,1,error,t,t,0,f,f,0,f,f,0,f,f,6,G,f,f,,1,6,f,0,,0,,1,0,0,0,,,,,f,f,f,f,f,f,f,f,f,,,,f,f,f,f,f,,,,,0,0,0,0,0,0,0,0,0
PHA191110240,58,1,7,0,0,0,X,2,4,oldrr101,r,oldrr101,r,mathc102,r,mathc102,r,meyec101,merkf101,doyll101,herzb101,fleta101,devoj101,snodf101,murrr103,lordb101,,,34/SH.1-2,f,f,8,2,generic out,t,f,0,t,f,1,f,f,0,f,f,3,G,t,f,,0,0,,0,,0,,0,2,0,0,34,,,,f,f,f,f,f,f,f,f,f,mathc102,,,f,f,f,f,f,,,,,0,4,0,0,3,0,0,0,0
PHA191110240,59,1,7,1,0,0,X,2,4,colle101,l,colle101,l,mathc102,r,mathc102,r,meyec101,merkf101,doyll101,herzb101,fleta101,devoj101,snodf101,murrr103,,lordb101,,3/SH.2-3,f,f,4,3,generic out,t,f,0,t,f,1,f,f,0,f,f,3,G,t,f,,0,0,,0,,0,,0,0,3,0,3,,,,f,f,f,f,f,f,f,f,f,,mathc102,,f,f,f,f,f,,,,,0,3,0,0,0,0,0,0,0
PHA191110240,60,1,7,2,3,0,IIII,2,4,bakef102,l,bakef102,l,mathc102,r,mathc102,r,meyec101,merkf101,doyll101,herzb101,fleta101,devoj101,snodf101,murrr103,,,lordb101,IW,f,f,5,4,intentional walk,t,f,0,f,f,0,f,f,0,f,f,0,,f,f,,0,0,,0,,0,,1,0,0,3,,,,,f,f,f,f,f,f,f,f,f,,,mathc102,f,f,f,f,f,,,,,0,0,0,0,0,0,0,0,0
PHA191110240,61,1,7,2,0,0,X,2,4,murpd106,r,murpd106,r,mathc102,r,mathc102,r,meyec101,merkf101,doyll101,herzb101,fleta101,devoj101,snodf101,murrr103,bakef102,,lordb101,3/G,f,f,9,5,generic out,t,t,0,f,f,1,f,f,0,f,f,3,G,f,f,,0,0,,0,,0,,0,1,0,3,3,,,,f,f,f,f,f,f,f,f,f,mathc102,,mathc102,f,f,f,f,f,,,,,0,3,0,0,0,0,0,0,0
PHA191110240,62,0,8,0,2,2,.BFSBFX,2,4,beckb101,l,beckb101,l,bendc101,r,bendc101,r,thomi101,davih101,colle101,bakef102,barrj104,lordb101,oldrr101,murpd106,,,,43,t,t,11,9,generic out,t,t,0,f,f,1,f,f,0,f,f,4,G,f,f,,0,0,,0,,0,,0,0,0,0,43,,,,f,f,f,f,f,f,f,f,f,,,,f,f,f,f,f,,,,mathc102,1,3,0,0,4,0,0,0,0
PHA191110240,63,0,8,1,1,2,KKBX,2,4,devoj101,l,devoj101,l,bendc101,r,bendc101,r,thomi101,davih101,colle101,bakef102,barrj104,lordb101,oldrr101,murpd106,,,,S7,f,f,7,1,single,t,t,1,f,f,0,f,f,0,f,f,7,,f,f,,0,0,,0,,0,,1,0,0,0,,,,,f,f,f,f,f,f,f,f,f,,,,f,f,f,f,f,,,,,0,0,0,0,0,0,0,0,0
PHA191110240,64,0,8,1,0,0,X,2,4,doyll101,l,doyll101,l,bendc101,r,bendc101,r,thomi101,davih101,colle101,bakef102,barrj104,lordb101,oldrr101,murpd106,devoj101,,,46(1)/FO,f,f,4,2,generic out,t,t,0,f,f,1,f,f,0,f,f,4,G,f,f,,0,0,,0,,0,,1,0,0,0,,46,,,f,f,f,f,f,f,f,f,f,bendc101,,,f,f,f,f,f,,,,,0,6,0,0,4,0,0,0,0
PHA191110240,65,0,8,2,0,0,X,2,4,snodf101,r,snodf101,r,bendc101,r,bendc101,r,thomi101,davih101,colle101,bakef102,barrj104,lordb101,oldrr101,murpd106,doyll101,,,E5/TH1.1-2;B-1,f,f,8,3,error,t,t,0,f,f,0,f,f,0,f,f,5,G,f,f,,1,5,t,0,,0,,1,2,0,0,,,,,f,f,f,f,f,f,f,f,f,bendc101,,,f,f,f,f,f,,,,,0,0,0,0,0,0,0,0,0
PHA191110240,66,0,8,2,0,0,X,2,4,murrr103,r,murrr103,r,bendc101,r,bendc101,r,thomi101,davih101,colle101,bakef102,barrj104,lordb101,oldrr101,murpd106,snodf101,doyll101,,2/FL,f,f,9,4,generic out,t,t,0,f,f,1,f,f,0,f,f,2,f,f,t,,0,0,,0,,0,,0,1,2,0,2,,,,f,f,f,f,f,f,f,f,f,bendc101,bendc101,,f,f,f,f,f,,,,,0,2,0,0,0,0,0,0,0
PHA191110240,67,1,8,0,0,2,.KKS,2,4,davih101,r,davih101,r,wilth102,l,wilth102,l,meyec101,merkf101,doyll101,herzb101,fleta101,devoj101,snodf101,murrr103,,,,K,t,f,3,6,strikeout,t,t,0,f,f,1,f,f,0,f,f,0,,f,f,,0,0,,0,,0,,0,0,0,0,2,,,,f,f,f,f,f,f,f,f,f,,,,f,f,f,f,f,,,,,0,2,0,0,0,0,0,0,0
PHA191110240,68,1,8,1,1,2,KBKX,2,4,barrj104,r,barrj104,r,wilth102,l,wilth102,l,meyec101,merkf101,doyll101,herzb101,fleta101,devoj101,snodf101,murrr103,,,,D9/F9S.B-3(E9/TH2),f,f,6,7,double,t,t,2,f,f,0,f,f,0,f,f,9,f,f,f,9S,1,9,t,0,,0,,3,0,0,0,,,,,f,f,f,f,f,f,f,f,f,,,,f,f,f,f,f,,,,,0,0,0,0,0,0,0,0,0
PHA191110240,69,1,8,1,0,0,X,2,4,thomi101,r,thomi101,r,wilth102,l,wilth102,l,meyec101,merkf101,doyll101,herzb101,fleta101,devoj101,snodf101,murrr103,,,barrj104,FC5.3XH(525);B-2,f,f,2,8,fielders choice,t,t,0,f,f,1,f,f,0,f,f,5,G,f,f,,0,0,,0,,0,,2,0,0,0,,,,525,f,f,f,f,f,f,f,f,f,,,wilth102,f,f,f,f,f,,,,,0,5,0,0,5,2,0,0,0
PHA191110240,70,1,8,2,1,1,BSX,2,4,bendc101,r,bendc101,r,wilth102,l,wilth102,l,meyec101,merkf101,doyll101,herzb101,fleta101,devoj101,snodf101,murrr103,,thomi101,,3/G,f,f,1,9,generic out,t,t,0,f,f,1,f,f,0,f,f,3,G,f,f,,0,0,,0,,0,,0,0,2,0,3,,,,f,f,f,f,f,f,f,f,f,,wilth102,,f,f,f,f,f,,,,,0,3,0,0,0,0,0,0,0
PHA191110240,71,0,9,0,1,2,FLBX,2,4,merkf101,r,merkf101,r,bendc101,r,bendc101,r,thomi101,davih101,colle101,bakef102,barrj104,lordb101,oldrr101,murpd106,,,,D9,t,f,3,5,double,t,t,2,f,f,0,f,f,0,f,f,9,,f,f,,0,0,,0,,0,,2,0,0,0,,,,,f,f,f,f,f,f,f,f,f,,,,f,f,f,f,f,,,,,0,0,0,0,0,0,0,0,0
PHA191110240,72,0,9,0,2,2,BCFBFX,2,4,herzb101,r,herzb101,r,bendc101,r,bendc101,r,thomi101,davih101,colle101,bakef102,barrj104,lordb101,oldrr101,murpd106,,merkf101,,53.2-3,f,f,5,6,generic out,t,t,0,f,f,1,f,f,0,f,f,5,G,f,f,,0,0,,0,,0,,0,0,3,0,53,,,,f,f,f,f,f,f,f,f,f,,bendc101,,f,f,f,f,f,,,,,0,3,0,0,5,0,0,0,0
PHA191110240,73,0,9,1,0,0,X,2,4,fleta101,r,fleta101,r,bendc101,r,bendc101,r,thomi101,davih101,colle101,bakef102,barrj104,lordb101,oldrr101,murpd106,,,merkf101,4/P,f,f,6,7,generic out,t,t,0,f,f,1,f,f,0,f,f,4,P,f,f,,0,0,,0,,0,,0,0,0,3,4,,,,f,f,f,f,f,f,f,f,f,,,bendc101,f,f,f,f,f,,,,,0,4,0,0,0,0,0,0,0
PHA191110240,74,0,9,2,0,0,X,2,4,meyec101,r,meyec101,r,bendc101,r,bendc101,r,thomi101,davih101,colle101,bakef102,barrj104,lordb101,oldrr101,murpd106,,,merkf101,43,f,f,2,8,generic out,t,t,0,f,f,1,f,f,0,f,f,4,G,f,f,,0,0,,0,,0,,0,0,0,3,43,,,,f,f,f,f,f,f,f,f,f,,,bendc101,f,t,f,f,f,,,,,0,3,0,0,4,0,0,0,0
PHA191110260,1,0,1,0,1,2,FCBX,0,0,devoj101,l,devoj101,l,bendc101,r,bendc101,r,thomi101,davih101,colle101,bakef102,barrj104,lordb101,oldrr101,murpd106,,,,13/G1,t,f,7,1,generic out,t,t,0,f,f,1,f,f,0,f,f,1,G,f,f,1,0,0,,0,,0,,0,0,0,0,13,,,,f,f,f,f,f,f,f,f,f,,,,t,f,f,f,f,,,,,0,3,0,0,1,0,0,0,0
PHA191110260,2,0,1,1,0,0,X,0,0,doyll101,l,doyll101,l,bendc101,r,bendc101,r,thomi101,davih101,colle101,bakef102,barrj104,lordb101,oldrr101,murpd106,,,,DGR/9D,f,f,4,2,double,t,t,2,f,f,0,f,f,0,f,f,0,,f,f,9D,0,0,,0,,0,,2,0,0,0,,,,,f,f,f,f,f,f,f,f,f,,,,f,f,f,f,f,,,,,0,0,0,0,0,0,0,0,0
PHA191110260,3,0,1,1,2,2,BFSBFX,0,0,snodf101,r,snodf101,r,bendc101,r,bendc101,r,thomi101,davih101,colle101,bakef102,barrj104,lordb101,oldrr101,murpd106,,doyll101,,7/L,f,f,8,3,generic out,t,t,0,f,f,1,f,f,0,f,f,7,l,f,f,,0,0,,0,,0,,0,0,2,0,7,,,,f,f,f,f,f,f,f,f,f,,bendc101,,f,f,f,f,f,,,,,0,7,0,0,0,0,0,0,0
PHA191110260,4,0,1,2,2,0,BBX,0,0,murrr103,r,murrr103,r,bendc101,r,bendc101,r,thomi101,davih101,colle101,bakef102,barrj104,lordb101,oldrr101,murpd106,,doyll101,,E9.2-H(UR)(NR);B-1,f,f,9,4,error,t,t,0,f,f,0,f,f,0,f,f,9,f,f,f,,1,9,f,0,,0,,1,0,5,0,,,,,f,f,f,f,f,f,f,f,f,,bendc101,,f,f,f,f,f,,,,,0,0,0,0,0,0,0,0,0
PHA191110260,5,0,1,2,0,0,1,1,0,merkf101,r,merkf101,r,bendc101,r,bendc101,r,thomi101,davih101,colle101,bakef102,barrj104,lordb101,oldrr101,murpd106,murrr103,,,PO1(13),f,f,3,5,pickoff,f,f,0,f,f,1,f,f,0,f,f,0,,f,f,,0,0,,0,,0,,0,0,0,0,,13,,,f,f,f,f,f,f,t,f,f,bendc101,,,f,f,f,f,f,,,,,0,3,0,0,1,0,0,0,0
PHA191110260,6,1,1,0,3,2,BBBCCFX,1,0,lordb101,r,lordb101,r,amesr101,r,amesr101,r,meyec101,merkf101,doyll101,herzb101,fleta101,devoj101,snodf101,murrr103,,,,43,t,f,7,1,generic out,t,t,0,f,f,1,f,f,0,f,f,4,G,f,f,,0,0,,0,,0,,0,0,0,0,43,,,,f,f,f,f,f,f,f,f,f,,,,f,f,f,f,f,,,,,0,3,0,0,4,0,0,0,0
PHA191110260,7,1,1,1,1,2,BCSFS,1,0,oldrr101,r,oldrr101,r,amesr101,r,amesr101,r,meyec101,merkf101,doyll101,herzb101,fleta101,devoj101,snodf101,murrr103,,,,K,f,f,8,2,strikeout,t,t,0,f,f,1,f,f,0,f,f,0,,f,f,,0,0,,0,,0,,0,0,0,0,2,,,,f,f,f,f,f,f,f,f,f,,,,f,f,f,f,f,,,,,0,2,0,0,0,0,0,0,0
PHA191110260,8,1,1,2,2,2,BCBFS,1,0,colle101,l,colle101,l,amesr101,r,amesr101,r,meyec101,merkf101,doyll101,herzb101,fleta101,devoj101,snodf101,murrr103,,,,K,f,f,4,3,strikeout,t,t,0,f,f,1,f,f,0,f,f,0,,f,f,,0,0,,0,,0,,0,0,0,0,2,,,,f,f,f,f,f,f,f,f,f,,,,f,f,f,f,f,,,,,0,2,0,0,0,0,0,0,0
PHA191110260,9,0,2,0,0,1,SX,1,0,merkf101,r,merkf101,r,bendc101,r,bendc101,r,thomi101,davih101,colle101,bakef102,barrj104,lordb101,oldrr101,murpd106,,,,8,t,f,3,5,generic out,t,t,0,f,f,1,f,f,0,f,f,8,f,f,f,,0,0,,0,,0,,0,0,0,0,8,,,,f,f,f,f,f,f,f,f,f,,,,f,f,f,f,f,,,,,0,8,0,0,0,0,0,0,0
PHA191110260,10,0,2,1,0,1,SX,1,0,herzb101,r,herzb101,r,bendc101,r,bendc101,r,thomi101,davih101,colle101,bakef102,barrj104,lordb101,oldrr101,murpd106,,,,E6/L.B-1,f,f,5,6,error,t,t,0,f,f,0,f,f,0,f,f,6,l,f,f,,1,6,f,0,,0,,1,0,0,0,,,,,f,f,f,f,f,f,f,f,f,,,,f,f,f,f,f,,,,,0,0,0,0,0,0,0,0,0
PHA191110260,11,0,2,1,0,0,B,1,0,fleta101,r,fleta101,r,bendc101,r,bendc101,r,thomi101,davih101,colle101,bakef102,barrj104,lordb101,oldrr101,murpd106,herzb101,,,SB2,f,f,6,7,stolen base,f,f,0,f,f,0,f,f,0,f,f,0,,f,f,,0,0,,0,,0,,0,2,0,0,,,,,t,f,f,f,f,f,f,f,f,bendc101,,,f,f,f,f,f,,,,,0,0,0,0,0,0,0,0,0
PHA191110260,12,0,2,1,1,2,B.CLS,1,0,fleta101,r,fleta101,r,bendc101,r,bendc101,r,thomi101,davih101,colle101,bakef102,barrj104,lordb101,oldrr101,murpd106,,herzb101,,K,f,f,6,7,strikeout,t,t,0,f,f,1,f,f,0,f,f,0,,f,f,,0,0,,0,,0,,0,0,2,0,2,,,,f,f,f,f,f,f,f,f,f,,bendc101,,f,f,f,f,f,,,,,0,2,0,0,0,0,0,0,0
PHA191110260,13,0,2,2,0,0,X,1,0,meyec101,r,meyec101,r,bendc101,r,bendc101,r,thomi101,davih101,colle101,bakef102,barrj104,lordb101,oldrr101,murpd106,,herzb101,,43,f,f,2,8,generic out,t,t,0,f,f,1,f,f,0,f,f,4,G,f,f,,0,0,,0,,0,,0,0,2,0,43,,,,f,f,f,f,f,f,f,f,f,,bendc101,,f,f,f,f,f,,,,,0,3,0,0,4,0,0,0,0
PHA191110260,14,1,2,0,0,0,X,1,0,bakef102,l,bakef102,l,amesr101,r,amesr101,r,meyec101,merkf101,doyll101,herzb101,fleta101,devoj101,snodf101,murrr103,,,,7/L,t,f,5,4,generic out,t,t,0,f,f,1,f,f,0,f,f,7,l,f,f,,0,0,,0,,0,,0,0,0,0,7,,,,f,f,f,f,f,f,f,f,f,,,,f,f,f,f,f,,,,,0,7,0,0,0,0,0,0,0
PHA191110260,15,1,2,1,1,2,SFBX,1,0,murpd106,r,murpd106,r,amesr101,r,amesr101,r,meyec101,merkf101,doyll101,herzb101,fleta101,devoj101,snodf101,murrr103,,,,S4,f,f,9,5,single,t,t,1,f,f,0,f,f,0,f,f,4,,f,f,,0,0,,0,,0,,1,0,0,0,,,,,f,f,f,f,f,f,f,f,f,,,,f,f,f,f,f,,,,,0,0,0,0,0,0,0,0,0
PHA191110260,16,1,2,1,2,2,BBFFX,1,0,davih101,r,davih101,r,amesr101,r,amesr101,r,meyec101,merkf101,doyll101,herzb101,fleta101,devoj101,snodf101,murrr103,murpd106,,,13/G1.1-2,f,f,3,6,generic out,t,t,0,f,f,1,f,f,0,f,f,1,G,f,f,1,0,0,,0,,0,,0,2,0,0,13,,,,f,f,f,f,f,f,f,f,f,amesr101,,,f,f,f,f,f,,,,,0,3,0,0,1,0,0,0,0
PHA191110260,17,1,2,2,1,2,BFCS,1,0,barrj104,r,barrj104,r,amesr101,r,amesr101,r,meyec101,merkf101,doyll101,herzb101,fleta101,devoj101,snodf101,murrr103,,murpd106,,K,f,f,6,7,strikeout,t,t,0,f,f,1,f,f,0,f,f,0,,f,f,,0,0,,0,,0,,0,0,2,0,2,,,,f,f,f,f,f,f,f,f,f,,amesr101,,f,f,f,f,f,,,,,0,2,0,0,0,0,0,0,0
PHA191110260,18,0,3,0,0,0,X,1,0,amesr101,l,amesr101,l,bendc101,r,bendc101,r,thomi101,davih101,colle101,bakef102,barrj104,lordb101,oldrr101,murpd106,,,,S7,t,f,1,9,single,t,t,1,f,f,0,f,f,0,f,f,7,,f,f,,0,0,,0,,0,,1,0,0,0,,,,,f,f,f,f,f,f,f,f,f,,,,f,f,f,f,f,,,,,0,0,0,0,0,0,0,0,0
PHA191110260,19,0,3,0,0,1,LX,1,0,devoj101,l,devoj101,l,bendc101,r,bendc101,r,thomi101,davih101,colle101,bakef102,barrj104,lordb101,oldrr101,murpd106,amesr101,,,16(1)/FO,f,f,7,1,generic out,t,t,0,f,f,1,f,f,0,f,f,1,G,f,f,,0,0,,0,,0,,1,0,0,0,,16,,,f,f,f,f,f,f,f,f,f,bendc101,,,f,f,f,f,f,,,,,0,6,0,0,1,0,0,0,0
PHA191110260,20,0,3,1,1,1,FBX,1,0,doyll101,l,doyll101,l,bendc101,r,bendc101,r,thomi101,davih101,colle101,bakef102,barrj104,lordb101,oldrr101,murpd106,devoj101,,,5/FL,f,f,4,2,generic out,t,t,0,f,f,1,f,f,0,f,f,5,f,f,t,,0,0,,0,,0,,0,1,0,0,5,,,,f,f,f,f,f,f,f,f,f,bendc101,,,f,f,f,f,f,,,,,0,5,0,0,0,0,0,0,0
PHA191110260,21,0,3,2,0,0,B,1,0,snodf101,r,snodf101,r,bendc101,r,bendc101,r,thomi101,davih101,colle101,bakef102,barrj104,lordb101,oldrr101,murpd106,devoj101,,,CS2(24),f,f,8,3,caught stealing,f,f,0,f,f,1,f,f,0,f,f,0,,f,f,,0,0,,0,,0,,0,0,0,0,,24,,,f,f,f,t,f,f,f,f,f,bendc101,,,f,f,f,f,f,,,,,0,4,0,0,2,0,0,0,0
PHA191110260,22,1,3,0,3,2,BCSBFBB,1,0,thomi101,r,thomi101,r,amesr101,r,amesr101,r,meyec101,merkf101,doyll101,herzb101,fleta101,devoj101,snodf101,murrr103,,,,W,t,f,2,8,walk,t,f,0,f,f,0,f,f,0,f,f,0,,f,f,,0,0,,0,,0,,1,0,0,0,,,,,f,f,f,f,f,f,f,f,f,,,,f,f,f,f,f,,,,,0,0,0,0,0,0,0,0,0
PHA191110260,23,1,3,0,1,1,LBX,1,0,bendc101,r,bendc101,r,amesr101,r,amesr101,r,meyec101,merkf101,doyll101,herzb101,fleta101,devoj101,snodf101,murrr103,thomi101,,,63.1-2,f,f,1,9,generic out,t,t,0,f,f,1,f,f,0,f,f,6,G,f,f,,0,0,,0,,0,,0,2,0,0,63,,,,f,f,f,f,f,f,f,f,f,amesr101,,,f,f,f,f,f,,,,,0,3,0,0,6,0,0,0,0
PHA191110260,24,1,3,1,0,1,SX,1,0,lordb101,r,lordb101,r,amesr101,r,amesr101,r,meyec101,merkf101,doyll101,herzb101,fleta101,devoj101,snodf101,murrr103,,thomi101,,DGR/9.2-H,f,f,7,1,double,t,t,2,f,f,0,f,f,1,f,f,0,,f,f,9,0,0,,0,,0,,2,0,4,0,,,,,f,f,f,f,f,f,f,f,f,,amesr101,,f,f,f,f,f,,,,,0,0,0,0,0,0,0,0,0
PHA191110260,25,1,3,1,0,2,FFX,1,1,oldrr101,r,oldrr101,r,amesr101,r,amesr101,r,meyec101,merkf101,doyll101,herzb101,fleta101,devoj101,snodf101,murrr103,,lordb101,,63.2-3,f,f,8,2,generic out,t,t,0,f,f,1,f,f,0,f,f,6,G,f,f,,0,0,,0,,0,,0,0,3,0,63,,,,f,f,f,f,f,f,f,f,f,,amesr101,,f,f,f,f,f,,,,,0,3,0,0,6,0,0,0,0
PHA191110260,26,1,3,2,1,1,BKX,1,1,colle101,l,colle101,l,amesr101,r,amesr101,r,meyec101,merkf101,doyll101,herzb101,fleta101,devoj101,snodf101,murrr103,,,lordb101,7,f,f,4,3,generic out,t,t,0,f,f,1,f,f,0,f,f,7,f,f,f,,0,0,,0,,0,,0,0,0,3,7,,,,f,f,f,f,f,f,f,f,f,,,amesr101,f,f,f,f,f,,,,,0,7,0,0,0,0,0,0,0
PHA191110260,27,0,4,0,0,0,X,1,1,snodf101,r,snodf101,r,bendc101,r,bendc101,r,thomi101,davih101,colle101,bakef102,barrj104,lordb101,oldrr101,murpd106,,,,8,t,f,8,3,generic out,t,t,0,f,f,1,f,f,0,f,f,8,f,f,f,,0,0,,0,,0,,0,0,0,0,8,,,,f,f,f,f,f,f,f,f,f,,,,f,f,f,f,f,,,,,0,8,0,0,0,0,0,0,0
PHA191110260,28,0,4,1,0,0,X,1,1,murrr103,r,murrr103,r,bendc101,r,bendc101,r,thomi101,davih101,colle101,bakef102,barrj104,lordb101,oldrr101,murpd106,,,,9,f,f,9,4,generic out,t,t,0,f,f,1,f,f,0,f,f,9,f,f,f,,0,0,,0,,0,,0,0,0,0,9,,,,f,f,f,f,f,f,f,f,f,,,,f,f,f,f,f,,,,,0,9,0,0,0,0,0,0,0
PHA191110260,29,0,4,2,0,0,X,1,1,merkf101,r,merkf101,r,bendc101,r,bendc101,r,thomi101,davih101,colle101,bakef102,barrj104,lordb101,oldrr101,murpd106,,,,43,f,f,3,5,generic out,t,t,0,f,f,1,f,f,0,f,f,4,G,f,f,,0,0,,0,,0,,0,0,0,0,43,,,,f,f,f,f,f,f,f,f,f,,,,f,f,f,f,f,,,,,0,3,0,0,4,0,0,0,0
PHA191110260,30,1,4,0,1,1,FBX,1,1,bakef102,l,bakef102,l,amesr101,r,amesr101,r,meyec101,merkf101,doyll101,herzb101,fleta101,devoj101,snodf101,murrr103,,,,S8,t,f,5,4,single,t,t,1,f,f,0,f,f,0,f,f,8,,f,f,,0,0,,0,,0,,1,0,0,0,,,,,f,f,f,f,f,f,f,f,f,,,,f,f,f,f,f,,,,,0,0,0,0,0,0,0,0,0
PHA191110260,31,1,4,0,0,0,X,1,1,murpd106,r,murpd106,r,amesr101,r,amesr101,r,meyec101,merkf101,doyll101,herzb101,fleta101,devoj101,snodf101,murrr103,bakef102,,,S7.1-3,f,f,9,5,single,t,t,1,f,f,0,f,f,0,f,f,7,,f,f,,0,0,,0,,0,,1,3,0,0,,,,,f,f,f,f,f,f,f,f,f,amesr101,,,f,f,f,f,f,,,,,0,0,0,0,0,0,0,0,0
PHA191110260,32,1,4,0,2,2,BSBFFFX,1,1,davih101,r,davih101,r,amesr101,r,amesr101,r,meyec101,merkf101,doyll101,herzb101,fleta101,devoj101,snodf101,murrr103,murpd106,,bakef102,FC4.3-H;1-2;B-1,f,f,3,6,fielders choice,t,t,0,f,f,0,f,f,1,f,f,4,G,f,f,,0,0,,0,,0,,1,2,0,4,,,,,f,f,f,f,f,f,f,f,f,amesr101,,amesr101,f,f,f,f,f,,,,,0,0,0,0,0,0,0,0,0
PHA191110260,33,1,4,0,0,1,LX,1,2,barrj104,r,barrj104,r,amesr101,r,amesr101,r,meyec101,merkf101,doyll101,herzb101,fleta101,devoj101,snodf101,murrr103,davih101,murpd106,,E1/TH1/SH.2-H(NR)(UR);1-H(UR)(E9/TH2);B-H(UR),f,f,6,7,error,t,f,0,t,f,0,f,f,0,f,f,1,G,t,f,,2,1,t,9,t,0,,5,5,5,0,,,,,f,f,f,f,f,f,f,f,f,amesr101,amesr101,,f,f,f,f,f,,,,,0,0,0,0,0,0,0,0,0
PHA191110260,34,1,4,0,0,2,FFK,1,5,thomi101,r,thomi101,r,amesr101,r,amesr101,r,meyec101,merkf101,doyll101,herzb101,fleta101,devoj101,snodf101,murrr103,,,,K,f,f,2,8,strikeout,t,t,0,f,f,1,f,f,0,f,f,0,,f,f,,0,0,,0,,0,,0,0,0,0,2,,,,f,f,f,f,f,f,f,f,f,,,,f,f,f,f,f,,,,,0,2,0,0,0,0,0,0,0
PHA191110260,35,1,4,1,0,0,X,1,5,bendc101,r,bendc101,r,amesr101,r,amesr101,r,meyec101,merkf101,doyll101,herzb101,fleta101,devoj101,snodf101,murrr103,,,,43,f,f,1,9,generic out,t,t,0,f,f,1,f,f,0,f,f,4,G,f,f,,0,0,,0,,0,,0,0,0,0,43,,,,f,f,f,f,f,f,f,f,f,,,,f,f,f,f,f,,,,,0,3,0,0,4,0,0,0,0
PHA191110260,36,1,4,2,0,2,FSFX,1,5,lordb101,r,lordb101,r,amesr101,r,amesr101,r,meyec101,merkf101,doyll101,herzb101,fleta101,devoj101,snodf101,murrr103,,,,7/F78,f,f,7,1,generic out,t,t,0,f,f,1,f,f,0,f,f,7,f,f,f,78,0,0,,0,,0,,0,0,0,0,7,,,,f,f,f,f,f,f,f,f,f,,,,f,f,f,f,f,,,,,0,7,0,0,0,0,0,0,0
PHA191110260,37,0,5,0,0,2,CFS,1,5,herzb101,r,herzb101,r,bendc101,r,bendc101,r,thomi101,davih101,colle101,bakef102,barrj104,lordb101,oldrr101,murpd106,,,,K,t,f,5,6,strikeout,t,t,0,f,f,1,f,f,0,f,f,0,,f,f,,0,0,,0,,0,,0,0,0,0,2,,,,f,f,f,f,f,f,f,f,f,,,,f,f,f,f,f,,,,,0,2,0,0,0,0,0,0,0
PHA191110260,38,0,5,1,0,2,KFX,1,5,fleta101,r,fleta101,r,bendc101,r,bendc101,r,thomi101,davih101,colle101,bakef102,barrj104,lordb101,oldrr101,murpd106,,,,13/G1,f,f,6,7,generic out,t,t,0,f,f,1,f,f,0,f,f,1,G,f,f,1,0,0,,0,,0,,0,0,0,0,13,,,,f,f,f,f,f,f,f,f,f,,,,f,f,f,f,f,,,,,0,3,0,0,1,0,0,0,0
PHA191110260,39,0,5,2,1,1,BCX,1,5,meyec101,r,meyec101,r,bendc101,r,bendc101,r,thomi101,davih101,colle101,bakef102,barrj104,lordb101,oldrr101,murpd106,,,,S8,f,f,2,8,single,t,t,1,f,f,0,f,f,0,f,f,8,,f,f,,0,0,,0,,0,,1,0,0,0,,,,,f,f,f,f,f,f,f,f,f,,,,f,f,f,f,f,,,,,0,0,0,0,0,0,0,0,0
PHA191110260,40,0,5,2,3,1,.BBCBB,1,5,crand101,r,crand101,r,bendc101,r,bendc101,r,thomi101,davih101,colle101,bakef102,barrj104,lordb101,oldrr101,murpd106,meyec101,,,W.1-2,f,t,11,9,walk,t,f,0,f,f,0,f,f,0,f,f,0,,f,f,,0,0,,0,,0,,1,2,0,0,,,,,f,f,f,f,f,f,f,f,f,bendc101,,,f,f,f,f,f,,,,amesr101,1,0,0,0,0,0,0,0,0
PHA191110260,41,0,5,2,3,2,SSBFFBFBS,1,5,devoj101,l,devoj101,l,bendc101,r,bendc101,r,thomi101,davih101,colle101,bakef102,barrj104,lordb101,oldrr101,murpd106,crand101,meyec101,,K,f,f,7,1,strikeout,t,t,0,f,f,1,f,f,0,f,f,0,,f,f,,0,0,,0,,0,,0,1,2,0,2,,,,f,f,f,f,f,f,f,f,f,bendc101,bendc101,,f,f,f,f,f,,,,,0,2,0,0,0,0,0,0,0
PHA191110260,42,1,5,0,1,2,.FSFBX,1,5,oldrr101,r,oldrr101,r,wilth102,l,wilth102,l,meyec101,merkf101,doyll101,herzb101,fleta101,devoj101,snodf101,murrr103,,,,7,t,f,8,2,generic out,t,t,0,f,f,1,f,f,0,f,f,7,f,f,f,,0,0,,0,,0,,0,0,0,0,7,,,,f,f,f,f,f,f,f,f,f,,,,f,f,f,f,f,,,,,0,7,0,0,0,0,0,0,0
PHA191110260,43,1,5,1,1,1,BFX,1,5,colle101,l,colle101,l,wilth102,l,wilth102,l,meyec101,merkf101,doyll101,herzb101,fleta101,devoj101,snodf101,murrr103,,,,13/G1,f,f,4,3,generic out,t,t,0,f,f,1,f,f,0,f,f,1,G,f,f,1,0,0,,0,,0,,0,0,0,0,13,,,,f,f,f,f,f,f,f,f,f,,,,f,f,f,f,f,,,,,0,3,0,0,1,0,0,0,0
PHA191110260,44,1,5,2,2,2,SBFBX,1,5,bakef102,l,bakef102,l,wilth102,l,wilth102,l,meyec101,merkf101,doyll101,herzb101,fleta101,devoj101,snodf101,murrr103,,,,3/G,f,f,5,4,generic out,t,t,0,f,f,1,f,f,0,f,f,3,G,f,f,,0,0,,0,,0,,0,0,0,0,3,,,,f,f,f,f,f,f,f,f,f,,,,f,f,f,f,f,,,,,0,3,0,0,0,0,0,0,0
PHA191110260,45,0,6,0,0,2,CSX,1,5,doyll101,l,doyll101,l,bendc101,r,bendc101,r,thomi101,davih101,colle101,bakef102,barrj104,lordb101,oldrr101,murpd106,,,,5/FL,t,f,4,2,generic out,t,t,0,f,f,1,f,f,0,f,f,5,f,f,t,,0,0,,0,,0,,0,0,0,0,5,,,,f,f,f,f,f,f,f,f,f,,,,f,f,f,f,f,,,,,0,5,0,0,0,0,0,0,0
PHA191110260,46,0,6,1,2,1,BBSX,1,5,snodf101,r,snodf101,r,bendc101,r,bendc101,r,thomi101,davih101,colle101,bakef102,barrj104,lordb101,oldrr101,murpd106,,,,8,f,f,8,3,generic out,t,t,0,f,f,1,f,f,0,f,f,8,f,f,f,,0,0,,0,,0,,0,0,0,0,8,,,,f,f,f,f,f,f,f,f,f,,,,f,f,f,f,f,,,,,0,8,0,0,0,0,0,0,0
PHA191110260,47,0,6,2,3,1,FBBBB,1,5,murrr103,r,murrr103,r,bendc101,r,bendc101,r,thomi101,davih101,colle101,bakef102,barrj104,lordb101,oldrr101,murpd106,,,,W,f,f,9,4,walk,t,f,0,f,f,0,f,f,0,f,f,0,,f,f,,0,0,,0,,0,,1,0,0,0,,,,,f,f,f,f,f,f,f,f,f,,,,f,f,f,f,f,,,,,0,0,0,0,0,0,0,0,0
PHA191110260,48,0,6,2,0,0,X,1,5,merkf101,r,merkf101,r,bendc101,r,bendc101,r,thomi101,davih101,colle101,bakef102,barrj104,lordb101,oldrr101,murpd106,murrr103,,,54(1)/FO,f,f,3,5,generic out,t,t,0,f,f,1,f,f,0,f,f,5,G,f,f,,0,0,,0,,0,,1,0,0,0,,54,,,f,f,f,f,f,f,f,f,f,bendc101,,,f,f,f,f,f,,,,,0,4,0,0,5,0,0,0,0
PHA191110260,49,1,6,0,0,0,X,1,5,murpd106,r,murpd106,r,wilth102,l,wilth102,l,meyec101,merkf101,doyll101,herzb101,fleta101,devoj101,snodf101,murrr103,,,,D8,t,f,9,5,double,t,t,2,f,f,0,f,f,0,f,f,8,,f,f,,0,0,,0,,0,,2,0,0,0,,,,,f,f,f,f,f,f,f,f,f,,,,f,f,f,f,f,,,,,0,0,0,0,0,0,0,0,0
PHA191110260,50,1,6,0,0,0,X,1,5,davih101,r,davih101,r,wilth102,l,wilth102,l,meyec101,merkf101,doyll101,herzb101,fleta101,devoj101,snodf101,murrr103,,murpd106,,43.2-3,f,f,3,6,generic out,t,t,0,f,f,1,f,f,0,f,f,4,G,f,f,,0,0,,0,,0,,0,0,3,0,43,,,,f,f,f,f,f,f,f,f,f,,wilth102,,f,f,f,f,f,,,,,0,3,0,0,4,0,0,0,0
PHA191110260,51,1,6,1,3,2,CFBBFBX,1,5,barrj104,r,barrj104,r,wilth102,l,wilth102,l,meyec101,merkf101,doyll101,herzb101,fleta101,devoj101,snodf101,murrr103,,,murpd106,7/SF.3-H,f,f,6,7,generic out,t,f,0,f,t,1,f,f,1,f,f,7,f,f,f,,0,0,,0,,0,,0,0,0,4,7,,,,f,f,f,f,f,f,f,f,f,,,wilth102,f,f,f,f,f,,,,,0,7,0,0,0,0,0,0,0
PHA191110260,52,1,6,2,0,2,SFK,1,6,thomi101,r,thomi101,r,wilth102,l,wilth102,l,meyec101,merkf101,doyll101,herzb101,fleta101,devoj101,snodf101,murrr103,,,,K,f,f,2,8,strikeout,t,t,0,f,f,1,f,f,0,f,f,0,,f,f,,0,0,,0,,0,,0,0,0,0,2,,,,f,f,f,f,f,f,f,f,f,,,,f,f,f,f,f,,,,,0,2,0,0,0,0,0,0,0
PHA191110260,53,0,7,0,0,2,CKX,1,6,herzb101,r,herzb101,r,bendc101,r,bendc101,r,thomi101,davih101,colle101,bakef102,barrj104,lordb101,oldrr101,murpd106,,,,E6/G.B-1,t,f,5,6,error,t,t,0,f,f,0,f,f,0,f,f,6,G,f,f,,1,6,f,0,,0,,1,0,0,0,,,,,f,f,f,f,f,f,f,f,f,,,,f,f,f,f,f,,,,,0,0,0,0,0,0,0,0,0
PHA191110260,54,0,7,0,0,0,X,1,6,fleta101,r,fleta101,r,bendc101,r,bendc101,r,thomi101,davih101,colle101,bakef102,barrj104,lordb101,oldrr101,murpd106,herzb101,,,3/FL,f,f,6,7,generic out,t,t,0,f,f,1,f,f,0,f,f,3,f,f,t,,0,0,,0,,0,,0,1,0,0,3,,,,f,f,f,f,f,f,f,f,f,bendc101,,,f,f,f,f,f,,,,,0,3,0,0,0,0,0,0,0
PHA191110260,55,0,7,1,1,2,SBSS,1,6,meyec101,r,meyec101,r,bendc101,r,bendc101,r,thomi101,davih101,colle101,bakef102,barrj104,lordb101,oldrr101,murpd106,herzb101,,,K,f,f,2,8,strikeout,t,t,0,f,f,1,f,f,0,f,f,0,,f,f,,0,0,,0,,0,,0,1,0,0,2,,,,f,f,f,f,f,f,f,f,f,bendc101,,,f,f,f,f,f,,,,,0,2,0,0,0,0,0,0,0
PHA191110260,56,0,7,2,2,2,BFCBS,1,6,wilth102,r,wilth102,r,bendc101,r,bendc101,r,thomi101,davih101,colle101,bakef102,barrj104,lordb101,oldrr101,murpd106,herzb101,,,K,f,f,1,9,strikeout,t,t,0,f,f,1,f,f,0,f,f,0,,f,f,,0,0,,0,,0,,0,1,0,0,2,,,,f,f,f,f,f,f,f,f,f,bendc101,,,f,f,f,f,f,,,,,0,2,0,0,0,0,0,0,0
PHA191110260,57,1,7,0,1,2,FSBX,1,6,bendc101,r,bendc101,r,wilth102,l,wilth102,l,meyec101,merkf101,doyll101,herzb101,fleta101,devoj101,snodf101,murrr103,,,,4/P,t,f,1,9,generic out,t,t,0,f,f,1,f,f,0,f,f,4,P,f,f,,0,0,,0,,0,,0,0,0,0,4,,,,f,f,f,f,f,f,f,f,f,,,,f,f,f,f,f,,,,,0,4,0,0,0,0,0,0,0
PHA191110260,58,1,7,1,1,0,BX,1,6,lordb101,r,lordb101,r,wilth102,l,wilth102,l,meyec101,merkf101,doyll101,herzb101,fleta101,devoj101,snodf101,murrr103,,,,S7,f,f,7,1,single,t,t,1,f,f,0,f,f,0,f,f,7,,f,f,,0,0,,0,,0,,1,0,0,0,,,,,f,f,f,f,f,f,f,f,f,,,,f,f,f,f,f,,,,,0,0,0,0,0,0,0,0,0
PHA191110260,59,1,7,1,0,0,X,1,6,oldrr101,r,oldrr101,r,wilth102,l,wilth102,l,meyec101,merkf101,doyll101,herzb101,fleta101,devoj101,snodf101,murrr103,lordb101,,,S8.1-3;B-2(TH3),f,f,8,2,single,t,t,1,f,f,0,f,f,0,f,f,8,,f,f,,0,0,,0,,0,,2,3,0,0,,,,,f,f,f,f,f,f,f,f,f,wilth102,,,f,f,f,f,f,,,,,0,0,0,0,0,0,0,0,0
PHA191110260,60,1,7,1,0,1,FX,1,6,colle101,l,colle101,l,wilth102,l,wilth102,l,meyec101,merkf101,doyll101,herzb101,fleta101,devoj101,snodf101,murrr103,,oldrr101,lordb101,1E3/SH.3-H;2-3;B-1,f,f,4,3,generic out,t,f,0,t,f,0,f,f,1,f,f,1,G,t,f,,1,3,D,0,,0,,1,0,3,4,1E3,,,,f,f,f,f,f,f,f,f,f,,wilth102,wilth102,f,f,f,f,f,,,,,0,0,0,0,1,0,0,0,0
PHA191110260,61,1,7,1,0,0,X,1,7,bakef102,l,bakef102,l,wilth102,l,wilth102,l,meyec101,merkf101,doyll101,herzb101,fleta101,devoj101,snodf101,murrr103,colle101,,oldrr101,S9.3-H;1-3,f,f,5,4,single,t,t,1,f,f,0,f,f,1,f,f,9,,f,f,,0,0,,0,,0,,1,3,0,4,,,,,f,f,f,f,f,f,f,f,f,wilth102,,wilth102,f,f,f,f,f,,,,,0,0,0,0,0,0,0,0,0
PHA191110260,62,1,7,1,1,0,BX,1,8,murpd106,r,murpd106,r,wilth102,l,wilth102,l,meyec101,merkf101,doyll101,herzb101,fleta101,devoj101,snodf101,murrr103,bakef102,,colle101,S8.3-H(UR);1-3,f,f,9,5,single,t,t,1,f,f,0,f,f,1,f,f,8,,f,f,,0,0,,0,,0,,1,3,0,5,,,,,f,f,f,f,f,f,f,f,f,wilth102,,wilth102,f,f,f,f,f,,,,,0,0,0,0,0,0,0,0,0
PHA191110260,63,1,7,1,1,2,FBSX,1,9,davih101,r,davih101,r,wilth102,l,wilth102,l,meyec101,merkf101,doyll101,herzb101,fleta101,devoj101,snodf101,murrr103,murpd106,,bakef102,S9.3-H;1-2,f,f,3,6,single,t,t,1,f,f,0,f,f,1,f,f,9,,f,f,,0,0,,0,,0,,1,2,0,4,,,,,f,f,f,f,f,f,f,f,f,wilth102,,wilth102,f,f,f,f,f,,,,,0,0,0,0,0,0,0,0,0
PHA191110260,64,1,7,1,2,1,FBBX,1,10,barrj104,r,barrj104,r,wilth102,l,wilth102,l,meyec101,merkf101,doyll101,herzb101,fleta101,devoj101,snodf101,murrr103,davih101,murpd106,,D9.2-H;1-3,f,f,6,7,double,t,t,2,f,f,0,f,f,1,f,f,9,,f,f,,0,0,,0,,0,,2,3,4,0,,,,,f,f,f,f,f,f,f,f,f,wilth102,wilth102,,f,f,f,f,f,,,,,0,0,0,0,0,0,0,0,0
PHA191110260,65,1,7,1,1,1,.BSB,1,11,thomi101,r,thomi101,r,marqr102,l,marqr102,l,meyec101,merkf101,doyll101,herzb101,fleta101,devoj101,snodf101,murrr103,,barrj104,davih101,WP.3-H;2-H,f,f,2,8,wild pitch,f,f,0,f,f,0,f,f,0,t,f,0,,f,f,,0,0,,0,,0,,0,0,4,4,,,,,f,f,f,f,f,f,f,f,f,,wilth102,wilth102,f,f,f,f,f,,,,,0,0,0,0,0,0,0,0,0
PHA191110260,66,1,7,1,2,2,.BSB.FX,1,13,thomi101,r,thomi101,r,marqr102,l,marqr102,l,meyec101,merkf101,doyll101,herzb101,fleta101,devoj101,snodf101,murrr103,,,,S9,f,f,2,8,single,t,t,1,f,f,0,f,f,0,f,f,9,,f,f,,0,0,,0,,0,,1,0,0,0,,,,,f,f,f,f,f,f,f,f,f,,,,f,f,f,f,f,,,,,0,0,0,0,0,0,0,0,0
PHA191110260,67,1,7,1,2,0,B1BS,1,13,bendc101,r,bendc101,r,marqr102,l,marqr102,l,meyec101,merkf101,doyll101,herzb101,fleta101,devoj101,snodf101,murrr103,thomi101,,,CS2(26),f,f,1,9,caught stealing,f,f,0,f,f,1,f,f,0,f,f,0,,f,f,,0,0,,0,,0,,0,0,0,0,,26,,,f,f,f,t,f,f,f,f,f,marqr102,,,f,f,f,f,f,,,,,0,6,0,0,2,0,0,0,0
PHA191110260,68,1,7,2,2,2,B1BS.KK,1,13,bendc101,r,bendc101,r,marqr102,l,marqr102,l,meyec101,merkf101,doyll101,herzb101,fleta101,devoj101,snodf101,murrr103,,,,K,f,f,1,9,strikeout,t,t,0,f,f,1,f,f,0,f,f,0,,f,f,,0,0,,0,,0,,0,0,0,0,2,,,,f,f,f,f,f,f,f,f,f,,,,f,f,f,f,f,,,,,0,2,0,0,0,0,0,0,0
PHA191110260,69,0,8,0,0,0,X,1,13,devoj101,l,devoj101,l,bendc101,r,bendc101,r,thomi101,davih101,colle101,bakef102,barrj104,lordb101,oldrr101,murpd106,,,,63,t,f,7,1,generic out,t,t,0,f,f,1,f,f,0,f,f,6,G,f,f,,0,0,,0,,0,,0,0,0,0,63,,,,f,f,f,f,f,f,f,f,f,,,,f,f,f,f,f,,,,,0,3,0,0,6,0,0,0,0
PHA191110260,70,0,8,1,0,0,X,1,13,doyll101,l,doyll101,l,bendc101,r,bendc101,r,thomi101,davih101,colle101,bakef102,barrj104,lordb101,oldrr101,murpd106,,,,31,f,f,4,2,generic out,t,t,0,f,f,1,f,f,0,f,f,3,G,f,f,,0,0,,0,,0,,0,0,0,0,31,,,,f,f,f,f,f,f,f,f,f,,,,f,f,f,f,f,,,,,0,1,0,0,3,0,0,0,0
PHA191110260,71,0,8,2,1,1,CBX,1,13,snodf101,r,snodf101,r,bendc101,r,bendc101,r,thomi101,davih101,colle101,bakef102,barrj104,lordb101,oldrr101,murpd106,,,,E6/G.B-1,f,f,8,3,error,t,t,0,f,f,0,f,f,0,f,f,6,G,f,f,,1,6,f,0,,0,,1,0,0,0,,,,,f,f,f,f,f,f,f,f,f,,,,f,f,f,f,f,,,,,0,0,0,0,0,0,0,0,0
PHA191110260,72,0,8,2,1,1,BCX,1,13,murrr103,r,murrr103,r,bendc101,r,bendc101,r,thomi101,davih101,colle101,bakef102,barrj104,lordb101,oldrr101,murpd106,snodf101,,,43,f,f,9,4,generic out,t,t,0,f,f,1,f,f,0,f,f,4,G,f,f,,0,0,,0,,0,,0,1,0,0,43,,,,f,f,f,f,f,f,f,f,f,bendc101,,,f,f,f,f,f,,,,,0,3,0,0,4,0,0,0,0
PHA191110260,73,1,8,0,0,1,.FX,1,13,lordb101,r,lordb101,r,marqr102,l,marqr102,l,wilsa102,merkf101,doyll101,herzb101,fleta101,devoj101,snodf101,murrr103,,,,D7,t,f,7,1,double,t,t,2,f,f,0,f,f,0,f,f,7,,f,f,,0,0,,0,,0,,2,0,0,0,,,,,f,f,f,f,f,f,f,f,f,,,,f,f,f,f,f,,,,,0,0,0,0,0,0,0,0,0
PHA191110260,74,1,8,0,0,2,SFX,1,13,oldrr101,r,oldrr101,r,marqr102,l,marqr102,l,wilsa102,merkf101,doyll101,herzb101,fleta101,devoj101,snodf101,murrr103,,lordb101,,8.2-3,f,f,8,2,generic out,t,t,0,f,f,1,f,f,0,f,f,8,f,f,f,,0,0,,0,,0,,0,0,3,0,8,,,,f,f,f,f,f,f,f,f,f,,marqr102,,f,f,f,f,f,,,,,0,8,0,0,0,0,0,0,0
PHA191110260,75,1,8,1,1,0,BX,1,13,colle101,l,colle101,l,marqr102,l,marqr102,l,wilsa102,merkf101,doyll101,herzb101,fleta101,devoj101,snodf101,murrr103,,,lordb101,43,f,f,4,3,generic out,t,t,0,f,f,1,f,f,0,f,f,4,G,f,f,,0,0,,0,,0,,0,0,0,3,43,,,,f,f,f,f,f,f,f,f,f,,,marqr102,f,f,f,f,f,,,,,0,3,0,0,4,0,0,0,0
PHA191110260,76,1,8,2,3,2,BFSBBK,1,13,bakef102,l,bakef102,l,marqr102,l,marqr102,l,wilsa102,merkf101,doyll101,herzb101,fleta101,devoj101,snodf101,murrr103,,,lordb101,K,f,f,5,4,strikeout,t,t,0,f,f,1,f,f,0,f,f,0,,f,f,,0,0,,0,,0,,0,0,0,3,2,,,,f,f,f,f,f,f,f,f,f,,,marqr102,f,f,f,f,f,,,,,0,2,0,0,0,0,0,0,0
PHA191110260,77,0,9,0,0,0,X,1,13,merkf101,r,merkf101,r,bendc101,r,bendc101,r,thomi101,davih101,colle101,bakef102,barrj104,lordb101,oldrr101,murpd106,,,,6/P9S,t,f,3,5,generic out,t,t,0,f,f,1,f,f,0,f,f,6,P,f,f,9S,0,0,,0,,0,,0,0,0,0,6,,,,f,f,f,f,f,f,f,f,f,,,,f,f,f,f,f,,,,,0,6,0,0,0,0,0,0,0
PHA191110260,78,0,9,1,1,2,FBFFX,1,13,herzb101,r,herzb101,r,bendc101,r,bendc101,r,thomi101,davih101,colle101,bakef102,barrj104,lordb101,oldrr101,murpd106,,,,S8.B-2(E8),f,f,5,6,single,t,t,1,f,f,0,f,f,0,f,f,8,,f,f,,1,8,f,0,,0,,2,0,0,0,,,,,f,f,f,f,f,f,f,f,f,,,,f,f,f,f,f,,,,,0,0,0,0,0,0,0,0,0
PHA191110260,79,0,9,1,0,0,B,1,13,fleta101,r,fleta101,r,bendc101,r,bendc101,r,thomi101,davih101,colle101,bakef102,barrj104,lordb101,oldrr101,murpd106,,herzb101,,WP.2-3,f,f,6,7,wild pitch,f,f,0,f,f,0,f,f,0,t,f,0,,f,f,,0,0,,0,,0,,0,0,3,0,,,,,f,f,f,f,f,f,f,f,f,,bendc101,,f,f,f,f,f,,,,,0,0,0,0,0,0,0,0,0
PHA191110260,80,0,9,1,3,1,B.SBBX,1,13,fleta101,r,fleta101,r,bendc101,r,bendc101,r,thomi101,davih101,colle101,bakef102,barrj104,lordb101,oldrr101,murpd106,,,herzb101,43.3-H(UR),f,f,6,7,generic out,t,t,0,f,f,1,f,f,1,f,f,4,G,f,f,,0,0,,0,,0,,0,0,0,5,43,,,,f,f,f,f,f,f,f,f,f,,,bendc101,f,f,f,f,f,,,,,0,3,0,0,4,0,0,0,0
PHA191110260,81,0,9,2,1,1,.BKX,2,13,wilsa102,r,wilsa102,r,bendc101,r,bendc101,r,thomi101,mcins101,colle101,bakef102,barrj104,lordb101,oldrr101,murpd106,,,,53,f,f,2,8,generic out,t,t,0,f,f,1,f,f,0,f,f,5,G,f,f,,0,0,,0,,0,,0,0,0,0,53,,,,f,f,f,f,f,f,f,f,f,,,,f,t,f,f,f,,,,,0,3,0,0,5,0,0,0,0
