game_id,event_id,batting_team,inning,outs,balls,strikes,pitch_seq,vis_score,home_score,batter_id,batter_hand,result_batter_id,result_batter_hand,pitcher_id,pitcher_hand,result_pitcher_id,result_pitcher_hand,def_c,def_1b,def_2b,def_3b,def_ss,def_lf,def_cf,def_rf,run_1b,run_2b,run_3b,event_scoring,leadoff,pinch_hit,batt_def_pos,batt_lineup_pos,event_type,batter_event,ab,hit_val,sac_hit,sac_fly,event_outs,dp,tp,rbi,wild_pitch,passed_ball,fielded_by,batted_ball_type,bunt,foul_ground,hit_location,num_err,err_player_1,err_type_1,err_player_2,err_type_2,err_player_3,err_type_3,batt_dest,run_1b_dest,run_2b_dest,run_3b_dest,play_on_run_batt,play_on_run_1b,play_on_run_2b,play_on_run_3b,sb_run_1b,sb_run_2b,sb_run_3b,cs_run_1b,cs_run_2b,cs_run_3b,pickoff_run_1b,pickoff_run_2b,pickoff_run_3b,run_1b_resp_pitcher,run_2b_resp_pitcher,run_3b_resp_pitcher,start_game,end_game,pinch_run_1b,pinch_run_2b,pinch_run_3b,pinch_run_1b_player_removed,pinch_run_2b_player_removed,pinch_run_3b_player_removed,pinch_hit_batter_removed_id,pinch_hit_batter_removed_field_pos,putout1_field_pos,putout2_field_pos,putout3_field_pos,assist1_field_pos,assist2_field_pos,assist3_field_pos,assist4_field_pos,assist5_field_pos
PHA190510090,1,0,1,0,0,0,,0,0,bresr102,r,bresr102,r,plane101,l,plane101,l,schro101,davih101,murpd106,crosl101,crosm101,hartt102,lordb101,seybs101,,,,HP,t,f,2,1,hit by pitch,t,f,0,f,f,0,f,f,0,f,f,0,,f,f,,0,0,,0,,0,,1,0,0,0,,,,,f,f,f,f,f,f,f,f,f,,,,t,f,f,f,f,,,,,0,0,0,0,0,0,0,0,0
PHA190510090,2,0,1,0,0,0,,0,0,browg102,l,browg102,l,plane101,l,plane101,l,schro101,davih101,murpd106,crosl101,crosm101,hartt102,lordb101,seybs101,bresr102,,,64(1)/FO,f,f,9,2,generic out,t,t,0,f,f,1,f,f,0,f,f,6,G,f,f,,0,0,,0,,0,,1,0,0,0,,64,,,f,f,f,f,f,f,f,f,f,plane101,,,f,f,f,f,f,,,,,0,4,0,0,6,0,0,0,0
PHA190510090,3,0,1,1,0,0,,0,0,donlm101,l,donlm101,l,plane101,l,plane101,l,schro101,davih101,murpd106,crosl101,crosm101,hartt102,lordb101,seybs101,browg102,,,3/P,f,f,8,3,generic out,t,t,0,f,f,1,f,f,0,f,f,3,P,f,f,,0,0,,0,,0,,0,1,0,0,3,,,,f,f,f,f,f,f,f,f,f,plane101,,,f,f,f,f,f,,,,,0,3,0,0,0,0,0,0,0
PHA190510090,4,0,1,2,0,0,,0,0,mcgad102,r,mcgad102,r,plane101,l,plane101,l,schro101,davih101,murpd106,crosl101,crosm101,hartt102,lordb101,seybs101,browg102,,,DGR/9D.1-3,f,f,3,4,double,t,t,2,f,f,0,f,f,0,f,f,0,,f,f,9D,0,0,,0,,0,,2,3,0,0,,,,,f,f,f,f,f,f,f,f,f,plane101,,,f,f,f,f,f,,,,,0,0,0,0,0,0,0,0,0
PHA190510090,5,0,1,2,0,0,,0,0,merts101,r,merts101,r,plane101,l,plane101,l,schro101,davih101,murpd106,crosl101,crosm101,hartt102,lordb101,seybs101,,mcgad102,browg102,K,f,f,7,5,strikeout,t,t,0,f,f,1,f,f,0,f,f,0,,f,f,,0,0,,0,,0,,0,0,2,3,2,,,,f,f,f,f,f,f,f,f,f,,plane101,plane101,f,f,f,f,f,,,,,0,2,0,0,0,0,0,0,0
PHA190510090,6,1,1,0,0,0,,0,0,hartt102,l,hartt102,l,mathc102,r,mathc102,r,bresr102,mcgad102,gilbb103,devla101,dahlb102,merts101,donlm101,browg102,,,,43,t,f,7,1,generic out,t,t,0,f,f,1,f,f,0,f,f,4,G,f,f,,0,0,,0,,0,,0,0,0,0,43,,,,f,f,f,f,f,f,f,f,f,,,,f,f,f,f,f,,,,,0,3,0,0,4,0,0,0,0
PHA190510090,7,1,1,1,0,0,,0,0,lordb101,r,lordb101,r,mathc102,r,mathc102,r,bresr102,mcgad102,gilbb103,devla101,dahlb102,merts101,donlm101,browg102,,,,8,f,f,8,2,generic out,t,t,0,f,f,1,f,f,0,f,f,8,f,f,f,,0,0,,0,,0,,0,0,0,0,8,,,,f,f,f,f,f,f,f,f,f,,,,f,f,f,f,f,,,,,0,8,0,0,0,0,0,0,0
PHA190510090,8,1,1,2,0,0,,0,0,davih101,r,davih101,r,mathc102,r,mathc102,r,bresr102,mcgad102,gilbb103,devla101,dahlb102,merts101,donlm101,browg102,,,,13/G1,f,f,3,3,generic out,t,t,0,f,f,1,f,f,0,f,f,1,G,f,f,1,0,0,,0,,0,,0,0,0,0,13,,,,f,f,f,f,f,f,f,f,f,,,,f,f,f,f,f,,,,,0,3,0,0,1,0,0,0,0
PHA190510090,9,0,2,0,0,0,,0,0,dahlb102,r,dahlb102,r,plane101,l,plane101,l,schro101,davih101,murpd106,crosl101,crosm101,hartt102,lordb101,seybs101,,,,K,t,f,6,6,strikeout,t,t,0,f,f,1,f,f,0,f,f,0,,f,f,,0,0,,0,,0,,0,0,0,0,2,,,,f,f,f,f,f,f,f,f,f,,,,f,f,f,f,f,,,,,0,2,0,0,0,0,0,0,0
PHA190510090,10,0,2,1,0,0,,0,0,devla101,r,devla101,r,plane101,l,plane101,l,schro101,davih101,murpd106,crosl101,crosm101,hartt102,lordb101,seybs101,,,,S5/BG,f,f,5,7,single,t,t,1,f,f,0,f,f,0,f,f,5,G,t,f,,0,0,,0,,0,,1,0,0,0,,,,,f,f,f,f,f,f,f,f,f,,,,f,f,f,f,f,,,,,0,0,0,0,0,0,0,0,0
PHA190510090,11,0,2,1,0,0,,0,0,gilbb103,r,gilbb103,r,plane101,l,plane101,l,schro101,davih101,murpd106,crosl101,crosm101,hartt102,lordb101,seybs101,devla101,,,S1/BG.1-2,f,f,4,8,single,t,t,1,f,f,0,f,f,0,f,f,1,G,t,f,,0,0,,0,,0,,1,2,0,0,,,,,f,f,f,f,f,f,f,f,f,plane101,,,f,f,f,f,f,,,,,0,0,0,0,0,0,0,0,0
PHA190510090,12,0,2,1,0,0,,0,0,mathc102,r,mathc102,r,plane101,l,plane101,l,schro101,davih101,murpd106,crosl101,crosm101,hartt102,lordb101,seybs101,gilbb103,devla101,,SB3;SB2,f,f,1,9,stolen base,f,f,0,f,f,0,f,f,0,f,f,0,,f,f,,0,0,,0,,0,,0,2,3,0,,,,,t,t,f,f,f,f,f,f,f,plane101,plane101,,f,f,f,f,f,,,,,0,0,0,0,0,0,0,0,0
PHA190510090,13,0,2,1,0,0,,0,0,mathc102,r,mathc102,r,plane101,l,plane101,l,schro101,davih101,murpd106,crosl101,crosm101,hartt102,lordb101,seybs101,,gilbb103,devla101,K,f,f,1,9,strikeout,t,t,0,f,f,1,f,f,0,f,f,0,,f,f,,0,0,,0,,0,,0,0,2,3,2,,,,f,f,f,f,f,f,f,f,f,,plane101,plane101,f,f,f,f,f,,,,,0,2,0,0,0,0,0,0,0
PHA190510090,14,0,2,2,0,0,,0,0,bresr102,r,bresr102,r,plane101,l,plane101,l,schro101,davih101,murpd106,crosl101,crosm101,hartt102,lordb101,seybs101,,gilbb103,devla101,IW,f,f,2,1,intentional walk,t,f,0,f,f,0,f,f,0,f,f,0,,f,f,,0,0,,0,,0,,1,0,2,3,,,,,f,f,f,f,f,f,f,f,f,,plane101,plane101,f,f,f,f,f,,,,,0,0,0,0,0,0,0,0,0
PHA190510090,15,0,2,2,0,0,,0,0,browg102,l,browg102,l,plane101,l,plane101,l,schro101,davih101,murpd106,crosl101,crosm101,hartt102,lordb101,seybs101,bresr102,gilbb103,devla101,63,f,f,9,2,generic out,t,t,0,f,f,1,f,f,0,f,f,6,G,f,f,,0,0,,0,,0,,0,1,2,3,63,,,,f,f,f,f,f,f,f,f,f,plane101,plane101,plane101,f,f,f,f,f,,,,,0,3,0,0,6,0,0,0,0
PHA190510090,16,1,2,0,0,0,,0,0,crosl101,r,crosl101,r,mathc102,r,mathc102,r,bresr102,mcgad102,gilbb103,devla101,dahlb102,merts101,donlm101,browg102,,,,63,t,f,5,4,generic out,t,t,0,f,f,1,f,f,0,f,f,6,G,f,f,,0,0,,0,,0,,0,0,0,0,63,,,,f,f,f,f,f,f,f,f,f,,,,f,f,f,f,f,,,,,0,3,0,0,6,0,0,0,0
PHA190510090,17,1,2,1,0,0,,0,0,seybs101,r,seybs101,r,mathc102,r,mathc102,r,bresr102,mcgad102,gilbb103,devla101,dahlb102,merts101,donlm101,browg102,,,,6/P,f,f,9,5,generic out,t,t,0,f,f,1,f,f,0,f,f,6,P,f,f,,0,0,,0,,0,,0,0,0,0,6,,,,f,f,f,f,f,f,f,f,f,,,,f,f,f,f,f,,,,,0,6,0,0,0,0,0,0,0
PHA190510090,18,1,2,2,0,0,,0,0,murpd106,r,murpd106,r,mathc102,r,mathc102,r,bresr102,mcgad102,gilbb103,devla101,dahlb102,merts101,donlm101,browg102,,,,43,f,f,4,6,generic out,t,t,0,f,f,1,f,f,0,f,f,4,G,f,f,,0,0,,0,,0,,0,0,0,0,43,,,,f,f,f,f,f,f,f,f,f,,,,f,f,f,f,f,,,,,0,3,0,0,4,0,0,0,0
PHA190510090,19,0,3,0,0,0,,0,0,donlm101,l,donlm101,l,plane101,l,plane101,l,schro101,davih101,murpd106,crosl101,crosm101,hartt102,lordb101,seybs101,,,,3/G,t,f,8,3,generic out,t,t,0,f,f,1,f,f,0,f,f,3,G,f,f,,0,0,,0,,0,,0,0,0,0,3,,,,f,f,f,f,f,f,f,f,f,,,,f,f,f,f,f,,,,,0,3,0,0,0,0,0,0,0
PHA190510090,20,0,3,1,0,0,,0,0,mcgad102,r,mcgad102,r,plane101,l,plane101,l,schro101,davih101,murpd106,crosl101,crosm101,hartt102,lordb101,seybs101,,,,53,f,f,3,4,generic out,t,t,0,f,f,1,f,f,0,f,f,5,G,f,f,,0,0,,0,,0,,0,0,0,0,53,,,,f,f,f,f,f,f,f,f,f,,,,f,f,f,f,f,,,,,0,3,0,0,5,0,0,0,0
PHA190510090,21,0,3,2,0,0,,0,0,merts101,r,merts101,r,plane101,l,plane101,l,schro101,davih101,murpd106,crosl101,crosm101,hartt102,lordb101,seybs101,,,,43,f,f,7,5,generic out,t,t,0,f,f,1,f,f,0,f,f,4,G,f,f,,0,0,,0,,0,,0,0,0,0,43,,,,f,f,f,f,f,f,f,f,f,,,,f,f,f,f,f,,,,,0,3,0,0,4,0,0,0,0
PHA190510090,22,1,3,0,0,0,,0,0,crosm101,r,crosm101,r,mathc102,r,mathc102,r,bresr102,mcgad102,gilbb103,devla101,dahlb102,merts101,donlm101,browg102,,,,53,t,f,6,7,generic out,t,t,0,f,f,1,f,f,0,f,f,5,G,f,f,,0,0,,0,,0,,0,0,0,0,53,,,,f,f,f,f,f,f,f,f,f,,,,f,f,f,f,f,,,,,0,3,0,0,5,0,0,0,0
PHA190510090,23,1,3,1,0,0,,0,0,schro101,r,schro101,r,mathc102,r,mathc102,r,bresr102,mcgad102,gilbb103,devla101,dahlb102,merts101,donlm101,browg102,,,,E8/F,f,f,2,8,error,t,t,0,f,f,0,f,f,0,f,f,8,f,f,f,,1,8,f,0,,0,,1,0,0,0,,,,,f,f,f,f,f,f,f,f,f,,,,f,f,f,f,f,,,,,0,0,0,0,0,0,0,0,0
PHA190510090,24,1,3,1,0,0,,0,0,plane101,l,plane101,l,mathc102,r,mathc102,r,bresr102,mcgad102,gilbb103,devla101,dahlb102,merts101,donlm101,browg102,schro101,,,6(1)3/GDP,f,f,1,9,generic out,t,t,0,f,f,2,t,f,0,f,f,6,G,f,f,,0,0,,0,,0,,0,0,0,0,63,6,,,f,f,f,f,f,f,f,f,f,mathc102,,,f,f,f,f,f,,,,,0,6,3,0,6,0,0,0,0
PHA190510090,25,0,4,0,0,0,,0,0,dahlb102,r,dahlb102,r,plane101,l,plane101,l,schro101,davih101,murpd106,crosl101,crosm101,hartt102,lordb101,seybs101,,,,43,t,f,6,6,generic out,t,t,0,f,f,1,f,f,0,f,f,4,G,f,f,,0,0,,0,,0,,0,0,0,0,43,,,,f,f,f,f,f,f,f,f,f,,,,f,f,f,f,f,,,,,0,3,0,0,4,0,0,0,0
PHA190510090,26,0,4,1,0,0,,0,0,devla101,r,devla101,r,plane101,l,plane101,l,schro101,davih101,murpd106,crosl101,crosm101,hartt102,lordb101,seybs101,,,,K,f,f,5,7,strikeout,t,t,0,f,f,1,f,f,0,f,f,0,,f,f,,0,0,,0,,0,,0,0,0,0,2,,,,f,f,f,f,f,f,f,f,f,,,,f,f,f,f,f,,,,,0,2,0,0,0,0,0,0,0
PHA190510090,27,0,4,2,0,0,,0,0,gilbb103,r,gilbb103,r,plane101,l,plane101,l,schro101,davih101,murpd106,crosl101,crosm101,hartt102,lordb101,seybs101,,,,63,f,f,4,8,generic out,t,t,0,f,f,1,f,f,0,f,f,6,G,f,f,,0,0,,0,,0,,0,0,0,0,63,,,,f,f,f,f,f,f,f,f,f,,,,f,f,f,f,f,,,,,0,3,0,0,6,0,0,0,0
PHA190510090,28,1,4,0,0,0,,0,0,hartt102,l,hartt102,l,mathc102,r,mathc102,r,bresr102,mcgad102,gilbb103,devla101,dahlb102,merts101,donlm101,browg102,,,,S8,t,f,7,1,single,t,t,1,f,f,0,f,f,0,f,f,8,,f,f,,0,0,,0,,0,,1,0,0,0,,,,,f,f,f,f,f,f,f,f,f,,,,f,f,f,f,f,,,,,0,0,0,0,0,0,0,0,0
PHA190510090,29,1,4,0,0,0,,0,0,lordb101,r,lordb101,r,mathc102,r,mathc102,r,bresr102,mcgad102,gilbb103,devla101,dahlb102,merts101,donlm101,browg102,hartt102,,,46(1)/FO/BG,f,f,8,2,generic out,t,t,0,f,f,1,f,f,0,f,f,4,G,t,f,,0,0,,0,,0,,1,0,0,0,,46,,,f,f,f,f,f,f,f,f,f,mathc102,,,f,f,f,f,f,,,,,0,6,0,0,4,0,0,0,0
PHA190510090,30,1,4,1,0,0,,0,0,davih101,r,davih101,r,mathc102,r,mathc102,r,bresr102,mcgad102,gilbb103,devla101,dahlb102,merts101,donlm101,browg102,lordb101,,,64(1)/FO,f,f,3,3,generic out,t,t,0,f,f,1,f,f,0,f,f,6,G,f,f,,0,0,,0,,0,,1,0,0,0,,64,,,f,f,f,f,f,f,f,f,f,mathc102,,,f,f,f,f,f,,,,,0,4,0,0,6,0,0,0,0
PHA190510090,31,1,4,2,0,0,,0,0,crosl101,r,crosl101,r,mathc102,r,mathc102,r,bresr102,mcgad102,gilbb103,devla101,dahlb102,merts101,donlm101,browg102,davih101,,,63,f,f,5,4,generic out,t,t,0,f,f,1,f,f,0,f,f,6,G,f,f,,0,0,,0,,0,,0,1,0,0,63,,,,f,f,f,f,f,f,f,f,f,mathc102,,,f,f,f,f,f,,,,,0,3,0,0,6,0,0,0,0
PHA190510090,32,0,5,0,0,0,,0,0,mathc102,r,mathc102,r,plane101,l,plane101,l,schro101,davih101,murpd106,crosl101,crosm101,hartt102,lordb101,seybs101,,,,S8,t,f,1,9,single,t,t,1,f,f,0,f,f,0,f,f,8,,f,f,,0,0,,0,,0,,1,0,0,0,,,,,f,f,f,f,f,f,f,f,f,,,,f,f,f,f,f,,,,,0,0,0,0,0,0,0,0,0
PHA190510090,33,0,5,0,0,0,,0,0,bresr102,r,bresr102,r,plane101,l,plane101,l,schro101,davih101,murpd106,crosl101,crosm101,hartt102,lordb101,seybs101,mathc102,,,64(1)/FO,f,f,2,1,generic out,t,t,0,f,f,1,f,f,0,f,f,6,G,f,f,,0,0,,0,,0,,1,0,0,0,,64,,,f,f,f,f,f,f,f,f,f,plane101,,,f,f,f,f,f,,,,,0,4,0,0,6,0,0,0,0
PHA190510090,34,0,5,1,0,0,,0,0,browg102,l,browg102,l,plane101,l,plane101,l,schro101,davih101,murpd106,crosl101,crosm101,hartt102,lordb101,seybs101,bresr102,,,SB2,f,f,9,2,stolen base,f,f,0,f,f,0,f,f,0,f,f,0,,f,f,,0,0,,0,,0,,0,2,0,0,,,,,t,f,f,f,f,f,f,f,f,plane101,,,f,f,f,f,f,,,,,0,0,0,0,0,0,0,0,0
PHA190510090,35,0,5,1,0,0,,0,0,browg102,l,browg102,l,plane101,l,plane101,l,schro101,davih101,murpd106,crosl101,crosm101,hartt102,lordb101,seybs101,,bresr102,,6/P,f,f,9,2,generic out,t,t,0,f,f,1,f,f,0,f,f,6,P,f,f,,0,0,,0,,0,,0,0,2,0,6,,,,f,f,f,f,f,f,f,f,f,,plane101,,f,f,f,f,f,,,,,0,6,0,0,0,0,0,0,0
PHA190510090,36,0,5,2,0,0,,0,0,donlm101,l,donlm101,l,plane101,l,plane101,l,schro101,davih101,murpd106,crosl101,crosm101,hartt102,lordb101,seybs101,,bresr102,,S7/L.2-H;B-2(THH),f,f,8,3,single,t,t,1,f,f,0,f,f,1,f,f,7,l,f,f,,0,0,,0,,0,,2,0,4,0,,,,,f,f,f,f,f,f,f,f,f,,plane101,,f,f,f,f,f,,,,,0,0,0,0,0,0,0,0,0
PHA190510090,37,0,5,2,0,0,,1,0,mcgad102,r,mcgad102,r,plane101,l,plane101,l,schro101,davih101,murpd106,crosl101,crosm101,hartt102,lordb101,seybs101,,donlm101,,IW,f,f,3,4,intentional walk,t,f,0,f,f,0,f,f,0,f,f,0,,f,f,,0,0,,0,,0,,1,0,2,0,,,,,f,f,f,f,f,f,f,f,f,,plane101,,f,f,f,f,f,,,,,0,0,0,0,0,0,0,0,0
PHA190510090,38,0,5,2,0,0,,1,0,merts101,r,merts101,r,plane101,l,plane101,l,schro101,davih101,murpd106,crosl101,crosm101,hartt102,lordb101,seybs101,mcgad102,donlm101,,DGR/8D.2-H;1-3,f,f,7,5,double,t,t,2,f,f,0,f,f,1,f,f,0,,f,f,8D,0,0,,0,,0,,2,3,4,0,,,,,f,f,f,f,f,f,f,f,f,plane101,plane101,,f,f,f,f,f,,,,,0,0,0,0,0,0,0,0,0
PHA190510090,39,0,5,2,0,0,,2,0,dahlb102,r,dahlb102,r,plane101,l,plane101,l,schro101,davih101,murpd106,crosl101,crosm101,hartt102,lordb101,seybs101,,merts101,mcgad102,7/F7D,f,f,6,6,generic out,t,t,0,f,f,1,f,f,0,f,f,7,f,f,f,7D,0,0,,0,,0,,0,0,2,3,7,,,,f,f,f,f,f,f,f,f,f,,plane101,plane101,f,f,f,f,f,,,,,0,7,0,0,0,0,0,0,0
PHA190510090,40,1,5,0,0,0,,2,0,seybs101,r,seybs101,r,mathc102,r,mathc102,r,bresr102,mcgad102,gilbb103,devla101,dahlb102,merts101,donlm101,browg102,,,,13/G1,t,f,9,5,generic out,t,t,0,f,f,1,f,f,0,f,f,1,G,f,f,1,0,0,,0,,0,,0,0,0,0,13,,,,f,f,f,f,f,f,f,f,f,,,,f,f,f,f,f,,,,,0,3,0,0,1,0,0,0,0
PHA190510090,41,1,5,1,0,0,,2,0,murpd106,r,murpd106,r,mathc102,r,mathc102,r,bresr102,mcgad102,gilbb103,devla101,dahlb102,merts101,donlm101,browg102,,,,K,f,f,4,6,strikeout,t,t,0,f,f,1,f,f,0,f,f,0,,f,f,,0,0,,0,,0,,0,0,0,0,2,,,,f,f,f,f,f,f,f,f,f,,,,f,f,f,f,f,,,,,0,2,0,0,0,0,0,0,0
PHA190510090,42,1,5,2,0,0,,2,0,crosm101,r,crosm101,r,mathc102,r,mathc102,r,bresr102,mcgad102,gilbb103,devla101,dahlb102,merts101,donlm101,browg102,,,,43,f,f,6,7,generic out,t,t,0,f,f,1,f,f,0,f,f,4,G,f,f,,0,0,,0,,0,,0,0,0,0,43,,,,f,f,f,f,f,f,f,f,f,,,,f,f,f,f,f,,,,,0,3,0,0,4,0,0,0,0
PHA190510090,43,0,6,0,0,0,,2,0,devla101,r,devla101,r,plane101,l,plane101,l,schro101,davih101,murpd106,crosl101,crosm101,hartt102,lordb101,seybs101,,,,8/F8D,t,f,5,7,generic out,t,t,0,f,f,1,f,f,0,f,f,8,f,f,f,8D,0,0,,0,,0,,0,0,0,0,8,,,,f,f,f,f,f,f,f,f,f,,,,f,f,f,f,f,,,,,0,8,0,0,0,0,0,0,0
PHA190510090,44,0,6,1,0,0,,2,0,gilbb103,r,gilbb103,r,plane101,l,plane101,l,schro101,davih101,murpd106,crosl101,crosm101,hartt102,lordb101,seybs101,,,,S7,f,f,4,8,single,t,t,1,f,f,0,f,f,0,f,f,7,,f,f,,0,0,,0,,0,,1,0,0,0,,,,,f,f,f,f,f,f,f,f,f,,,,f,f,f,f,f,,,,,0,0,0,0,0,0,0,0,0
PHA190510090,45,0,6,1,0,0,,2,0,mathc102,r,mathc102,r,plane101,l,plane101,l,schro101,davih101,murpd106,crosl101,crosm101,hartt102,lordb101,seybs101,gilbb103,,,CS2(26),f,f,1,9,caught stealing,f,f,0,f,f,1,f,f,0,f,f,0,,f,f,,0,0,,0,,0,,0,0,0,0,,26,,,f,f,f,t,f,f,f,f,f,plane101,,,f,f,f,f,f,,,,,0,6,0,0,2,0,0,0,0
PHA190510090,46,0,6,2,0,0,,2,0,mathc102,r,mathc102,r,plane101,l,plane101,l,schro101,davih101,murpd106,crosl101,crosm101,hartt102,lordb101,seybs101,,,,63,f,f,1,9,generic out,t,t,0,f,f,1,f,f,0,f,f,6,G,f,f,,0,0,,0,,0,,0,0,0,0,63,,,,f,f,f,f,f,f,f,f,f,,,,f,f,f,f,f,,,,,0,3,0,0,6,0,0,0,0
PHA190510090,47,1,6,0,0,0,,2,0,schro101,r,schro101,r,mathc102,r,mathc102,r,bresr102,mcgad102,gilbb103,devla101,dahlb102,merts101,donlm101,browg102,,,,D7/7D,t,f,2,8,double,t,t,2,f,f,0,f,f,0,f,f,7,,f,f,7D,0,0,,0,,0,,2,0,0,0,,,,,f,f,f,f,f,f,f,f,f,,,,f,f,f,f,f,,,,,0,0,0,0,0,0,0,0,0
PHA190510090,48,1,6,0,0,0,,2,0,plane101,l,plane101,l,mathc102,r,mathc102,r,bresr102,mcgad102,gilbb103,devla101,dahlb102,merts101,donlm101,browg102,,schro101,,K23.2-3(WP),f,f,1,9,strikeout,t,t,0,f,f,1,f,f,0,t,f,0,,f,f,,0,0,,0,,0,,0,0,3,0,23,,,,f,f,f,f,f,f,f,f,f,,mathc102,,f,f,f,f,f,,,,,0,3,0,0,2,0,0,0,0
PHA190510090,49,1,6,1,0,0,,2,0,hartt102,l,hartt102,l,mathc102,r,mathc102,r,bresr102,mcgad102,gilbb103,devla101,dahlb102,merts101,donlm101,browg102,,,schro101,FC1/BG.3XH(12);B-1,f,f,7,1,fielders choice,t,t,0,f,f,1,f,f,0,f,f,1,G,t,f,,0,0,,0,,0,,1,0,0,0,,,,12,f,f,f,f,f,f,f,f,f,,,mathc102,f,f,f,f,f,,,,,0,2,0,0,1,0,0,0,0
PHA190510090,50,1,6,2,0,0,,2,0,lordb101,r,lordb101,r,mathc102,r,mathc102,r,bresr102,mcgad102,gilbb103,devla101,dahlb102,merts101,donlm101,browg102,hartt102,,,64(1)/FO,f,f,8,2,generic out,t,t,0,f,f,1,f,f,0,f,f,6,G,f,f,,0,0,,0,,0,,1,0,0,0,,64,,,f,f,f,f,f,f,f,f,f,mathc102,,,f,f,f,f,f,,,,,0,4,0,0,6,0,0,0,0
PHA190510090,51,0,7,0,0,0,,2,0,bresr102,r,bresr102,r,plane101,l,plane101,l,schro101,davih101,murpd106,crosl101,crosm101,hartt102,lordb101,seybs101,,,,8,t,f,2,1,generic out,t,t,0,f,f,1,f,f,0,f,f,8,f,f,f,,0,0,,0,,0,,0,0,0,0,8,,,,f,f,f,f,f,f,f,f,f,,,,f,f,f,f,f,,,,,0,8,0,0,0,0,0,0,0
PHA190510090,52,0,7,1,0,0,,2,0,browg102,l,browg102,l,plane101,l,plane101,l,schro101,davih101,murpd106,crosl101,crosm101,hartt102,lordb101,seybs101,,,,63,f,f,9,2,generic out,t,t,0,f,f,1,f,f,0,f,f,6,G,f,f,,0,0,,0,,0,,0,0,0,0,63,,,,f,f,f,f,f,f,f,f,f,,,,f,f,f,f,f,,,,,0,3,0,0,6,0,0,0,0
PHA190510090,53,0,7,2,0,0,,2,0,donlm101,l,donlm101,l,plane101,l,plane101,l,schro101,davih101,murpd106,crosl101,crosm101,hartt102,lordb101,seybs101,,,,S5/BG,f,f,8,3,single,t,t,1,f,f,0,f,f,0,f,f,5,G,t,f,,0,0,,0,,0,,1,0,0,0,,,,,f,f,f,f,f,f,f,f,f,,,,f,f,f,f,f,,,,,0,0,0,0,0,0,0,0,0
PHA190510090,54,0,7,2,0,0,,2,0,mcgad102,r,mcgad102,r,plane101,l,plane101,l,schro101,davih101,murpd106,crosl101,crosm101,hartt102,lordb101,seybs101,donlm101,,,SB2,f,f,3,4,stolen base,f,f,0,f,f,0,f,f,0,f,f,0,,f,f,,0,0,,0,,0,,0,2,0,0,,,,,t,f,f,f,f,f,f,f,f,plane101,,,f,f,f,f,f,,,,,0,0,0,0,0,0,0,0,0
PHA190510090,55,0,7,2,0,0,,2,0,mcgad102,r,mcgad102,r,plane101,l,plane101,l,schro101,davih101,murpd106,crosl101,crosm101,hartt102,lordb101,seybs101,,donlm101,,63,f,f,3,4,generic out,t,t,0,f,f,1,f,f,0,f,f,6,G,f,f,,0,0,,0,,0,,0,0,2,0,63,,,,f,f,f,f,f,f,f,f,f,,plane101,,f,f,f,f,f,,,,,0,3,0,0,6,0,0,0,0
PHA190510090,56,1,7,0,0,0,,2,0,davih101,r,davih101,r,mathc102,r,mathc102,r,bresr102,mcgad102,gilbb103,devla101,dahlb102,merts101,donlm101,browg102,,,,K,t,f,3,3,strikeout,t,t,0,f,f,1,f,f,0,f,f,0,,f,f,,0,0,,0,,0,,0,0,0,0,2,,,,f,f,f,f,f,f,f,f,f,,,,f,f,f,f,f,,,,,0,2,0,0,0,0,0,0,0
PHA190510090,57,1,7,1,0,0,,2,0,crosl101,r,crosl101,r,mathc102,r,mathc102,r,bresr102,mcgad102,gilbb103,devla101,dahlb102,merts101,donlm101,browg102,,,,43,f,f,5,4,generic out,t,t,0,f,f,1,f,f,0,f,f,4,G,f,f,,0,0,,0,,0,,0,0,0,0,43,,,,f,f,f,f,f,f,f,f,f,,,,f,f,f,f,f,,,,,0,3,0,0,4,0,0,0,0
PHA190510090,58,1,7,2,0,0,,2,0,seybs101,r,seybs101,r,mathc102,r,mathc102,r,bresr102,mcgad102,gilbb103,devla101,dahlb102,merts101,donlm101,browg102,,,,53,f,f,9,5,generic out,t,t,0,f,f,1,f,f,0,f,f,5,G,f,f,,0,0,,0,,0,,0,0,0,0,53,,,,f,f,f,f,f,f,f,f,f,,,,f,f,f,f,f,,,,,0,3,0,0,5,0,0,0,0
PHA190510090,59,0,8,0,0,0,,2,0,merts101,r,merts101,r,plane101,l,plane101,l,schro101,davih101,murpd106,crosl101,crosm101,hartt102,lordb101,seybs101,,,,43,t,f,7,5,generic out,t,t,0,f,f,1,f,f,0,f,f,4,G,f,f,,0,0,,0,,0,,0,0,0,0,43,,,,f,f,f,f,f,f,f,f,f,,,,f,f,f,f,f,,,,,0,3,0,0,4,0,0,0,0
PHA190510090,60,0,8,1,0,0,,2,0,dahlb102,r,dahlb102,r,plane101,l,plane101,l,schro101,davih101,murpd106,crosl101,crosm101,hartt102,lordb101,seybs101,,,,6/P,f,f,6,6,generic out,t,t,0,f,f,1,f,f,0,f,f,6,P,f,f,,0,0,,0,,0,,0,0,0,0,6,,,,f,f,f,f,f,f,f,f,f,,,,f,f,f,f,f,,,,,0,6,0,0,0,0,0,0,0
PHA190510090,61,0,8,2,0,0,,2,0,devla101,r,devla101,r,plane101,l,plane101,l,schro101,davih101,murpd106,crosl101,crosm101,hartt102,lordb101,seybs101,,,,K,f,f,5,7,strikeout,t,t,0,f,f,1,f,f,0,f,f,0,,f,f,,0,0,,0,,0,,0,0,0,0,2,,,,f,f,f,f,f,f,f,f,f,,,,f,f,f,f,f,,,,,0,2,0,0,0,0,0,0,0
PHA190510090,62,1,8,0,0,0,,2,0,murpd106,r,murpd106,r,mathc102,r,mathc102,r,bresr102,mcgad102,gilbb103,devla101,dahlb102,merts101,donlm101,browg102,,,,DGR/9D,t,f,4,6,double,t,t,2,f,f,0,f,f,0,f,f,0,,f,f,9D,0,0,,0,,0,,2,0,0,0,,,,,f,f,f,f,f,f,f,f,f,,,,f,f,f,f,f,,,,,0,0,0,0,0,0,0,0,0
PHA190510090,63,1,8,0,0,0,,2,0,crosm101,r,crosm101,r,mathc102,r,mathc102,r,bresr102,mcgad102,gilbb103,devla101,dahlb102,merts101,donlm101,browg102,,murpd106,,K,f,f,6,7,strikeout,t,t,0,f,f,1,f,f,0,f,f,0,,f,f,,0,0,,0,,0,,0,0,2,0,2,,,,f,f,f,f,f,f,f,f,f,,mathc102,,f,f,f,f,f,,,,,0,2,0,0,0,0,0,0,0
PHA190510090,64,1,8,1,0,0,,2,0,schro101,r,schro101,r,mathc102,r,mathc102,r,bresr102,mcgad102,gilbb103,devla101,dahlb102,merts101,donlm101,browg102,,murpd106,,9,f,f,2,8,generic out,t,t,0,f,f,1,f,f,0,f,f,9,f,f,f,,0,0,,0,,0,,0,0,2,0,9,,,,f,f,f,f,f,f,f,f,f,,mathc102,,f,f,f,f,f,,,,,0,9,0,0,0,0,0,0,0
PHA190510090,65,1,8,2,0,0,,2,0,plane101,l,plane101,l,mathc102,r,mathc102,r,bresr102,mcgad102,gilbb103,devla101,dahlb102,merts101,donlm101,browg102,,murpd106,,K,f,f,1,9,strikeout,t,t,0,f,f,1,f,f,0,f,f,0,,f,f,,0,0,,0,,0,,0,0,2,0,2,,,,f,f,f,f,f,f,f,f,f,,mathc102,,f,f,f,f,f,,,,,0,2,0,0,0,0,0,0,0
PHA190510090,66,0,9,0,0,0,,2,0,gilbb103,r,gilbb103,r,plane101,l,plane101,l,schro101,davih101,murpd106,crosl101,crosm101,hartt102,lordb101,seybs101,,,,S7,t,f,4,8,single,t,t,1,f,f,0,f,f,0,f,f,7,,f,f,,0,0,,0,,0,,1,0,0,0,,,,,f,f,f,f,f,f,f,f,f,,,,f,f,f,f,f,,,,,0,0,0,0,0,0,0,0,0
PHA190510090,67,0,9,0,0,0,,2,0,mathc102,r,mathc102,r,plane101,l,plane101,l,schro101,davih101,murpd106,crosl101,crosm101,hartt102,lordb101,seybs101,gilbb103,,,13/SH.1-2,f,f,1,9,generic out,t,f,0,t,f,1,f,f,0,f,f,1,G,t,f,,0,0,,0,,0,,0,2,0,0,13,,,,f,f,f,f,f,f,f,f,f,plane101,,,f,f,f,f,f,,,,,0,3,0,0,1,0,0,0,0
PHA190510090,68,0,9,1,0,0,,2,0,bresr102,r,bresr102,r,plane101,l,plane101,l,schro101,davih101,murpd106,crosl101,crosm101,hartt102,lordb101,seybs101,,gilbb103,,S8.2-H;B-2(THH),f,f,2,1,single,t,t,1,f,f,0,f,f,1,f,f,8,,f,f,,0,0,,0,,0,,2,0,4,0,,,,,f,f,f,f,f,f,f,f,f,,plane101,,f,f,f,f,f,,,,,0,0,0,0,0,0,0,0,0
PHA190510090,69,0,9,1,0,0,,3,0,browg102,l,browg102,l,plane101,l,plane101,l,schro101,davih101,murpd106,crosl101,crosm101,hartt102,lordb101,seybs101,,bresr102,,3/G.2-3,f,f,9,2,generic out,t,t,0,f,f,1,f,f,0,f,f,3,G,f,f,,0,0,,0,,0,,0,0,3,0,3,,,,f,f,f,f,f,f,f,f,f,,plane101,,f,f,f,f,f,,,,,0,3,0,0,0,0,0,0,0
PHA190510090,70,0,9,2,0,0,,3,0,donlm101,l,donlm101,l,plane101,l,plane101,l,schro101,davih101,murpd106,crosl101,crosm101,hartt102,lordb101,seybs101,,,bresr102,43,f,f,8,3,generic out,t,t,0,f,f,1,f,f,0,f,f,4,G,f,f,,0,0,,0,,0,,0,0,0,3,43,,,,f,f,f,f,f,f,f,f,f,,,plane101,f,f,f,f,f,,,,,0,3,0,0,4,0,0,0,0
PHA190510090,71,1,9,0,0,0,,3,0,hartt102,l,hartt102,l,mathc102,r,mathc102,r,bresr102,mcgad102,gilbb103,devla101,dahlb102,merts101,donlm101,browg102,,,,63,t,f,7,1,generic out,t,t,0,f,f,1,f,f,0,f,f,6,G,f,f,,0,0,,0,,0,,0,0,0,0,63,,,,f,f,f,f,f,f,f,f,f,,,,f,f,f,f,f,,,,,0,3,0,0,6,0,0,0,0
PHA190510090,72,1,9,1,0,0,,3,0,lordb101,r,lordb101,r,mathc102,r,mathc102,r,bresr102,mcgad102,gilbb103,devla101,dahlb102,merts101,donlm101,browg102,,,,K,f,f,8,2,strikeout,t,t,0,f,f,1,f,f,0,f,f,0,,f,f,,0,0,,0,,0,,0,0,0,0,2,,,,f,f,f,f,f,f,f,f,f,,,,f,f,f,f,f,,,,,0,2,0,0,0,0,0,0,0
PHA190510090,73,1,9,2,0,0,,3,0,davih101,r,davih101,r,mathc102,r,mathc102,r,bresr102,mcgad102,gilbb103,devla101,dahlb102,merts101,donlm101,browg102,,,,DGR/89D,f,f,3,3,double,t,t,2,f,f,0,f,f,0,f,f,0,,f,f,89D,0,0,,0,,0,,2,0,0,0,,,,,f,f,f,f,f,f,f,f,f,,,,f,f,f,f,f,,,,,0,0,0,0,0,0,0,0,0
PHA190510090,74,1,9,2,0,0,,3,0,crosl101,r,crosl101,r,mathc102,r,mathc102,r,bresr102,mcgad102,gilbb103,devla101,dahlb102,merts101,donlm101,browg102,,davih101,,53,f,f,5,4,generic out,t,t,0,f,f,1,f,f,0,f,f,5,G,f,f,,0,0,,0,,0,,0,0,2,0,53,,,,f,f,f,f,f,f,f,f,f,,mathc102,,f,t,f,f,f,,,,,0,3,0,0,5,0,0,0,0
PHA190510120,1,0,1,0,0,0,,0,0,bresr102,r,bresr102,r,coaka101,r,coaka101,r,schro101,davih101,murpd106,crosl101,crosm101,hartt102,lordb101,seybs101,,,,HP,t,f,2,1,hit by pitch,t,f,0,f,f,0,f,f,0,f,f,0,,f,f,,0,0,,0,,0,,1,0,0,0,,,,,f,f,f,f,f,f,f,f,f,,,,t,f,f,f,f,,,,,0,0,0,0,0,0,0,0,0
PHA190510120,2,0,1,0,0,0,,0,0,browg102,l,browg102,l,coaka101,r,coaka101,r,schro101,davih101,murpd106,crosl101,crosm101,hartt102,lordb101,seybs101,bresr102,,,5/FL,f,f,9,2,generic out,t,t,0,f,f,1,f,f,0,f,f,5,f,f,t,,0,0,,0,,0,,0,1,0,0,5,,,,f,f,f,f,f,f,f,f,f,coaka101,,,f,f,f,f,f,,,,,0,5,0,0,0,0,0,0,0
PHA190510120,3,0,1,1,0,0,,0,0,donlm101,l,donlm101,l,coaka101,r,coaka101,r,schro101,davih101,murpd106,crosl101,crosm101,hartt102,lordb101,seybs101,bresr102,,,S9/9DW.1-3,f,f,8,3,single,t,t,1,f,f,0,f,f,0,f,f,9,,f,f,9DW,0,0,,0,,0,,1,3,0,0,,,,,f,f,f,f,f,f,f,f,f,coaka101,,,f,f,f,f,f,,,,,0,0,0,0,0,0,0,0,0
PHA190510120,4,0,1,1,0,0,,0,0,mcgad102,l,mcgad102,l,coaka101,r,coaka101,r,schro101,davih101,murpd106,crosl101,crosm101,hartt102,lordb101,seybs101,donlm101,,bresr102,S9/9DW.3-H;1-3,f,f,3,4,single,t,t,1,f,f,0,f,f,1,f,f,9,,f,f,9DW,0,0,,0,,0,,1,3,0,4,,,,,f,f,f,f,f,f,f,f,f,coaka101,,coaka101,f,f,f,f,f,,,,,0,0,0,0,0,0,0,0,0
PHA190510120,5,0,1,1,0,0,,1,0,merts101,r,merts101,r,coaka101,r,coaka101,r,schro101,davih101,murpd106,crosl101,crosm101,hartt102,lordb101,seybs101,mcgad102,,donlm101,E4/G.3-H(UR)(NR);1-2;B-1,f,f,7,5,error,t,t,0,f,f,0,f,f,0,f,f,4,G,f,f,,1,4,f,0,,0,,1,2,0,5,,,,,f,f,f,f,f,f,f,f,f,coaka101,,coaka101,f,f,f,f,f,,,,,0,0,0,0,0,0,0,0,0
PHA190510120,6,0,1,1,0,0,,2,0,dahlb102,r,dahlb102,r,coaka101,r,coaka101,r,schro101,davih101,murpd106,crosl101,crosm101,hartt102,lordb101,seybs101,merts101,mcgad102,,W.2-3;1-2,f,f,6,6,walk,t,f,0,f,f,0,f,f,0,f,f,0,,f,f,,0,0,,0,,0,,1,2,3,0,,,,,f,f,f,f,f,f,f,f,f,coaka101,coaka101,,f,f,f,f,f,,,,,0,0,0,0,0,0,0,0,0
PHA190510120,7,0,1,1,0,0,,2,0,devla101,r,devla101,r,coaka101,r,coaka101,r,schro101,davih101,murpd106,crosl101,crosm101,hartt102,lordb101,seybs101,dahlb102,merts101,mcgad102,12(3)3/GDP,f,f,5,7,generic out,t,t,0,f,f,2,t,f,0,f,f,1,G,f,f,,0,0,,0,,0,,0,1,2,0,23,,,12,f,f,f,f,f,f,f,f,f,coaka101,coaka101,coaka101,f,f,f,f,f,,,,,0,2,3,0,1,2,0,0,0
PHA190510120,8,1,1,0,0,0,,2,0,hartt102,l,hartt102,l,mathc102,r,mathc102,r,bresr102,mcgad102,gilbb103,devla101,dahlb102,merts101,donlm101,browg102,,,,E5.B-1,t,f,7,1,error,t,t,0,f,f,0,f,f,0,f,f,5,G,f,f,,1,5,f,0,,0,,1,0,0,0,,,,,f,f,f,f,f,f,f,f,f,,,,f,f,f,f,f,,,,,0,0,0,0,0,0,0,0,0
PHA190510120,9,1,1,0,0,0,,2,0,lordb101,r,lordb101,r,mathc102,r,mathc102,r,bresr102,mcgad102,gilbb103,devla101,dahlb102,merts101,donlm101,browg102,hartt102,,,SB2,f,f,8,2,stolen base,f,f,0,f,f,0,f,f,0,f,f,0,,f,f,,0,0,,0,,0,,0,2,0,0,,,,,t,f,f,f,f,f,f,f,f,mathc102,,,f,f,f,f,f,,,,,0,0,0,0,0,0,0,0,0
PHA190510120,10,1,1,0,0,0,,2,0,lordb101,r,lordb101,r,mathc102,r,mathc102,r,bresr102,mcgad102,gilbb103,devla101,dahlb102,merts101,donlm101,browg102,,hartt102,,K23,f,f,8,2,strikeout,t,t,0,f,f,1,f,f,0,f,f,0,,f,f,,0,0,,0,,0,,0,0,2,0,23,,,,f,f,f,f,f,f,f,f,f,,mathc102,,f,f,f,f,f,,,,,0,3,0,0,2,0,0,0,0
PHA190510120,11,1,1,1,0,0,,2,0,davih101,r,davih101,r,mathc102,r,mathc102,r,bresr102,mcgad102,gilbb103,devla101,dahlb102,merts101,donlm101,browg102,,hartt102,,FC1.2X3(156);B-1,f,f,3,3,fielders choice,t,t,0,f,f,1,f,f,0,f,f,1,G,f,f,,0,0,,0,,0,,1,0,0,0,,,156,,f,f,f,f,f,f,f,f,f,,mathc102,,f,f,f,f,f,,,,,0,6,0,0,1,5,0,0,0
PHA190510120,12,1,1,2,0,0,,2,0,crosl101,r,crosl101,r,mathc102,r,mathc102,r,bresr102,mcgad102,gilbb103,devla101,dahlb102,merts101,donlm101,browg102,davih101,,,3/G,f,f,5,4,generic out,t,t,0,f,f,1,f,f,0,f,f,3,G,f,f,,0,0,,0,,0,,0,1,0,0,3,,,,f,f,f,f,f,f,f,f,f,mathc102,,,f,f,f,f,f,,,,,0,3,0,0,0,0,0,0,0
PHA190510120,13,0,2,0,0,0,,2,0,gilbb103,r,gilbb103,r,coaka101,r,coaka101,r,schro101,davih101,murpd106,crosl101,crosm101,hartt102,lordb101,seybs101,,,,53,t,f,4,8,generic out,t,t,0,f,f,1,f,f,0,f,f,5,G,f,f,,0,0,,0,,0,,0,0,0,0,53,,,,f,f,f,f,f,f,f,f,f,,,,f,f,f,f,f,,,,,0,3,0,0,5,0,0,0,0
PHA190510120,14,0,2,1,0,0,,2,0,mathc102,r,mathc102,r,coaka101,r,coaka101,r,schro101,davih101,murpd106,crosl101,crosm101,hartt102,lordb101,seybs101,,,,3/G,f,f,1,9,generic out,t,t,0,f,f,1,f,f,0,f,f,3,G,f,f,,0,0,,0,,0,,0,0,0,0,3,,,,f,f,f,f,f,f,f,f,f,,,,f,f,f,f,f,,,,,0,3,0,0,0,0,0,0,0
PHA190510120,15,0,2,2,0,0,,2,0,bresr102,r,bresr102,r,coaka101,r,coaka101,r,schro101,davih101,murpd106,crosl101,crosm101,hartt102,lordb101,seybs101,,,,5/L,f,f,2,1,generic out,t,t,0,f,f,1,f,f,0,f,f,5,l,f,f,,0,0,,0,,0,,0,0,0,0,5,,,,f,f,f,f,f,f,f,f,f,,,,f,f,f,f,f,,,,,0,5,0,0,0,0,0,0,0
PHA190510120,16,1,2,0,0,0,,2,0,seybs101,r,seybs101,r,mathc102,r,mathc102,r,bresr102,mcgad102,gilbb103,devla101,dahlb102,merts101,donlm101,browg102,,,,W,t,f,9,5,walk,t,f,0,f,f,0,f,f,0,f,f,0,,f,f,,0,0,,0,,0,,1,0,0,0,,,,,f,f,f,f,f,f,f,f,f,,,,f,f,f,f,f,,,,,0,0,0,0,0,0,0,0,0
PHA190510120,17,1,2,0,0,0,,2,0,murpd106,r,murpd106,r,mathc102,r,mathc102,r,bresr102,mcgad102,gilbb103,devla101,dahlb102,merts101,donlm101,browg102,seybs101,,,54(1)/FO,f,f,4,6,generic out,t,t,0,f,f,1,f,f,0,f,f,5,G,f,f,,0,0,,0,,0,,1,0,0,0,,54,,,f,f,f,f,f,f,f,f,f,mathc102,,,f,f,f,f,f,,,,,0,4,0,0,5,0,0,0,0
PHA190510120,18,1,2,1,0,0,,2,0,crosm101,r,crosm101,r,mathc102,r,mathc102,r,bresr102,mcgad102,gilbb103,devla101,dahlb102,merts101,donlm101,browg102,murpd106,,,CS2(26),f,f,6,7,caught stealing,f,f,0,f,f,1,f,f,0,f,f,0,,f,f,,0,0,,0,,0,,0,0,0,0,,26,,,f,f,f,t,f,f,f,f,f,mathc102,,,f,f,f,f,f,,,,,0,6,0,0,2,0,0,0,0
PHA190510120,19,1,2,2,0,0,,2,0,crosm101,r,crosm101,r,mathc102,r,mathc102,r,bresr102,mcgad102,gilbb103,devla101,dahlb102,merts101,donlm101,browg102,,,,K,f,f,6,7,strikeout,t,t,0,f,f,1,f,f,0,f,f,0,,f,f,,0,0,,0,,0,,0,0,0,0,2,,,,f,f,f,f,f,f,f,f,f,,,,f,f,f,f,f,,,,,0,2,0,0,0,0,0,0,0
PHA190510120,20,0,3,0,0,0,,2,0,browg102,l,browg102,l,coaka101,r,coaka101,r,schro101,davih101,murpd106,crosl101,crosm101,hartt102,lordb101,seybs101,,,,K,t,f,9,2,strikeout,t,t,0,f,f,1,f,f,0,f,f,0,,f,f,,0,0,,0,,0,,0,0,0,0,2,,,,f,f,f,f,f,f,f,f,f,,,,f,f,f,f,f,,,,,0,2,0,0,0,0,0,0,0
PHA190510120,21,0,3,1,0,0,,2,0,donlm101,l,donlm101,l,coaka101,r,coaka101,r,schro101,davih101,murpd106,crosl101,crosm101,hartt102,lordb101,seybs101,,,,63,f,f,8,3,generic out,t,t,0,f,f,1,f,f,0,f,f,6,G,f,f,,0,0,,0,,0,,0,0,0,0,63,,,,f,f,f,f,f,f,f,f,f,,,,f,f,f,f,f,,,,,0,3,0,0,6,0,0,0,0
PHA190510120,22,0,3,2,0,0,,2,0,mcgad102,l,mcgad102,l,coaka101,r,coaka101,r,schro101,davih101,murpd106,crosl101,crosm101,hartt102,lordb101,seybs101,,,,E7/F78.B-1,f,f,3,4,error,t,t,0,f,f,0,f,f,0,f,f,7,f,f,f,78,1,7,f,0,,0,,1,0,0,0,,,,,f,f,f,f,f,f,f,f,f,,,,f,f,f,f,f,,,,,0,0,0,0,0,0,0,0,0
PHA190510120,23,0,3,2,0,0,,2,0,merts101,r,merts101,r,coaka101,r,coaka101,r,schro101,davih101,murpd106,crosl101,crosm101,hartt102,lordb101,seybs101,mcgad102,,,6/P,f,f,7,5,generic out,t,t,0,f,f,1,f,f,0,f,f,6,P,f,f,,0,0,,0,,0,,0,1,0,0,6,,,,f,f,f,f,f,f,f,f,f,coaka101,,,f,f,f,f,f,,,,,0,6,0,0,0,0,0,0,0
PHA190510120,24,1,3,0,0,0,,2,0,schro101,r,schro101,r,mathc102,r,mathc102,r,bresr102,mcgad102,gilbb103,devla101,dahlb102,merts101,donlm101,browg102,,,,8,t,f,2,8,generic out,t,t,0,f,f,1,f,f,0,f,f,8,f,f,f,,0,0,,0,,0,,0,0,0,0,8,,,,f,f,f,f,f,f,f,f,f,,,,f,f,f,f,f,,,,,0,8,0,0,0,0,0,0,0
PHA190510120,25,1,3,1,0,2,,2,0,coaka101,l,coaka101,l,mathc102,r,mathc102,r,bresr102,mcgad102,gilbb103,devla101,dahlb102,merts101,donlm101,browg102,,,,K,f,f,1,9,strikeout,t,t,0,f,f,1,f,f,0,f,f,0,,f,f,,0,0,,0,,0,,0,0,0,0,2,,,,f,f,f,f,f,f,f,f,f,,,,f,f,f,f,f,,,,,0,2,0,0,0,0,0,0,0
PHA190510120,26,1,3,2,0,0,,2,0,hartt102,l,hartt102,l,mathc102,r,mathc102,r,bresr102,mcgad102,gilbb103,devla101,dahlb102,merts101,donlm101,browg102,,,,7,f,f,7,1,generic out,t,t,0,f,f,1,f,f,0,f,f,7,f,f,f,,0,0,,0,,0,,0,0,0,0,7,,,,f,f,f,f,f,f,f,f,f,,,,f,f,f,f,f,,,,,0,7,0,0,0,0,0,0,0
PHA190510120,27,0,4,0,0,0,,2,0,dahlb102,r,dahlb102,r,coaka101,r,coaka101,r,schro101,davih101,murpd106,crosl101,crosm101,hartt102,lordb101,seybs101,,,,7/F7D,t,f,6,6,generic out,t,t,0,f,f,1,f,f,0,f,f,7,f,f,f,7D,0,0,,0,,0,,0,0,0,0,7,,,,f,f,f,f,f,f,f,f,f,,,,f,f,f,f,f,,,,,0,7,0,0,0,0,0,0,0
PHA190510120,28,0,4,1,0,0,,2,0,devla101,r,devla101,r,coaka101,r,coaka101,r,schro101,davih101,murpd106,crosl101,crosm101,hartt102,lordb101,seybs101,,,,3/P,f,f,5,7,generic out,t,t,0,f,f,1,f,f,0,f,f,3,P,f,f,,0,0,,0,,0,,0,0,0,0,3,,,,f,f,f,f,f,f,f,f,f,,,,f,f,f,f,f,,,,,0,3,0,0,0,0,0,0,0
PHA190510120,29,0,4,2,0,0,,2,0,gilbb103,r,gilbb103,r,coaka101,r,coaka101,r,schro101,davih101,murpd106,crosl101,crosm101,hartt102,lordb101,seybs101,,,,13/G1,f,f,4,8,generic out,t,t,0,f,f,1,f,f,0,f,f,1,G,f,f,1,0,0,,0,,0,,0,0,0,0,13,,,,f,f,f,f,f,f,f,f,f,,,,f,f,f,f,f,,,,,0,3,0,0,1,0,0,0,0
PHA190510120,30,1,4,0,0,0,,2,0,lordb101,r,lordb101,r,mathc102,r,mathc102,r,bresr102,mcgad102,gilbb103,devla101,dahlb102,merts101,donlm101,browg102,,,,K,t,f,8,2,strikeout,t,t,0,f,f,1,f,f,0,f,f,0,,f,f,,0,0,,0,,0,,0,0,0,0,2,,,,f,f,f,f,f,f,f,f,f,,,,f,f,f,f,f,,,,,0,2,0,0,0,0,0,0,0
PHA190510120,31,1,4,1,0,0,,2,0,davih101,r,davih101,r,mathc102,r,mathc102,r,bresr102,mcgad102,gilbb103,devla101,dahlb102,merts101,donlm101,browg102,,,,13,f,f,3,3,generic out,t,t,0,f,f,1,f,f,0,f,f,1,G,f,f,,0,0,,0,,0,,0,0,0,0,13,,,,f,f,f,f,f,f,f,f,f,,,,f,f,f,f,f,,,,,0,3,0,0,1,0,0,0,0
PHA190510120,32,1,4,2,0,0,,2,0,crosl101,r,crosl101,r,mathc102,r,mathc102,r,bresr102,mcgad102,gilbb103,devla101,dahlb102,merts101,donlm101,browg102,,,,8,f,f,5,4,generic out,t,t,0,f,f,1,f,f,0,f,f,8,f,f,f,,0,0,,0,,0,,0,0,0,0,8,,,,f,f,f,f,f,f,f,f,f,,,,f,f,f,f,f,,,,,0,8,0,0,0,0,0,0,0
PHA190510120,33,0,5,0,0,0,,2,0,mathc102,r,mathc102,r,coaka101,r,coaka101,r,schro101,davih101,murpd106,crosl101,crosm101,hartt102,lordb101,seybs101,,,,63,t,f,1,9,generic out,t,t,0,f,f,1,f,f,0,f,f,6,G,f,f,,0,0,,0,,0,,0,0,0,0,63,,,,f,f,f,f,f,f,f,f,f,,,,f,f,f,f,f,,,,,0,3,0,0,6,0,0,0,0
PHA190510120,34,0,5,1,0,0,,2,0,bresr102,r,bresr102,r,coaka101,r,coaka101,r,schro101,davih101,murpd106,crosl101,crosm101,hartt102,lordb101,seybs101,,,,W,f,f,2,1,walk,t,f,0,f,f,0,f,f,0,f,f,0,,f,f,,0,0,,0,,0,,1,0,0,0,,,,,f,f,f,f,f,f,f,f,f,,,,f,f,f,f,f,,,,,0,0,0,0,0,0,0,0,0
PHA190510120,35,0,5,1,0,0,,2,0,browg102,l,browg102,l,coaka101,r,coaka101,r,schro101,davih101,murpd106,crosl101,crosm101,hartt102,lordb101,seybs101,bresr102,,,S9.1-3;B-2(TH3),f,f,9,2,single,t,t,1,f,f,0,f,f,0,f,f,9,,f,f,,0,0,,0,,0,,2,3,0,0,,,,,f,f,f,f,f,f,f,f,f,coaka101,,,f,f,f,f,f,,,,,0,0,0,0,0,0,0,0,0
PHA190510120,36,0,5,1,0,0,,2,0,donlm101,l,donlm101,l,coaka101,r,coaka101,r,schro101,davih101,murpd106,crosl101,crosm101,hartt102,lordb101,seybs101,,browg102,bresr102,IW,f,f,8,3,intentional walk,t,f,0,f,f,0,f,f,0,f,f,0,,f,f,,0,0,,0,,0,,1,0,2,3,,,,,f,f,f,f,f,f,f,f,f,,coaka101,coaka101,f,f,f,f,f,,,,,0,0,0,0,0,0,0,0,0
PHA190510120,37,0,5,1,0,0,,2,0,mcgad102,l,mcgad102,l,coaka101,r,coaka101,r,schro101,davih101,murpd106,crosl101,crosm101,hartt102,lordb101,seybs101,donlm101,browg102,bresr102,E4/G.3-H(RBI);2-3;1-2;B-1,f,f,3,4,error,t,t,0,f,f,0,f,f,1,f,f,4,G,f,f,,1,4,f,0,,0,,1,2,3,4,,,,,f,f,f,f,f,f,f,f,f,coaka101,coaka101,coaka101,f,f,f,f,f,,,,,0,0,0,0,0,0,0,0,0
PHA190510120,38,0,5,1,0,0,,3,0,merts101,r,merts101,r,coaka101,r,coaka101,r,schro101,davih101,murpd106,crosl101,crosm101,hartt102,lordb101,seybs101,mcgad102,donlm101,browg102,S9/9D.3-H;2-3;1-2,f,f,7,5,single,t,t,1,f,f,0,f,f,1,f,f,9,,f,f,9D,0,0,,0,,0,,1,2,3,4,,,,,f,f,f,f,f,f,f,f,f,coaka101,coaka101,coaka101,f,f,f,f,f,,,,,0,0,0,0,0,0,0,0,0
PHA190510120,39,0,5,1,0,0,,4,0,dahlb102,r,dahlb102,r,coaka101,r,coaka101,r,schro101,davih101,murpd106,crosl101,crosm101,hartt102,lordb101,seybs101,merts101,mcgad102,donlm101,4(1)/FO.3-H(UR);2-3,f,f,6,6,generic out,t,t,0,f,f,1,f,f,1,f,f,4,G,f,f,,0,0,,0,,0,,1,0,3,5,,4,,,f,f,f,f,f,f,f,f,f,coaka101,coaka101,coaka101,f,f,f,f,f,,,,,0,4,0,0,0,0,0,0,0
PHA190510120,40,0,5,2,0,0,,5,0,devla101,r,devla101,r,coaka101,r,coaka101,r,schro101,davih101,murpd106,crosl101,crosm101,hartt102,lordb101,seybs101,dahlb102,,mcgad102,SB2,f,f,5,7,stolen base,f,f,0,f,f,0,f,f,0,f,f,0,,f,f,,0,0,,0,,0,,0,2,0,3,,,,,t,f,f,f,f,f,f,f,f,coaka101,,coaka101,f,f,f,f,f,,,,,0,0,0,0,0,0,0,0,0
PHA190510120,41,0,5,2,0,0,,5,0,devla101,r,devla101,r,coaka101,r,coaka101,r,schro101,davih101,murpd106,crosl101,crosm101,hartt102,lordb101,seybs101,,dahlb102,mcgad102,S6/L.3-H(UR);2-3,f,f,5,7,single,t,t,1,f,f,0,f,f,1,f,f,6,l,f,f,,0,0,,0,,0,,1,0,3,5,,,,,f,f,f,f,f,f,f,f,f,,coaka101,coaka101,f,f,f,f,f,,,,,0,0,0,0,0,0,0,0,0
PHA190510120,42,0,5,2,0,0,,6,0,gilbb103,r,gilbb103,r,coaka101,r,coaka101,r,schro101,davih101,murpd106,crosl101,crosm101,hartt102,lordb101,seybs101,devla101,,dahlb102,SBH(UR);SB2,f,f,4,8,stolen base,f,f,0,f,f,0,f,f,0,f,f,0,,f,f,,0,0,,0,,0,,0,2,0,5,,,,,t,f,t,f,f,f,f,f,f,coaka101,,coaka101,f,f,f,f,f,,,,,0,0,0,0,0,0,0,0,0
PHA190510120,43,0,5,2,0,0,,7,0,gilbb103,r,gilbb103,r,coaka101,r,coaka101,r,schro101,davih101,murpd106,crosl101,crosm101,hartt102,lordb101,seybs101,,devla101,,8,f,f,4,8,generic out,t,t,0,f,f,1,f,f,0,f,f,8,f,f,f,,0,0,,0,,0,,0,0,2,0,8,,,,f,f,f,f,f,f,f,f,f,,coaka101,,f,f,f,f,f,,,,,0,8,0,0,0,0,0,0,0
PHA190510120,44,1,5,0,0,0,,7,0,seybs101,r,seybs101,r,mathc102,r,mathc102,r,bresr102,mcgad102,gilbb103,devla101,dahlb102,merts101,donlm101,browg102,,,,8,t,f,9,5,generic out,t,t,0,f,f,1,f,f,0,f,f,8,f,f,f,,0,0,,0,,0,,0,0,0,0,8,,,,f,f,f,f,f,f,f,f,f,,,,f,f,f,f,f,,,,,0,8,0,0,0,0,0,0,0
PHA190510120,45,1,5,1,0,0,,7,0,murpd106,r,murpd106,r,mathc102,r,mathc102,r,bresr102,mcgad102,gilbb103,devla101,dahlb102,merts101,donlm101,browg102,,,,53,f,f,4,6,generic out,t,t,0,f,f,1,f,f,0,f,f,5,G,f,f,,0,0,,0,,0,,0,0,0,0,53,,,,f,f,f,f,f,f,f,f,f,,,,f,f,f,f,f,,,,,0,3,0,0,5,0,0,0,0
PHA190510120,46,1,5,2,0,0,,7,0,crosm101,r,crosm101,r,mathc102,r,mathc102,r,bresr102,mcgad102,gilbb103,devla101,dahlb102,merts101,donlm101,browg102,,,,S7/L,f,f,6,7,single,t,t,1,f,f,0,f,f,0,f,f,7,l,f,f,,0,0,,0,,0,,1,0,0,0,,,,,f,f,f,f,f,f,f,f,f,,,,f,f,f,f,f,,,,,0,0,0,0,0,0,0,0,0
PHA190510120,47,1,5,2,0,0,,7,0,schro101,r,schro101,r,mathc102,r,mathc102,r,bresr102,mcgad102,gilbb103,devla101,dahlb102,merts101,donlm101,browg102,crosm101,,,8,f,f,2,8,generic out,t,t,0,f,f,1,f,f,0,f,f,8,f,f,f,,0,0,,0,,0,,0,1,0,0,8,,,,f,f,f,f,f,f,f,f,f,mathc102,,,f,f,f,f,f,,,,,0,8,0,0,0,0,0,0,0
PHA190510120,48,0,6,0,0,0,,7,0,mathc102,r,mathc102,r,coaka101,r,coaka101,r,powem102,davih101,murpd106,crosl101,crosm101,hartt102,lordb101,seybs101,,,,S8,t,f,1,9,single,t,t,1,f,f,0,f,f,0,f,f,8,,f,f,,0,0,,0,,0,,1,0,0,0,,,,,f,f,f,f,f,f,f,f,f,,,,f,f,f,f,f,,,,,0,0,0,0,0,0,0,0,0
PHA190510120,49,0,6,0,0,0,,7,0,bresr102,r,bresr102,r,coaka101,r,coaka101,r,powem102,davih101,murpd106,crosl101,crosm101,hartt102,lordb101,seybs101,mathc102,,,2/FL,f,f,2,1,generic out,t,t,0,f,f,1,f,f,0,f,f,2,f,f,t,,0,0,,0,,0,,0,1,0,0,2,,,,f,f,f,f,f,f,f,f,f,coaka101,,,f,f,f,f,f,,,,,0,2,0,0,0,0,0,0,0
PHA190510120,50,0,6,1,0,0,,7,0,browg102,l,browg102,l,coaka101,r,coaka101,r,powem102,davih101,murpd106,crosl101,crosm101,hartt102,lordb101,seybs101,mathc102,,,9/F/DP.1X1(93),f,f,9,2,generic out,t,t,0,f,f,2,t,f,0,f,f,9,f,f,f,,0,0,,0,,0,,0,0,0,0,9,93,,,f,f,f,f,f,f,f,f,f,coaka101,,,f,f,f,f,f,,,,,0,9,3,0,9,0,0,0,0
PHA190510120,51,1,6,0,0,0,,7,0,coaka101,l,coaka101,l,mathc102,r,mathc102,r,bresr102,mcgad102,gilbb103,devla101,dahlb102,merts101,donlm101,browg102,,,,23,t,f,1,9,generic out,t,t,0,f,f,1,f,f,0,f,f,2,G,f,f,,0,0,,0,,0,,0,0,0,0,23,,,,f,f,f,f,f,f,f,f,f,,,,f,f,f,f,f,,,,,0,3,0,0,2,0,0,0,0
PHA190510120,52,1,6,1,0,0,,7,0,hartt102,l,hartt102,l,mathc102,r,mathc102,r,bresr102,mcgad102,gilbb103,devla101,dahlb102,merts101,donlm101,browg102,,,,K,f,f,7,1,strikeout,t,t,0,f,f,1,f,f,0,f,f,0,,f,f,,0,0,,0,,0,,0,0,0,0,2,,,,f,f,f,f,f,f,f,f,f,,,,f,f,f,f,f,,,,,0,2,0,0,0,0,0,0,0
PHA190510120,53,1,6,2,0,0,,7,0,lordb101,r,lordb101,r,mathc102,r,mathc102,r,bresr102,mcgad102,gilbb103,devla101,dahlb102,merts101,donlm101,browg102,,,,53,f,f,8,2,generic out,t,t,0,f,f,1,f,f,0,f,f,5,G,f,f,,0,0,,0,,0,,0,0,0,0,53,,,,f,f,f,f,f,f,f,f,f,,,,f,f,f,f,f,,,,,0,3,0,0,5,0,0,0,0
PHA190510120,54,0,7,0,0,0,,7,0,donlm101,l,donlm101,l,coaka101,r,coaka101,r,powem102,davih101,murpd106,crosl101,crosm101,hartt102,lordb101,seybs101,,,,43,t,f,8,3,generic out,t,t,0,f,f,1,f,f,0,f,f,4,G,f,f,,0,0,,0,,0,,0,0,0,0,43,,,,f,f,f,f,f,f,f,f,f,,,,f,f,f,f,f,,,,,0,3,0,0,4,0,0,0,0
PHA190510120,55,0,7,1,0,0,,7,0,mcgad102,l,mcgad102,l,coaka101,r,coaka101,r,powem102,davih101,murpd106,crosl101,crosm101,hartt102,lordb101,seybs101,,,,S5/G,f,f,3,4,single,t,t,1,f,f,0,f,f,0,f,f,5,G,f,f,,0,0,,0,,0,,1,0,0,0,,,,,f,f,f,f,f,f,f,f,f,,,,f,f,f,f,f,,,,,0,0,0,0,0,0,0,0,0
PHA190510120,56,0,7,1,0,0,,7,0,merts101,r,merts101,r,coaka101,r,coaka101,r,powem102,davih101,murpd106,crosl101,crosm101,hartt102,lordb101,seybs101,mcgad102,,,CS2(26),f,f,7,5,caught stealing,f,f,0,f,f,1,f,f,0,f,f,0,,f,f,,0,0,,0,,0,,0,0,0,0,,26,,,f,f,f,t,f,f,f,f,f,coaka101,,,f,f,f,f,f,,,,,0,6,0,0,2,0,0,0,0
PHA190510120,57,0,7,2,0,0,,7,0,merts101,r,merts101,r,coaka101,r,coaka101,r,powem102,davih101,murpd106,crosl101,crosm101,hartt102,lordb101,seybs101,,,,W,f,f,7,5,walk,t,f,0,f,f,0,f,f,0,f,f,0,,f,f,,0,0,,0,,0,,1,0,0,0,,,,,f,f,f,f,f,f,f,f,f,,,,f,f,f,f,f,,,,,0,0,0,0,0,0,0,0,0
PHA190510120,58,0,7,2,0,0,,7,0,dahlb102,r,dahlb102,r,coaka101,r,coaka101,r,powem102,davih101,murpd106,crosl101,crosm101,hartt102,lordb101,seybs101,merts101,,,CS2(24),f,f,6,6,caught stealing,f,f,0,f,f,1,f,f,0,f,f,0,,f,f,,0,0,,0,,0,,0,0,0,0,,24,,,f,f,f,t,f,f,f,f,f,coaka101,,,f,f,f,f,f,,,,,0,4,0,0,2,0,0,0,0
PHA190510120,59,1,7,0,0,0,,7,0,davih101,r,davih101,r,mathc102,r,mathc102,r,bresr102,mcgad102,gilbb103,devla101,dahlb102,merts101,donlm101,browg102,,,,S7,t,f,3,3,single,t,t,1,f,f,0,f,f,0,f,f,7,,f,f,,0,0,,0,,0,,1,0,0,0,,,,,f,f,f,f,f,f,f,f,f,,,,f,f,f,f,f,,,,,0,0,0,0,0,0,0,0,0
PHA190510120,60,1,7,0,0,0,,7,0,crosl101,r,crosl101,r,mathc102,r,mathc102,r,bresr102,mcgad102,gilbb103,devla101,dahlb102,merts101,donlm101,browg102,davih101,,,2(B)6(1)/FL/DP,f,f,5,4,generic out,t,t,0,f,f,2,t,f,0,f,f,2,f,f,t,,0,0,,0,,0,,0,0,0,0,2,26,,,f,f,f,f,f,f,f,f,f,mathc102,,,f,f,f,f,f,,,,,0,2,6,0,2,0,0,0,0
PHA190510120,61,1,7,2,0,0,,7,0,seybs101,r,seybs101,r,mathc102,r,mathc102,r,bresr102,mcgad102,gilbb103,devla101,dahlb102,merts101,donlm101,browg102,,,,S8,f,f,9,5,single,t,t,1,f,f,0,f,f,0,f,f,8,,f,f,,0,0,,0,,0,,1,0,0,0,,,,,f,f,f,f,f,f,f,f,f,,,,f,f,f,f,f,,,,,0,0,0,0,0,0,0,0,0
PHA190510120,62,1,7,2,0,0,,7,0,murpd106,r,murpd106,r,mathc102,r,mathc102,r,bresr102,mcgad102,gilbb103,devla101,dahlb102,merts101,donlm101,browg102,seybs101,,,3/G,f,f,4,6,generic out,t,t,0,f,f,1,f,f,0,f,f,3,G,f,f,,0,0,,0,,0,,0,1,0,0,3,,,,f,f,f,f,f,f,f,f,f,mathc102,,,f,f,f,f,f,,,,,0,3,0,0,0,0,0,0,0
PHA190510120,63,0,8,0,0,0,,7,0,dahlb102,r,dahlb102,r,coaka101,r,coaka101,r,powem102,davih101,murpd106,crosl101,crosm101,hartt102,lordb101,seybs101,,,,8,t,f,6,6,generic out,t,t,0,f,f,1,f,f,0,f,f,8,f,f,f,,0,0,,0,,0,,0,0,0,0,8,,,,f,f,f,f,f,f,f,f,f,,,,f,f,f,f,f,,,,,0,8,0,0,0,0,0,0,0
PHA190510120,64,0,8,1,0,0,,7,0,devla101,r,devla101,r,coaka101,r,coaka101,r,powem102,davih101,murpd106,crosl101,crosm101,hartt102,lordb101,seybs101,,,,6/P,f,f,5,7,generic out,t,t,0,f,f,1,f,f,0,f,f,6,P,f,f,,0,0,,0,,0,,0,0,0,0,6,,,,f,f,f,f,f,f,f,f,f,,,,f,f,f,f,f,,,,,0,6,0,0,0,0,0,0,0
PHA190510120,65,0,8,2,0,0,,7,0,gilbb103,r,gilbb103,r,coaka101,r,coaka101,r,powem102,davih101,murpd106,crosl101,crosm101,hartt102,lordb101,seybs101,,,,K,f,f,4,8,strikeout,t,t,0,f,f,1,f,f,0,f,f,0,,f,f,,0,0,,0,,0,,0,0,0,0,2,,,,f,f,f,f,f,f,f,f,f,,,,f,f,f,f,f,,,,,0,2,0,0,0,0,0,0,0
PHA190510120,66,1,8,0,0,0,,7,0,crosm101,r,crosm101,r,mathc102,r,mathc102,r,bresr102,mcgad102,gilbb103,devla101,dahlb102,merts101,donlm101,browg102,,,,K,t,f,6,7,strikeout,t,t,0,f,f,1,f,f,0,f,f,0,,f,f,,0,0,,0,,0,,0,0,0,0,2,,,,f,f,f,f,f,f,f,f,f,,,,f,f,f,f,f,,,,,0,2,0,0,0,0,0,0,0
PHA190510120,67,1,8,1,0,0,,7,0,powem102,r,powem102,r,mathc102,r,mathc102,r,bresr102,mcgad102,gilbb103,devla101,dahlb102,merts101,donlm101,browg102,,,,53,f,f,2,8,generic out,t,t,0,f,f,1,f,f,0,f,f,5,G,f,f,,0,0,,0,,0,,0,0,0,0,53,,,,f,f,f,f,f,f,f,f,f,,,,f,f,f,f,f,,,,,0,3,0,0,5,0,0,0,0
PHA190510120,68,1,8,2,0,0,,7,0,coaka101,l,coaka101,l,mathc102,r,mathc102,r,bresr102,mcgad102,gilbb103,devla101,dahlb102,merts101,donlm101,browg102,,,,HP,f,f,1,9,hit by pitch,t,f,0,f,f,0,f,f,0,f,f,0,,f,f,,0,0,,0,,0,,1,0,0,0,,,,,f,f,f,f,f,f,f,f,f,,,,f,f,f,f,f,,,,,0,0,0,0,0,0,0,0,0
PHA190510120,69,1,8,2,0,0,,7,0,hartt102,l,hartt102,l,mathc102,r,mathc102,r,bresr102,mcgad102,gilbb103,devla101,dahlb102,merts101,donlm101,browg102,coaka101,,,31/G3,f,f,7,1,generic out,t,t,0,f,f,1,f,f,0,f,f,3,G,f,f,3,0,0,,0,,0,,0,1,0,0,31,,,,f,f,f,f,f,f,f,f,f,mathc102,,,f,f,f,f,f,,,,,0,1,0,0,3,0,0,0,0
PHA190510120,70,0,9,0,0,0,,7,0,mathc102,r,mathc102,r,coaka101,r,coaka101,r,powem102,davih101,murpd106,crosl101,crosm101,hartt102,lordb101,seybs101,,,,43,t,f,1,9,generic out,t,t,0,f,f,1,f,f,0,f,f,4,G,f,f,,0,0,,0,,0,,0,0,0,0,43,,,,f,f,f,f,f,f,f,f,f,,,,f,f,f,f,f,,,,,0,3,0,0,4,0,0,0,0
PHA190510120,71,0,9,1,0,0,,7,0,bresr102,r,bresr102,r,coaka101,r,coaka101,r,powem102,davih101,murpd106,crosl101,crosm101,hartt102,lordb101,seybs101,,,,7,f,f,2,1,generic out,t,t,0,f,f,1,f,f,0,f,f,7,f,f,f,,0,0,,0,,0,,0,0,0,0,7,,,,f,f,f,f,f,f,f,f,f,,,,f,f,f,f,f,,,,,0,7,0,0,0,0,0,0,0
PHA190510120,72,0,9,2,0,0,,7,0,browg102,l,browg102,l,coaka101,r,coaka101,r,powem102,davih101,murpd106,crosl101,crosm101,hartt102,lordb101,seybs101,,,,S9,f,f,9,2,single,t,t,1,f,f,0,f,f,0,f,f,9,,f,f,,0,0,,0,,0,,1,0,0,0,,,,,f,f,f,f,f,f,f,f,f,,,,f,f,f,f,f,,,,,0,0,0,0,0,0,0,0,0
PHA190510120,73,0,9,2,0,0,,7,0,donlm101,l,donlm101,l,coaka101,r,coaka101,r,powem102,davih101,murpd106,crosl101,crosm101,hartt102,lordb101,seybs101,browg102,,,SB2,f,f,8,3,stolen base,f,f,0,f,f,0,f,f,0,f,f,0,,f,f,,0,0,,0,,0,,0,2,0,0,,,,,t,f,f,f,f,f,f,f,f,coaka101,,,f,f,f,f,f,,,,,0,0,0,0,0,0,0,0,0
PHA190510120,74,0,9,2,0,0,,7,0,donlm101,l,donlm101,l,coaka101,r,coaka101,r,powem102,davih101,murpd106,crosl101,crosm101,hartt102,lordb101,seybs101,,browg102,,W,f,f,8,3,walk,t,f,0,f,f,0,f,f,0,f,f,0,,f,f,,0,0,,0,,0,,1,0,2,0,,,,,f,f,f,f,f,f,f,f,f,,coaka101,,f,f,f,f,f,,,,,0,0,0,0,0,0,0,0,0
PHA190510120,75,0,9,2,0,0,,7,0,mcgad102,l,mcgad102,l,coaka101,r,coaka101,r,powem102,davih101,murpd106,crosl101,crosm101,hartt102,lordb101,seybs101,donlm101,browg102,,SB3.1-2(E4),f,f,3,4,stolen base,f,f,0,f,f,0,f,f,0,f,f,0,,f,f,,1,4,D,0,,0,,0,2,3,0,,,,,f,t,f,f,f,f,f,f,f,coaka101,coaka101,,f,f,f,f,f,,,,,0,0,0,0,0,0,0,0,0
PHA190510120,76,0,9,2,0,0,,7,0,mcgad102,l,mcgad102,l,coaka101,r,coaka101,r,powem102,davih101,murpd106,crosl101,crosm101,hartt102,lordb101,seybs101,,donlm101,browg102,D8.3-H(UR);2-H(UR),f,f,3,4,double,t,t,2,f,f,0,f,f,2,f,f,8,,f,f,,0,0,,0,,0,,2,0,5,5,,,,,f,f,f,f,f,f,f,f,f,,coaka101,coaka101,f,f,f,f,f,,,,,0,0,0,0,0,0,0,0,0
PHA190510120,77,0,9,2,0,0,,9,0,merts101,r,merts101,r,coaka101,r,coaka101,r,powem102,davih101,murpd106,crosl101,crosm101,hartt102,lordb101,seybs101,,mcgad102,,PO2(26),f,f,7,5,pickoff,f,f,0,f,f,1,f,f,0,f,f,0,,f,f,,0,0,,0,,0,,0,0,0,0,,,26,,f,f,f,f,f,f,f,t,f,,coaka101,,f,f,f,f,f,,,,,0,6,0,0,2,0,0,0,0
PHA190510120,78,1,9,0,0,0,,9,0,lordb101,r,lordb101,r,mathc102,r,mathc102,r,bresr102,mcgad102,gilbb103,devla101,dahlb102,merts101,donlm101,browg102,,,,K,t,f,8,2,strikeout,t,t,0,f,f,1,f,f,0,f,f,0,,f,f,,0,0,,0,,0,,0,0,0,0,2,,,,f,f,f,f,f,f,f,f,f,,,,f,f,f,f,f,,,,,0,2,0,0,0,0,0,0,0
PHA190510120,79,1,9,1,0,0,,9,0,davih101,r,davih101,r,mathc102,r,mathc102,r,bresr102,mcgad102,gilbb103,devla101,dahlb102,merts101,donlm101,browg102,,,,53,f,f,3,3,generic out,t,t,0,f,f,1,f,f,0,f,f,5,G,f,f,,0,0,,0,,0,,0,0,0,0,53,,,,f,f,f,f,f,f,f,f,f,,,,f,f,f,f,f,,,,,0,3,0,0,5,0,0,0,0
PHA190510120,80,1,9,2,0,0,,9,0,crosl101,r,crosl101,r,mathc102,r,mathc102,r,bresr102,mcgad102,gilbb103,devla101,dahlb102,merts101,donlm101,browg102,,,,S7,f,f,5,4,single,t,t,1,f,f,0,f,f,0,f,f,7,,f,f,,0,0,,0,,0,,1,0,0,0,,,,,f,f,f,f,f,f,f,f,f,,,,f,f,f,f,f,,,,,0,0,0,0,0,0,0,0,0
PHA190510120,81,1,9,2,0,0,,9,0,seybs101,r,seybs101,r,mathc102,r,mathc102,r,bresr102,mcgad102,gilbb103,devla101,dahlb102,merts101,donlm101,browg102,crosl101,,,K,f,f,9,5,strikeout,t,t,0,f,f,1,f,f,0,f,f,0,,f,f,,0,0,,0,,0,,0,1,0,0,2,,,,f,f,f,f,f,f,f,f,f,mathc102,,,f,t,f,f,f,,,,,0,2,0,0,0,0,0,0,0
